:020000022000DC
:10700000002601207D210500B75F060069210500EB
:1070100069210500692105006921050000000000C3
:10702000000000000000000000000000192305001F
:107030006921050000000000852205006921050086
:10704000ED250500417E0500ED250500ED25050037
:10705000ED250500ED250500ED250500ED250500D4
:10706000ED250500ED25050049BA0500ED250500D3
:10707000ED250500ED250500ED250500ED250500B4
:10708000ED250500ED250500ED250500ED250500A4
:10709000A57E0500ED250500ED250500ED25050083
:1070A000ED250500ED250500ED250500ED25050084
:1070B000ED250500ED250500ED250500ED25050074
:1070C000ED250500ED250500ED250500ED25050064
:1070D000ED250500ED250500ED250500ED25050054
:1070E000ED250500ED250500ED250500ED25050044
:1070F000ED250500ED250500ED250500ED25050034
:1071000001F0FF01102A2BDB10F0070F08D010F858
:10711000013B013A8B422DD010F0070F42B3F6D15C
:10712000F0B441EA012141EA014122F007047FF075
:1071300000070023F0E80256083C85EA010586EACC
:10714000010685FA47F5A3FA87F586FA47F6A5FA08
:1071500087F68EB9EED1F0BC01F0FF0102F0070214
:1071600032B110F8013B013A83EA010313B1F8D1BF
:107170000020704701387047002D06BF35460338A0
:10718000073815F0010F07D1013015F4807F02BFD9
:10719000013015F4C03F0130F0BC0138704700BF2A
:1071A000014B1B685B68184700050020014B1B68FA
:1071B0009B68184700050020014B1B681B69184796
:1071C00000050020014B1B685B6918470005002083
:1071D000014B1B689B69184700050020014B1B6889
:1071E000DB69184700050020014B1B681B6A184724
:1071F00000050020014B1B689B6A18470005002012
:1072000030B4044C9DF8085024680295E468A44604
:1072100030BC60470005002030B50246114890F9A7
:107220001C3093421ADD90F92430934218DAD31AB5
:10723000856A0D4CE85C235693420ED00E3400292B
:107240000CBF0346431CA542D8B206D129B1013A6E
:10725000D2B2012A01D80130C0B230BD0D20FCE706
:107260000020FAE7C80F00200C83060008B5054B84
:1072700093F91C30984203DAFFF7CEFF024B1B56FE
:10728000184608BDC80F00200C83060010B51C4C22
:1072900094F82C3073B9012384F82C3000F09EF858
:1072A00048B1184BA362D823236284F82430082302
:1072B000A361237710BD00F0A7F80028F1D100F0FA
:1072C000ADF80028EDD100F06BF838B10E4BA36299
:1072D000D823236284F824300423E9E700F06AF815
:1072E0000028F3D100F070F80028EFD100F080F80A
:1072F0000028EBD140F2BF11742000F019F800BF54
:10730000C80F0020478306001A830600BFF34F8F83
:107310000549064BCA6802F4E0621343CB60BFF331
:107320004F8F00BFFDE700BF00ED00E00400FA054D
:107330001FB572B6134B5D688DB9FFF7E7FFB2FB5F
:10734000F6F2DCB20133002AF9D104F110036B44E8
:1073500003F80C2C0A2234B901A8A847EDE702462D
:1073600000230A26EDE7631E04AEDCB256FA83F36F
:10737000B0FBF2F602FB1600303003F80C0C30467E
:10738000E9E700BF681400204FF08052034BD2F8A9
:1073900030111960D2F834215A607047A4140020CB
:1073A000034B1868A0F10F0358425841704700BFC3
:1073B000A4140020034B1868A0F10A035842584156
:1073C000704700BFA4140020034B1868A0F10E03FF
:1073D00058425841704700BFA4140020034B18685E
:1073E000A0F1100358425841704700BFA414002078
:1073F000044B1868062803D0431C58425841704774
:1074000001207047A4140020034B1868A0F10D035D
:1074100058425841704700BFA4140020034B18681D
:10742000A0F1080358425841704700BFA41400203F
:1074300081F0004102E000BF83F0004330B54FEA25
:1074400041044FEA430594EA050F08BF90EA020F92
:107450001FBF54EA000C55EA020C7FEA645C7FEA25
:10746000655C00F0E2804FEA5454D4EB5555B8BF48
:107470006D420CDD2C4480EA020281EA030382EAB9
:10748000000083EA010180EA020281EA0303362D4B
:1074900088BF30BD11F0004F4FEA01314FF4801C1E
:1074A0004CEA113102D0404261EB410113F0004F30
:1074B0004FEA03334CEA133302D0524263EB4303E7
:1074C00094EA050F00F0A780A4F10104D5F1200E85
:1074D0000DDB02FA0EFC22FA05F2801841F10001E0
:1074E00003FA0EF2801843FA05F359410EE0A5F1B4
:1074F00020050EF1200E012A03FA0EFC28BF4CF0E5
:10750000020C43FA05F3C01851EBE37101F000459A
:1075100007D54FF0000EDCF1000C7EEB00006EEBA7
:107520000101B1F5801F1BD3B1F5001F0CD3490831
:107530005FEA30004FEA3C0C04F101044FEA445288
:1075400012F5800F80F09A80BCF1004F08BF5FEA0F
:10755000500C50F1000041EB045141EA050130BDEF
:107560005FEA4C0C404141EB0101013C28BFB1F501
:10757000801FE9D291F0000F04BF01460020B1FA4C
:1075800081F308BF2033A3F10B03B3F120020CDA1F
:107590000C3208DD02F1140CC2F10C0201FA0CF0FD
:1075A00021FA02F10CE002F11402D8BFC2F1200C62
:1075B00001FA02F120FA0CFCDCBF41EA0C01904018
:1075C000E41AA2BF01EB0451294330BD6FEA040461
:1075D0001F3C1CDA0C340EDC04F11404C4F120024C
:1075E00020FA04F001FA02F340EA030021FA04F35E
:1075F00045EA030130BDC4F10C04C4F1200220FAB5
:1076000002F001FA04F340EA0300294630BD21FAF2
:1076100004F0294630BD94F0000F83F4801306BFB8
:1076200081F480110134013D4EE77FEA645C18BFAC
:107630007FEA655C29D094EA050F08BF90EA020F43
:1076400005D054EA000C04BF1946104630BD91EA3B
:10765000030F1EBF0021002030BD5FEA545C05D13E
:107660004000494128BF41F0004130BD14F580047D
:107670003CBF01F5801130BD01F0004545F0FE41F1
:1076800041F470014FF0000030BD7FEA645C1ABF26
:10769000194610467FEA655C1CBF0B46024650EA5D
:1076A000013406BF52EA033591EA030F41F4002189
:1076B00030BD00BF90F0000F04BF0021704730B50F
:1076C0004FF4806404F132044FF000054FF00001E4
:1076D00050E700BF90F0000F04BF0021704730B5A5
:1076E0004FF4806404F1320410F0004548BF40427A
:1076F0004FF000013EE700BF42004FEAE2014FEACF
:1077000031014FEA02701FBF12F07F4393F07F4FA9
:1077100081F06051704732F07F4208BF704793F0AC
:107720007F4F04BF41F40021704730B54FF46074BF
:1077300001F0004521F000411CE700BF50EA0102C2
:1077400008BF704730B54FF000050AE050EA01026B
:1077500008BF704730B511F0004502D5404261EBDB
:1077600041014FF4806404F132045FEA915C3FF41C
:10777000D8AE4FF003025FEADC0C18BF03325FEAB9
:10778000DC0C18BF033202EBDC02C2F1200300FA6A
:1077900003FC20FA02F001FA03FE40EA0E0021FA8F
:1077A00002F11444BDE600BF70B54FF0FF0C4CF47D
:1077B000E06C1CEA11541DBF1CEA135594EA0C0F2F
:1077C00095EA0C0F00F0DEF82C4481EA030621EA6A
:1077D0004C5123EA4C5350EA013518BF52EA0335A5
:1077E00041F4801143F4801338D0A0FB02CE4FF057
:1077F0000005E1FB02E506F00042E0FB03E54FF087
:107800000006E1FB03569CF0000F18BF4EF0010E7E
:10781000A4F1FF04B6F5007F64F5407404D25FEA7A
:107820004E0E6D4146EB060642EAC62141EA55512D
:107830004FEAC52040EA5E504FEACE2EB4F1FD0C6F
:1078400088BFBCF5E06F1ED8BEF1004F08BF5FEAED
:10785000500E50F1000041EB045170BD06F000469F
:1078600046EA010140EA020081EA0301B4EB5C044C
:10787000C2BFD4EB0C0541EA045170BD41F4801144
:107880004FF0000E013C00F3AB8014F1360FDEBF69
:10789000002001F0004170BDC4F10004203C35DA45
:1078A0000C341BDC04F11404C4F1200500FA05F3C8
:1078B00020FA04F001FA05F240EA020001F0004269
:1078C00021F0004110EBD37021FA04F642EB0601DF
:1078D0005EEA430E08BF20EAD37070BDC4F10C0409
:1078E000C4F1200500FA04F320FA05F001FA04F2CD
:1078F00040EA020001F0004110EBD37041F10001B9
:107900005EEA430E08BF20EAD37070BDC4F12005C3
:1079100000FA05F24EEA020E20FA04F301FA05F22B
:1079200043EA020321FA04F001F0004121FA04F2D3
:1079300020EA020000EBD3705EEA430E08BF20EAA3
:10794000D37070BD94F0000F0FD101F000464000DD
:1079500041EB010111F4801F08BF013CF7D041EA5F
:10796000060195F0000F18BF704703F00046520063
:1079700043EB030313F4801F08BF013DF7D043EA34
:107980000603704794EA0C0F0CEA135518BF95EAEA
:107990000C0F0CD050EA410618BF52EA4306D1D171
:1079A00081EA030101F000414FF0000070BD50EA90
:1079B000410606BF1046194652EA430619D094EA1A
:1079C0000C0F02D150EA013613D195EA0C0F05D104
:1079D00052EA03361CBF104619460AD181EA030158
:1079E00001F0004141F0FE4141F470014FF0000010
:1079F00070BD41F0FE4141F4780170BD70B54FF0AB
:107A0000FF0C4CF4E06C1CEA11541DBF1CEA13552A
:107A100094EA0C0F95EA0C0F00F0A7F8A4EB05040C
:107A200081EA030E52EA03354FEA013100F0888003
:107A30004FEA03334FF0805545EA131343EA1263CC
:107A40004FEA022245EA111545EA10654FEA002681
:107A50000EF000419D4208BF964244F1FD0404F53A
:107A6000407402D25B084FEA3202B61A65EB030596
:107A70005B084FEA32024FF480104FF4002CB6EB53
:107A8000020E75EB030E22BFB61A754640EA0C00D3
:107A90005B084FEA3202B6EB020E75EB030E22BF13
:107AA000B61A754640EA5C005B084FEA3202B6EB54
:107AB000020E75EB030E22BFB61A754640EA9C0013
:107AC0005B084FEA3202B6EB020E75EB030E22BFE3
:107AD000B61A754640EADC0055EA060E18D04FEAA1
:107AE000051545EA16754FEA06164FEAC30343EA41
:107AF00052734FEAC2025FEA1C1CC0D111F4801F0E
:107B00000BD141EA00014FF000004FF0004CB6E706
:107B100011F4801F04BF01430020B4F1FD0C88BFA5
:107B2000BCF5E06F3FF6AFAEB5EB030C04BFB6EBB0
:107B3000020C5FEA500C50F1000041EB045170BDA3
:107B40000EF0004E4EEA113114EB5C04C2BFD4EBD0
:107B50000C0541EA045170BD41F480114FF0000E54
:107B6000013C90E645EA060E8DE60CEA135594EAD0
:107B70000C0F08BF95EA0C0F3FF43BAF94EA0C0FD3
:107B80000AD150EA01347FF434AF95EA0C0F7FF448
:107B900025AF104619462CE795EA0C0F06D152EA9C
:107BA00003353FF4FDAE1046194622E750EA410680
:107BB00018BF52EA43067FF4C5AE50EA41047FF491
:107BC0000DAF52EA43057FF4EBAE12E74FF0FF3CF6
:107BD00006E000BF4FF0010C02E000BF4FF0010CC7
:107BE0004DF804CD4FEA410C7FEA6C5C4FEA430C40
:107BF00018BF7FEA6C5C1BD001B050EA410C0CBF8F
:107C000052EA430C91EA030F02BF90EA020F0020F0
:107C1000704710F1000F91EA030F58BF994208BF57
:107C200090422CBFD8176FEAE37040F00100704714
:107C30004FEA410C7FEA6C5C02D150EA013C07D16B
:107C40004FEA430C7FEA6C5CD6D152EA033CD3D0B6
:107C50005DF8040B704700BF8446104662468C46B0
:107C60001946634600E000BF01B5FFF7B7FF0028E3
:107C700048BF10F1000F01BD4DF808EDFFF7F4FF0C
:107C80000CBF012000205DF808FB00BF4DF808ED97
:107C9000FFF7EAFF34BF012000205DF808FB00BFBA
:107CA0004DF808EDFFF7E0FF94BF012000205DF8DC
:107CB00008FB00BF4DF808EDFFF7CEFF94BF012091
:107CC00000205DF808FB00BF4DF808EDFFF7C4FF8A
:107CD00034BF012000205DF808FB00BF4FEA410CD3
:107CE0007FEA6C5C02D150EA013C0AD14FEA430CB6
:107CF0007FEA6C5C02D152EA033C02D14FF00000F3
:107D000070474FF0010070474FEA410212F5001230
:107D100015D211D56FF47873B3EB625212D94FEAD2
:107D2000C12343F0004343EA505311F0004F23FABC
:107D300002F018BF404270474FF00000704750EA11
:107D4000013005D111F0004008BF6FF000407047CE
:107D50004FF00000704700BF4A0011D212F5001228
:107D600011D20DD56FF47873B3EB62520ED44FEA93
:107D7000C12343F0004343EA505323FA02F0704713
:107D80004FF00000704750EA013002D14FF0FF3051
:107D900070474FF0000070474FEA4102B2F1E043F4
:107DA00024BFB3F5001CDCF1FE5C0DD901F0004CE2
:107DB0004FEAC0024CEA5070B2F1004F40EB830032
:107DC00008BF20F00100704711F0804F21D113F15E
:107DD0003872BCBF01F00040704741F480114FEA97
:107DE0005252C2F11802C2F1200C10FA0CF320FA20
:107DF00002F018BF40F001004FEAC1234FEAD3233D
:107E000003FA0CFC40EA0C0023FA02F34FEA4303A6
:107E1000CCE77FEA625307D150EA01331EBF4FF02F
:107E2000FE4040F44000704701F0004040F0FE404A
:107E300040F40000704700BF80F0004002E000BF47
:107E400081F0004142001FBF5FEA410392EA030F45
:107E50007FEA226C7FEA236C6AD04FEA1262D2EB8F
:107E60001363C1BFD218414048404140B8BF5B4294
:107E7000192B88BF704710F0004F40F4000020F02D
:107E80007F4018BF404211F0004F41F4000121F043
:107E90007F4118BF494292EA030F3FD0A2F101028D
:107EA00041FA03FC10EB0C00C3F1200301FA03F1CB
:107EB00000F0004302D5494260EB4000B0F5000FEE
:107EC00013D3B0F1807F06D340084FEA310102F1AD
:107ED0000102FE2A51D2B1F1004F40EBC25008BF5F
:107EE00020F0010040EA03007047490040EB000029
:107EF000013A28BFB0F5000FEDD2B0FA80FCACF12A
:107F0000080CB2EB0C0200FA0CF0AABF00EBC25056
:107F100052421843BCBFD0401843704792F0000F44
:107F200081F4000106BF80F400000132013BB5E797
:107F30004FEA41037FEA226C18BF7FEA236C21D00D
:107F400092EA030F04D092F0000F08BF0846704772
:107F500090EA010F1CBF0020704712F07F4F04D140
:107F6000400028BF40F00040704712F100723CBF53
:107F700000F50000704700F0004343F0FE4040F47D
:107F8000000070477FEA226216BF08467FEA23633B
:107F90000146420206BF5FEA412390EA010F40F426
:107FA000800070474FF0000304E000BF10F0004372
:107FB00048BF40425FEA000C08BF704743F0964359
:107FC00001464FF000001CE050EA010208BF704774
:107FD0004FF000030AE000BF50EA010208BF7047FB
:107FE00011F0004302D5404261EB41015FEA010C10
:107FF00002BF84460146002043F0B64308BFA3F108
:108000008053A3F50003BCFA8CF2083AA3EBC253E9
:1080100010DB01FA02FC634400FA02FCC2F1200208
:10802000BCF1004F20FA02F243EB020008BF20F03F
:108030000100704702F1200201FA02FCC2F12002A5
:1080400050EA4C0021FA02F243EB020008BF20EA9A
:10805000DC7070477BB972B90029BEBF00204FF0B9
:10806000004106E008BF00281CBF6FF000414FF040
:10807000FF3000F095B8ADF1080C6DE904CE002991
:1080800009DB002B1ADB00F005F9DDF804E0DDE97F
:10809000022304B07047404261EB4101002B1BDB1F
:1080A00000F0F8F8DDF804E0DDE9022304B0404216
:1080B00061EB4101524263EB43037047524263EB71
:1080C000430300F0E7F8DDF804E0DDE9022304B043
:1080D000404261EB41017047524263EB430300F0C1
:1080E000D9F8DDF804E0DDE9022304B0524263EB85
:1080F0004303704753B94AB9002908BF00281CBF81
:108100004FF0FF314FF0FF3000F04AB8ADF1080CEE
:108110006DE904CE00F0BEF8DDF804E0DDE90223ED
:1081200004B07047D0B5FFF7E7FA0C4B00220646C3
:108130000F46FFF739FBFFF70FFE0446FFF7BAFAC9
:10814000074B0022FFF730FB02460B46304639460C
:10815000FFF772F9FFF700FE2146D0BD0000F03DA9
:108160000000F041D0B50C4B002206460F46FFF749
:108170001BFBFFF7F1FD0446FFF79CFA074B0022BB
:10818000FFF712FB02460B4630463946FFF754F91B
:10819000FFF7E2FD2146D0BD0000F03D0000F041B8
:1081A000704700BF08B5FFF7EFF8BDE80840FFF7DC
:1081B0006DB870B5841A04F307040E4660B259B264
:1081C0001546FFF753F8002330702844737040B20F
:1081D00070BD0023036070477047002070474FF068
:1081E000FF3070474FF0FF30704770474FF0FF305F
:1081F00070470020704700207047002303707047CD
:108200009DF800300022FFF7D4BF002070474FF0E8
:10821000FF3070474FF0FF3070474FF0FF3070472E
:10822000704700280CBF6FF0150000207047002039
:10823000704707230370002070470020704700201C
:10824000704710F8012B11F8013B012A28BF9A4210
:10825000F7D0D01A7047034613F8012B002AFBD140
:10826000181A0138704738B50022002304460D461D
:10827000FFF70CFD28B920462946BDE83840FFF736
:1082800071BF204605F10041FFF76CFF404261EBF2
:10829000410138BD2DE9F04786468C460846089EC8
:1082A000154674461946002B40F0C2808542B2FA4A
:1082B00082F245D94AB1C2F1200300FA02FC2EFA3B
:1082C00003F3954043EA0C0C94404FEA154EA8B2D4
:1082D000BCFBFEF8230C0EFB18CC08FB00F943EAAC
:1082E0000C43994528D9EB1808F1FF3704D299457A
:1082F00002D9A8F102072B44A3EB0903A4B2B3FBF4
:10830000FEFC0EFB1C330CFB00F044EA0344A042CD
:1083100014D92C190CF1FF3304D2A04202D9ACF1CC
:1083200002032C44241A43EA07401EB1D440002320
:1083300034607360BDE8F0874746DDE76346F1E7E8
:1083400092BB431B01214FEA154EAFB2B3FBFEFCBB
:10835000200C0EFB1C330CFB07F840EA0343984546
:1083600062D9EB180CF1FF3004D2984502D9ACF178
:1083700002002B44A3EB0803A4B2B3FBFEFC0EFBEC
:108380001C330CFB07F744EA0344A7424ED92C19CF
:108390000CF1FF3304D2A74202D9ACF102032C4402
:1083A000E41B43EA0040C0E7C2F1200320FA03F1D6
:1083B000954090402EFA03F303434FEA154EAFB2B7
:1083C000B1FBFEFC0EFB1C10190C0CFB07F841EA7C
:1083D0000041884504FA02F422D969180CF1FF30F3
:1083E00004D2884502D9ACF102002944A1EB08016E
:1083F0009BB2B1FBFEFC0EFB1C110CFB07F743EA22
:1084000001439F420ED9EB180CF1FF3104D29F4279
:1084100002D9ACF102012B44DB1B41EA004192E797
:108420006046E3E76146F7E76046A3E76346B7E7E0
:10843000834206D916B9002108467BE7C6E900E069
:10844000F9E7B3FA83F78FB9834201D3724508D8AD
:10845000BEEB020460EB030301209C461EB9002121
:1084600068E73846FAE7C6E9004CF8E7C7F1200CA0
:10847000BB4022FA0CF41C432EFA0CF120FA0CF348
:10848000B84001434FEA14490EFA07F5B3FBF9F877
:108490001FFA84FE09FB18300B0C08FB0EFA43EAA6
:1084A00000439A4502FA07F240D9E31808F1FF3079
:1084B00004D29A4502D9A8F102002344A3EB0A038F
:1084C00089B2B3FBF9F809FB183308FB0EFE41EA49
:1084D00003418E452CD9611808F1FF3304D28E4533
:1084E00002D9A8F10203214443EA0040A0FB02980C
:1084F000A1EB0E014145CE46434602D306D14D4580
:1085000004D2B9EB020E68EB04030138002EA6D0AA
:10851000B5EB0E0261EB030101FA0CFC22FA07F342
:108520004CEA0303F940C6E9003198E74046C5E745
:108530004346D9E7000000002DE9F04F2DED048BF4
:1085400087B00678012E00AF1AD0022E00F0AE8060
:1085500086B9A84A136801331360A74B1E60A74B66
:108560001B783BB10BF07CFE20B930F007F908B165
:108570000CF006FE1C37BD46BDEC048BBDE8F08F49
:108580009F4C2368013323603BF041FA2468642246
:10859000B4FBF2F302FB13439A4A2BB1136841F286
:1085A0008831C31A8B421FD9924B10601E68A519DF
:1085B00018BF64234FF00A001CBF6343B3FBF5F5FB
:1085C00026F042FC50B1904BC0E90745C0E90536A2
:1085D00005230374002343748374C3748B490023FD
:1085E0004FF423523DF0A2FADFF86082884D98F8EC
:1085F0000030B3B13BF00BFA864AD2E90064861B27
:1086000061EB04040BF0BEFA64380023B04273EB54
:10861000040406DA804A88F8003013602B680133BE
:108620002B602E68BEB30A23B6FBF3F403FB14647D
:10863000ACB97A4B1B78F02B11D1082026F004FC42
:1086400038B1774B4474C0E905360323037484744E
:10865000C4746E4900234FF4C4523DF067FA2C688D
:10866000B4F5967F17D13BF0D2F96E4BC3E9000108
:10867000082026F0E9FB40B16B4BC0E90534032329
:108680000374002343748374C374604900234FF45C
:10869000C4523DF04BFA594B1B78002B3FF46AAFA4
:1086A0000BF0DEFD00287FF465AF61E75F4D2846E3
:1086B00030F016F910F13D0F04463FF45BAFA8B15E
:1086C000082026F0C1FB50B1594B4361594BC0E91A
:1086D000063404230374002343748374C374002397
:1086E0004FF4015249493DF021FA43E752492B78B2
:1086F0000A78002A43D1082B7FF43CAF4F4C2378F3
:10870000002B3FF437AF4E4B68795B79984201D02C
:1087100022702FE74FF000084FF00009C7E90489E5
:10872000B5F80B30BB82D5F80700BE8A38614FF030
:1087300080537E61D3F8A4C0D3F8A8309BB29E4288
:1087400008BF604514D1062026F07EFB38B13D4BB2
:10875000436102230374002343748374C3740023AE
:108760002A494FF484523DF0E1F90023237001E7D8
:10877000D5F805300B60D5F809304B60C8E70D2BF4
:1087800068D0112B3FF4F6AE032B40F2EF836B79E8
:10879000AA2B40F0EB830BF063FD002800F0E6838A
:1087A0002B78AA792148284CDFF8A4C0023B03EBC0
:1087B000D373C3F34703934228BF13460026F2B294
:1087C00093427FF6D7AEC279057A45EA02250022A8
:1087D00094F800E0D1B27145C0F0BD8322780F2A31
:1087E00000F2C1832278D1B20132D2B222702CF8C9
:1087F0001150B8E37058002078580020DEBA0020ED
:108800006C58002068580020319D06004C810600FD
:10881000045900204017002008590020201700208C
:108820005A9D0600281800207A9D0600E8BA00200C
:10883000BF9D06000BAB0600E0BA002035BB002050
:10884000210C0020E59D060024810020DDBA0020D7
:108850009A7E00206B79F12B7FF48CAE0C22691D7F
:10886000072024F02DF86B7C83420DD0062026F0E3
:10887000EBFA28B1A24B4361067444748474C47447
:1088800000234FF484522DE79E4B95F806901E78F6
:10889000DFF8C0824E452CD0082026F0D5FA48B12A
:1088A000994BC661C0E9053904230374002343745E
:1088B0008374C374954900234FF402523DF036F996
:1088C000934B002402201C70C8F8004021F0B4F93A
:1088D00001287FF44FAE2146022021F0FDF88D4B98
:1088E00000200021C3E900018B4B1C708B4B1C60E6
:1088F00040E6DFF864B295F807909BF80060844B7F
:10890000B6EB09064FF0000A4FF0020048BF06F52B
:108910008076C8F800A083F800A021F08DF9012826
:10892000DFF8F88111D1D8F800300133C8F80030F1
:108930006BB15146022021F0CFF89FED6F7B754B54
:1089400083ED007B744B83F800A0C8F800A0052ECF
:1089500016DD0A209BF8008026F076FA50B1704BA5
:10896000C0E90786C0E90539052303740023437471
:108970008374C374654900234FF422523DF0D6F846
:10898000AA68298995F808A0B5F809606B89654837
:1089900090F800C0CC4504D1D0F80480B8F1000FA5
:1089A00006D101340A2C00F10800F1D14FF0000883
:1089B0002C7B0C2C6DD1C9BA07EE901A9FED5A7A18
:1089C000F8EEE77ADBBA87EE878A204607EE903A20
:1089D000B5F80D30F8EEE77ADBBA87EE879A07EE46
:1089E000903AF8EEE77AC7EE878A26F02DFA064627
:1089F000C8B14E4B436118EE100AFEF77DFEC6E982
:108A0000060119EE100AFEF777FEC6E9080118EE16
:108A1000900AFEF771FE0823C6E90A0133740023A9
:108A20007374B374F37430463849002344F2C002BF
:108A30003DF07CF80026B2463D4B1978002940F005
:108A40009F811C703AF0E3FF3A4B0A2CC3E9000106
:108A500040F0A081D5F80D30374A1BBA6D468CB076
:108A600013606A463549136240F2DC535161536228
:108A700033494FF400731385324BC2E9061442F8B0
:108A8000103F00234FF45351204826F0BDFBAD4664
:108A900070E5242C62D1C6B9082026F0D5F938B18A
:108AA000294B4674C0E9053A032303748674C674DF
:108AB00000234FF4C65215493DF038F89FED238A44
:108AC000B0EE489AF0EE488AB6E776BA0820B6B219
:108AD00026F0BAF948B11E4BC661C0E9053A042335
:108AE0000374002343748374C37400234FF403524C
:108AF000E1E700BFAFF300800000000000000000CD
:108B0000219E060043B60020339E06004C810600DD
:108B1000DDBA00202818002036BB002008590020AC
:108B2000619E0600B45800200000C8428D9E0600D9
:108B3000DABA002038170020B05800205E9F0600E7
:108B4000A49F060006000001B69E0600000000007B
:108B5000EC9E060004590020DCBA0020B8F1000F9A
:108B600048D0994BDFF8B8E21868984BDEF80060FF
:108B7000DFF8B092A0EB080CACFB0313C90B41EA81
:108B80004341BCF1000F3BD0B44539D8CEF800C00A
:108B90000023C9F80030DEF800308C4E9B00A3FBA8
:108BA0000636DB0B43EA4643B3F57A7F38BF4FF412
:108BB0007A7399421ED2864B16BAC3F80080361AD1
:108BC0003AF025FF834B844AC3E900018349844B73
:108BD000087810BB1E60834BDFF810C218600123B9
:108BE000CCF80060C2F800800B707F4B01221A7035
:108BF0003EF032FA002C00F09E800026B2465DE77F
:108C0000D9F800300133772BC9F80030C3D9132EBF
:108C1000C1D80136CEF80060BAE71268DFF80892D2
:108C20001B68BB60A8EB020BD9F80020FA604FEA82
:108C3000E27CA2FB0B010BFB0C1161A3D3E9002327
:108C4000FFF708FABB68694A034412687A60F31AAE
:108C500083EAE372A2EBE372B2F5FA4F4FF0000A37
:108C600024DD0A20FB6026F0EFF870B1FB68836119
:108C70007B685F4A4261C0E907360523037480F8C8
:108C800011A080F812A080F813A0002359494FF4D6
:108C900022523CF04BFF554B1E60514B1E604E4B19
:108CA000C3F800800023C9F800309EE7BBF5004FF1
:108CB00011D3BB685048F11A5A46534681FB000154
:108CC000FFF7C8F9FB68C01AFB6848BF033003EB25
:108CD000A000C9F80000434BD9F800001A6802F15F
:108CE000010AC3F800A03A4B1B68A8EB030CC1179C
:108CF000ACFB000E32A3D3E900230CFB01E1FFF72C
:108D0000A9F97B6803449946BAF1050FA6EB030362
:108D100098BF03EB43039A1C48BF5A1D334BBBF566
:108D2000F01F09EBA2021A6081BF2D4B1E602A4B77
:108D3000C3F8008059E76C7BAE7B95F80F802D7CE3
:108D4000FF2C0DD066B1B8F1000F09D00EF03AF942
:108D5000854205D02B464246314620460EF0B2F8F9
:108D6000264B1A78002A3FF405AC254900221A70D8
:108D7000244B0A7000200021C3E90001FFF7FABB71
:108D80001E4A12788A427FF4F5AB94427FF459AEC2
:108D9000FFF7F0BB0C2C08D11B4B83ED008A83ED51
:108DA000019AC3ED028A194907E0242C3ED1184BE1
:108DB000184983F800A0184B1E80184B59E000BFDB
:108DC00000CA9A3B00000000FC7B002040420F00DC
:108DD0009C580020301700209058002044B60020F6
:108DE000945800208858002045B60020A058002044
:108DF0001D9F06004C81060000CA9A3BD9BA00208C
:108E0000DABA002038170020A45800208CA50600EC
:108E1000D8BA0020279D0600BC800020FB9C0600DD
:108E2000CC0600208C58002098580020631E322B5E
:108E300000F28980DFE803F0898C2E313437434615
:108E40004987874F5154575A665D6063696C6F3A22
:108E50003D407275787B87874C87878787878787B0
:108E6000878787878787871A7E8184005E493024B9
:108E70005E4B6D468AB06A465D48C2E907435D4B6A
:108E800053625D4BC2E9050142F8103F00234FF4E5
:108E90004351F9E5594903248FE7594904248CE7E4
:108EA0005849052489E75849062486E75749182474
:108EB00083E75749192480E756491A247DE7564924
:108EC00007247AE75549082477E75549092474E7C8
:108ED0005449212471E70C2465E753490D246CE7BC
:108EE00052490E2469E752490F2466E7514910247C
:108EF00063E75149122460E7504913245DE7504964
:108F000014245AE74F49112457E74F49152454E7D1
:108F10004E49162451E74E4917244EE74D491B246C
:108F20004BE74D491C2448E74C491D2445E74C4973
:108F30001E2442E74B4931249AE74B49322497E7F4
:108F40004A49332494E74A4937E74A49012434E738
:108F50004949022431E73CF8111089B28D4202F1EF
:108F600001027FF435AC0136023028E42E78012E60
:108F700028D96B79203B052B24D8DFF810813F4B93
:108F800098F800401B78013404F00F049C423FF431
:108F9000F1AA98F800003A4D3A4900EBC00300EB03
:108FA000C300324628443EF0BBF898F8003049220E
:108FB00002FB035585F84860BFF35F8F88F80040D7
:108FC000FFF7D8BA082025F03FFF40B12E4BC0E98B
:108FD000053603230374002343748374C37400238E
:108FE0004FF4C452FFF77EBBD9A70600E59C0600EC
:108FF000B09F06000002020405000002D5A1060091
:10900000FCA1060022A2060041A2060065A20600FD
:1090100087A20600A8A20600A3A3060045A2060098
:10902000CAD20600DAD20600AFA506000FA60600D7
:1090300033A6060057A606007BA60600A0A60600DB
:10904000C7A60600EFA606000EA7060035A7060075
:109050005CA70600CAA20600ECA206000FA3060049
:1090600031A3060002A80600129D0600D69C060049
:109070001F9D06008EA10600B1A1060046B6002085
:1090800048B60020EDBA0020D89F060047B6002061
:1090900070B5234E33781BB33AF0B9FC214AD2E9BC
:1090A000004543F69923041B61EB05059C4275F1CD
:1090B000000318DB082025F0C7FE48B11A4BC56134
:1090C000C0E9053404230374002343748374C37418
:1090D000002316494FF402523CF028FD0023337060
:1090E0000020002170BD3DF0B7FF114B1D68114BF2
:1090F000451B04461868C617A5FB000106A3D3E963
:10910000002305FB0611FEF7A5FF0B4B1B681C4453
:109110002044E6E7AFF3008000CA9A3B000000005D
:1091200045B6002030170020E8A806004C81060054
:109130009C58002098580020A058002000000000F3
:10914000F0B514461A4AA0FB020302FB0131C00B22
:1091500085B040EA414014A3D3E90023C90BFEF7D0
:10916000C9FF0546194610460023124AFEF7C2FF02
:1091700006461946104600230D4AFEF7BBFF074678
:109180001946104600234FF47A72FEF7B3FF00979A
:10919000CDE90102334608482A4621463BF0AEFF9E
:1091A00005B0F0BDAFF3008000A493D6000000002E
:1091B00040420F00008793034BB7060000000000F9
:1091C0002DE9F04F2DED068BCBB03BF01CFB50B1E1
:1091D0004FF0804357220120C3F81C250DF0F8FE04
:1091E000002020F003F928F027FA25F043FE04467A
:1091F000002840F0F58091483DF029FE78B18F4D70
:109200004594AE683224B36C002B40F0ED806420AE
:109210003AF00DFC013CF6D164203AF008FC884895
:10922000884D3BF06BFF0E241223CDE901340B2354
:10923000854800930722042340F2EA713BF05EFF69
:10924000824B834A834984483BF058FF0DF0D2FE9D
:10925000824B18681B798DF84430814B10909A88A6
:10926000ADF8B4207F4A186851689B792C9010683B
:109270008DF8B63038AB03C3127A1A707A4B9A88DD
:10928000ADF8BC20794A186851689B792E90106817
:109290008DF8BE3034AB03C3754B764A18685168FD
:1092A0001B79129010688DF84C303BAB03C31289C8
:1092B0001A80714B18681B798DF854306F4B1490DD
:1092C00018689B88ADF894306D4B249018689B8883
:1092D000ADF89C306B4B26909A8818689B798DF876
:1092E000C630694B3090CDE90653684BADF8C420C9
:1092F00018681B798DF85C30654B664A16901868C3
:109300009B882890ADF8A4301068516836AB03C331
:10931000614B41AA03F1080618685968144603C452
:109320000833B3422246F7D118681B7923715B4B8F
:10933000206008935A4B5B4A18681B798DF864309B
:10934000594B189018681B7951681A908DF86C3039
:109350001068564B09933EAB03C312891A80544AD6
:10936000544B1068544E1C9018681E9030682A9018
:10937000B088ADF8AC005148147919798DF8744073
:109380008DF87C100A90A0F54020A0F61970CDE968
:109390000B05106820901868494B0D93494B22909B
:1093A0009A8818689B798DF8CE30474B8DF88440A9
:1093B0008DF88C103290ADF8CC200E9328F024F963
:1093C00006460246414800251178C9B9052214A96C
:1093D00030463DF095FE00287AD10DF00BFEEDE70A
:1093E000012036F0FDF800E745AA042128469847F9
:1093F00000287FF40CAF459B002B3FF408AF0BE730
:10940000445C537804F00304012C04D12031117022
:1094100011464A1CD8E72029FAD1002DF8D1157041
:10942000C15C01F00301012908BF2033DBB2511CEC
:109430005370002B18BF0D46EBE700BFB87B06004A
:109440006DBB06006D6167009FBB0600FDBB06009B
:1094500028A9060006BC06003ABC0600DB6007002F
:1094600067D10600BB2A0700B7D20600285F0700B5
:10947000AF3F0700FFCA06006ED1060073D1060099
:1094800079D106007FD106007365740086D106008D
:1094900007C40600359707008BD106006466750087
:1094A000833F070098D106008EAB06006E767300EE
:1094B000A2D10600A7D106004DA106007A726F0066
:1094C000626174006B420700616C6C0014BE07009F
:1094D000052210A930463DF013FE8346002840F0D7
:1094E0001383CC48DFF8B4A33BF008FE12230E2010
:1094F000CDE901300B23C84800930722042340F232
:10950000EA713BF0FBFDC54BC54AC649C6483BF076
:10951000F5FDC6483BF0F2FDC5483BF0EFFDC54800
:109520003BF0ECFDC4483BF0E9FDDAF80030B3F85D
:10953000923403F07F037F2B00F0B1821CF092F88D
:109540000146BE483BF0DAFDDAF8003093F8963475
:10955000FF2B08D013F0800FB94BBA49BA4818BF97
:1095600019463BF0CBFDDAF80030B84893F8962462
:10957000B3F892143BF0C2FDDAF80030B3F894343B
:1095800003F07F037F2B00F08C821CF081F80446EF
:109590001CF0E8FCAE4BAF4A2146002818BF1A4623
:1095A000AD483BF0ABFDDAF8003093F89724FF2A82
:1095B0000FD0B3F89414090640F1758293F99624FC
:1095C000A649A74B31EA220128BF19469E483BF025
:1095D00095FDDAF800309D4893F89724B3F8941479
:1095E000DFF898823BF08AFD9E483BF087FD00251E
:1095F000DAF8004004EB85040135D4F84401FEF7A5
:109600007BF80646D4F868010F46FEF775F8CDE9F9
:109610000401D4F85C01FEF76FF8CDE90201D4F83B
:109620005001FEF769F83246CDE900013B4640465D
:109630003BF064FD032DDBD18B483BF05FFDDAF896
:109640000060D6F84401FEF757F80446D6F84C01FE
:109650000D46FEF751F8CDE90201D6F84801FEF7B4
:109660004BF822462B46CDE9000180483BF046FDF1
:10967000DAF80060D6F85001FEF73EF80446D6F856
:1096800070010D46FEF738F8CDE90201D6F8600109
:10969000FEF732F822462B46CDE9000174483BF034
:1096A0002DFDDAF80060D6F8FC00FEF725F8044638
:1096B000D6F804010D46FEF71FF8CDE90201D6F8F1
:1096C0000001FEF719F822462B46CDE90001694852
:1096D0003BF014FD45A811F051F84598FEF70CF841
:1096E000044646980D46FEF707F8064647980F468B
:1096F000FEF702F8804689461CF0CEFE10EE100AF6
:10970000FDF7FAFFCDE90067CDE9040122465A488A
:109710005A4F2B46CDE902893BF0F0FC58483BF00C
:10972000EDFCDAF8006006EB8B060BF1010BD6F8C6
:109730001401FDF7E1FF0446D6F838010D46FDF7A8
:10974000DBFFCDE90401D6F82C01FDF7D5FFCDE90B
:109750000201D6F82001FDF7CFFF2246CDE9000136
:109760002B4638463BF0CAFCBBF1030FD9D1DAF8DF
:109770000030D3ED457AF5EE407AF1EE10FA4FF075
:10978000000240F09781D3ED467AF5EE407AF1EE93
:1097900010FA40F08F81D3ED477AF5EE407AF1EE82
:1097A00010FA40F087810FA80F923AF055FA04465C
:1097B00010F016FA334D10EE100AFDF79DFF064625
:1097C0000F980F46FDF798FF32463B46CDE9020160
:1097D000009429462C483BF091FC1BF069FF0146A0
:1097E0002A483BF08BFC14483BF088FCDAF8003048
:1097F000274893F8661093F86560264B002E08BF43
:1098000018463BF07BFC4FF080522348D2F8A8303A
:1098100046E000BF5EBC06009FBB0600FDBB060025
:1098200028A9060006BC06003ABC060088BC060053
:109830009ABC0600A9BC0600CBB50700CABC06004E
:1098400071490700D3BA0600D3BC0600E2BC06008B
:10985000E9870700E3D40600F7BC0600EABA060071
:10986000D7BA06000FBD06003CBD060051BD06007C
:109870006FBD06008CBD0600ACBD060027BD06000E
:10988000E7BD0600A8490700FDBD06003DBE060075
:10989000FCBA06000CBB06004ABE0600D00600203B
:1098A000D2F8A4209BB23BF029FCDAF80020B248A1
:1098B000D2F86930B2F8672042EA03421B0C3BF051
:1098C0001DFCDAF80030002B00F0FF8093ED5DAA5C
:1098D000DFEDAA8AD3ED5F9A93ED5E9AB7EE008A28
:1098E000C8EE0A7A78EE677A67EEA87A17EE900AE1
:1098F000FDF702FFC8EE297A04460D4678EE677A36
:1099000067EEA87A17EE900AFDF7F6FEC8EE097A20
:10991000CDE9020138EE678A68EE287A17EE900AE0
:10992000FDF7EAFE22462B46CDE9000194480521C9
:109930003BF0E4FB1AEE100AFDF7DEFE044619EEDA
:10994000900A0D46FDF7D8FECDE9020119EE100A86
:10995000FDF7D2FE2246CDE900012B4689483BF0B7
:10996000CDFBDAF800208449D2F869308648B2F895
:109970006720002E18BF084642EA03421B0C3BF04A
:10998000BDFBDAF8003093F89814642992BF7F4841
:109990007F4854213BF0B2FB7E483BF0AFFB1DF00B
:1099A0001DF983461DF028F91DF088F882461DF048
:1099B00029F907460E461DF025FA054689461DF091
:1099C00027F9BBF1000F0446884640F38E803DF036
:1099D00047FB714AC01B61EB0603A0FB020102FBBF
:1099E0000311C00B40EA414061A3D3E90023C90B36
:1099F000FEF780FB1946064600231046674AFEF72D
:109A000079FB0746504616B9FBB2002B61D0FDF733
:109A100061FE634B0022FDF7F1FFCDE900670246CE
:109A20000B4660483BF06AFB55EA090364D05A4B89
:109A3000A5FB030103FB0911C00B40EA41404CA305
:109A4000D3E90023C90BFEF755FB0546194610461E
:109A50000023524AFEF74EFB2946024652483BF08D
:109A60004DFB54EA08034BD04B4BA4FB030103FB13
:109A70000811C00B40EA41403DA3D3E90023C90BC4
:109A8000FEF738FB0446194610460023434AFEF70A
:109A900031FB2146024645483BF030FB8EE4444909
:109AA0004FE5434C74E5434B434912F0800F18BF18
:109AB00019468BE50FA80F923AF0CEF8044610F045
:109AC0008FF83E4D10EE100A77E63D483BF016FB4E
:109AD00047E7FDF7FFFD324B0022FDF78FFF0246FF
:109AE0000B4638483BF00AFB9EE73E430CBF364826
:109AF00036483BF003FB97E735483BF0FFFAB0E709
:109B000034483BF0FBFA59E407222CA930463DF0DB
:109B1000F7FAB0B93DF0A4FA2F4A0D460446FFF714
:109B20000FFB2E4B1B68D3E90401D3E90223801AF3
:109B300061EB030100192A4A41EB0501FFF700FB25
:109B40003CE4092238A930463DF0DAFA10B90DF0AC
:109B5000B9FC33E407222EA930463DF0D1FA0028A3
:109B600040D102200DF034FA00201FF03FFC25E424
:109B700000A493D6000000001FBB06000000E144D3
:109B800063BE0600A5BE06003ABB060005BF060080
:109B90001EBF0600CBB5070040420F0000879303AD
:109BA0000000594038BF060093BF0600D3BF06002F
:109BB000C5BA060071490700D3BA06003191070003
:109BC000D2BE06005EBF06006FBF060061C0060081
:109BD000B1BF0600F5BF06001BC00600D00600207E
:109BE00022C00600082234A930463DF089FA002838
:109BF00040F011811CF0ECFF0146C0483BF07EFABA
:109C00001CF0ECFF80461CF0F7FF81461CF056FF6D
:109C100006461CF0F7FFB8F1000F04460D4640F36E
:109C2000DA803046FDF756FDB54B0022FDF7E6FE23
:109C3000064648460F46CDF80880FDF74BFDB04B71
:109C40000022FDF7DBFE3246CDE900013B46AD4880
:109C50003BF054FA54EA050300F0C1803DF000FAED
:109C6000001BA94A61EB0501FFF76AFA1CF0D0FF5F
:109C7000814688461DF022F807460E461DF070F812
:109C800005460C461DF0BEF850EA010300F0AB801B
:109C90009E4AFFF755FA59EA080300F0A8809C4A4B
:109CA00048464146FFF74CFA57EA060300F0A38006
:109CB000984A38463146FFF743FA55EA040300F064
:109CC0009E80954A28462146FFF73AFA3AF0EAFC88
:109CD00005463AF0F9FC044628461CF0EFFE8246A1
:109CE00020461CF0EBFE80463AF000FD45EA0403F6
:109CF0001A0407460E4600F1868050EA010300F080
:109D000082804046FDF7E6FC7D4B0022FDF776FEA3
:109D1000804628468946FDF7DDFC794B0022FDF799
:109D20006DFECDE904012046FDF7D4FC744B002202
:109D3000FDF764FECDE902015046FDF7CBFC704B08
:109D40000022FDF75BFE4246CDE900014B46734819
:109D50003BF0D4F9724A38463146FFF7F1F91DF06D
:109D6000BBF806461DF0DEF804461DF0F3F844EAA1
:109D700000031B0407464AD42046FDF7ABFC604BAA
:109D80000022FDF73BFE06EB86060446F0B20D46C8
:109D9000FDF790FCCDE902013846FDF79BFC584BDE
:109DA0000022FDF72BFE2246CDE900012B465D483F
:109DB0003BF0A4F91DF06CF8FDF77CFC5A4B002237
:109DC000FDF71CFE02460B4658483BF097F91DF084
:109DD0003DF9FFF7F3BA56483BF090F93AE755489A
:109DE0003BF08CF942E754483BF088F953E753487D
:109DF0003BF084F958E752483BF080F95DE7514861
:109E00003BF07CF962E750483BF078F9A7E74F4810
:109E10003BF074F9CEE7052212A930463DF070F907
:109E200020B901201CF0F2F8FFF7C8BA0A223BA9BA
:109E300030463DF065F918B939F008FFFFF7BEBAB2
:109E400005221CA930463DF05BF90446002840F08D
:109E50008F800DB93E4854E63E49042228463DF025
:109E600075F9F0B92E7916F0DF061AD13A4928466D
:109E700038F03AF93849304638F036F93649044670
:109E8000304638F031F934490546304638F02CF97F
:109E900008B1324835E6294620460DF0BDFAFFF7F5
:109EA0008DBA2F492846FEF7CCF918B90DF050FAB3
:109EB000FFF784BA28462B492A4E38F015F945ADEC
:109EC0000746002F00F07786032C04D126483BF08C
:109ED00015F9264815E60FA9384638F0ABF80F9B60
:109EE000A5EC010ABB42F1D018780028EED131462A
:109EF00038F0FAF801340746E3E700BF2EC0060049
:109F0000000059403AC0060070C0060092C006002A
:109F1000A5C00600BBC00600EBC006001BC10600C2
:109F20005BC106008AC1060000003440CFC10600B4
:109F300060C006007DC00600B1BF0600F5BF060088
:109F4000CBC00600FBC006006EC10600BBC1060008
:109F5000E3C1060042C20600C772070047C20600FE
:109F60004DA106008BC206008DC20600EAC20600A3
:109F700005221EA930463DF0C3F8002840F01682A5
:109F80000DB99448BDE52846934938F0ADF805462B
:109F90000028F6D09149FEF754F920B9012011F0BC
:109FA00057FB8F48ADE58F492846FEF74AF918B9A7
:109FB00011F04EFB8C48A4E58C492846FEF741F988
:109FC000B8B911F0E3FB11F08BFB894D894C0028E7
:109FD0000CBF2946214688483BF090F810F04CF918
:109FE00000280CBF2946214684483BF087F8FFF73C
:109FF000E5B983492846FEF724F918B90FF098FF10
:10A00000FFF7DCB97F492846FEF71BF9F0B9724922
:10A0100038F06AF8044608B97B4872E56F49FEF7E4
:10A0200010F938B9012010F0F9F878483BF066F8DB
:10A03000774866E56B492046FEF703F918B910F03A
:10A04000EDF874485DE574482146CEE7734928462B
:10A05000FEF7F7F8044600285AD1714F3B68B3F871
:10A06000481909B96F484CE56F483BF047F86F480D
:10A070003BF044F86E483BF041F86C483BF03EF84A
:10A0800000254FF00A0AD7F800B00BEB041606F2D1
:10A09000AC42D2ED007AF5EE407AF1EE10FA24D01F
:10A0A00017EE900AFDF728FB04F14B020BEB0213AD
:10A0B000804698688946FDF71FFBCDE9040106F24A
:10A0C000B44306F596661868FDF716FBCDE9020164
:10A0D0003068FDF711FB4246CDE900014B4655487B
:10A0E00021463BF00BF80135ADB2B5FBFAF30AFBA4
:10A0F00013539BB21BB915B1142039F098FC0134ED
:10A10000462CC0D149483AF0F9FF4B4829466CE744
:10A110004A492846FEF795F810BB2F4937F0E4FF6F
:10A12000044608B94648ECE400230A2245A94593B1
:10A1300038F08CF8459B6BB1A3420BD04149459B4D
:10A140001A78002A00F044858A5C150705D43E4839
:10A1500021464AE73D48214647E701334593EEE76C
:10A160003B492846FEF76DF8064600BB1A4937F012
:10A17000BBFF044640B91CF08FF9B4EE400AF1EE83
:10A1800010FA10D73348BCE445A9459637F052FF82
:10A19000459BA34201D01B782BB12F4821463AF0B2
:10A1A000ADFF2E48ADE411F04FFCFFF707B92C4985
:10A1B0002846FEF746F8002840F087801CF06CF92E
:10A1C000B4EE400AF1EE10FAB0EE408A4CD72548C2
:10A1D00097E400BF08C30600C7720700E538070010
:10A1E00083C306009FC30600A3C3060037370700DA
:10A1F000E3D40600E9870700D9C30600F1C30600CF
:10A2000007C4060042C206000DC406003FC4060093
:10A2100089C40600CEC40600F0C4060027C50600A7
:10A22000D00600202CC5060064C506009AC50600AD
:10A23000CEC5060003C606002EC6060055C606009B
:10A240005CC6060014BE07003AD106008CC60600A4
:10A25000C1C60600C6C606001CC7060054C70600D5
:10A26000CF5707006DC7060045A90FA80FF08EFF56
:10A27000064618EE100AFDF73FFA02460B46AF48B5
:10A280003AF03CFFDDED0F7AF4EE677AF1EE10FA6A
:10A2900019D617EE900AFDF72FFA044645980D4699
:10A2A000FDF72AFA2246CDE900012B46A4483AF0F0
:10A2B00025FFA44BA44800223AF020FF0EB1A3488A
:10A2C0001FE4A3481DE4A3481BE4A3492846FDF767
:10A2D000B8FF002867D1A14937F006FF04460028DF
:10A2E0004AD19F4C9F48A04EA04D3AF007FF2368EB
:10A2F0009F4893F84C1900290CBF314629463AF083
:10A30000FDFE23689B4893F84D1900290CBF314688
:10A3100029463AF0F3FE2368974893F84E193AF02D
:10A32000EDFE2368954893F85C1900290CBF31466F
:10A3300029463AF0E3FE266896F85C39CBB106F57B
:10A3400015631868FDF7D8F906F65813044618681F
:10A350000D46FDF7D1F9CDE9020106F65416306835
:10A36000FDF7CAF92246CDE900012B4684483AF0B0
:10A37000C5FE8448FFF7C5BB8349FDF762FF28B9D6
:10A38000012011F03BF98148FFF7BBBB8049204613
:10A39000FDF757FF20B911F031F97E48FFF7B1BB47
:10A3A0007D48214621E67D4829461EE6072230A940
:10A3B00030463CF0A5FE18B939F04BFCFEF7FEBF65
:10A3C000042206A930463CF09BFE0446002840F0DB
:10A3D0000B81002D75D11BF0C5FD714A7149DFF865
:10A3E0008081DFF80092002808BF11466E483AF0DD
:10A3F00085FE1BF04DF901466C483AF07FFE6C4833
:10A400003AF07CFED8F8005005EB84050134D5F80D
:10A410001401FDF771F90646D5F838010F46FDF72E
:10A420006BF9CDE90401D5F82C01FDF765F9CDE90B
:10A430000201D5F82001FDF75FF93246CDE90001B0
:10A440003B4648463AF05AFE032CDBD1002345A890
:10A45000459339F001FCD8F80030D3ED457AF5EE9C
:10A46000407AF1EE10FA044625D1D3ED467AF5EEA6
:10A47000407AF1EE10FA1ED1D3ED477AF5EE407A2C
:10A48000F1EE10FA17D10FF0ABFB4A4D10EE100AA7
:10A49000FDF732F902460B46474829463AF02EFEB0
:10A4A0004598FDF729F902460B46444821463AF003
:10A4B00025FEFEF783BF0FF093FB414D10EE100A0F
:10A4C000E6E72649284637F00FFE2F490446FDF7F8
:10A4D000B8FE38B93B483AF011FE01201BF0D2FC1F
:10A4E000FEF76CBF2A492046FDF7ABFE054620B9B2
:10A4F00035483AF003FE2846F0E734492046FDF798
:10A50000A0FE28B901210FF0B5F93148FFF7F9BADB
:10A5100030492046FDF795FE20B12F492046FDF732
:10A5200090FE40B9002001210FF0A4F90FF0BCFA11
:10A530002A48FFF7E6BA2A48FFF7E3BA96C70600AB
:10A54000B2C706000000E03FE6C706000BC80600E1
:10A5500052C806008DC8060043A50600C772070052
:10A56000D0060020CCC8060056BB060052BB060031
:10A57000E6C80600F5C8060006C9060016C90600AA
:10A580002CC9060050C90600E53807006CC9060052
:10A590009FC30600A4C90600C0C90600F7C906008B
:10A5A000E3D40600E98707006ECA060080CA0600E9
:10A5B000E7BD0600A84907008ECA06001ABE0600BD
:10A5C00031910700AECA0600C5CA060007C40600DE
:10A5D000DDCA0600A8D10600FFCA060009CB0600A6
:10A5E0002BCB060027BD060007A9042230463CF00D
:10A5F00087FD0146F0B91022284637F0CBFEAD4A60
:10A60000CDE9000106460C4645A811213AF083FD2C
:10A6100056EA04030BD01122294645A83CF070FDF0
:10A6200028B9304621460BF021F9FEF7C7BEA248F3
:10A63000FFF767BA052216A930463CF061FD18B94C
:10A640000BF006F9FEF7BABE062228A930463CF008
:10A6500057FD18B90BF066F9FEF7B0BE082236A90F
:10A6600030463CF04DFD00283AD12DB993483AF0E0
:10A6700045FD9348FFF745BA0A2245A9284637F019
:10A68000E5FD459B1B78044613B9431E632B02D995
:10A690008C48FFF736BA8C4D01468C483AF02EFDB7
:10A6A0002B6883F898440DF04DF92A6802F59362FF
:10A6B000114601231F201FF057FB2B68844893F895
:10A6C00098143AF01BFD0AF063FE0A2039F0AFF946
:10A6D00001200AF08DFD2B687E4893F8981484E4DD
:10A6E0000D2241A930463CF00BFDF8B9764C7A4872
:10A6F0003AF004FD2368FF2283F898240DF022F934
:10A70000226802F59362012311461F201FF02CFBE3
:10A7100072483AF0F3FC0AF03BFE0A2039F087F960
:10A7200001200AF065FD6E48FFF7EBB9042208A985
:10A7300030463CF0E5FC10BBBDB16A49284637F015
:10A74000D3FC044688B16849FDF77BFDA0B9674892
:10A750003AF0D4FC4FF08043A8226420C3F81C25B3
:10A7600039F065F90320FFF7FDB961483AF0C6FCFE
:10A770004FF080435722F0E75E48214635E405223A
:10A7800018A930463CF0BCFC18B90CF08FFEFEF75F
:10A7900015BE042209A930463CF0B2FC18B91FF0DE
:10A7A000E5FCFEF70BBE0A223EA930463CF0A8FCB1
:10A7B000002840F00881444C4F483AF09FFC236841
:10A7C0004E4AD3F88019914205D04D483AF096FC94
:10A7D0004C48FFF796B9D3F87459002D40F0B68075
:10A7E00049483AF08BFC2368484893F878193AF0C6
:10A7F00085FC23684648D3F87C193AF07FFC23682F
:10A80000444AD3F8A019914238D1D3F88459424828
:10A81000042D96BF414B424E53F825603AF06EFC32
:10A820002946404832463AF069FC2368D3F8881933
:10A8300041B13D483AF062FC23683C48D3F88C199A
:10A840003AF05CFC2368D3F8901939B1CBB200938D
:10A850003748C1F307230A0C3AF050FC2368D3F8B9
:10A86000941911B133483AF049FC2368D3F8982978
:10A8700022B1D3F89C1930483AF040FC2F483AF006
:10A880003DFC23682E4893F864193AF037FC23689E
:10A890002C48D3F86C193AF031FC236893F86549D9
:10A8A000204620F081FA2146024627483AF026FC4D
:10A8B0008EE700BF4ACB060052CB060063CB0600F2
:10A8C0007BCB0600A7CB0600D0060020DDCB060020
:10A8D000F7CB060014CC060037CC060066CC060089
:10A8E00099CC0600C7720700A55A0700C1CC060024
:10A8F000DCCC0600F1CC06001FCD06005453524CB0
:10A9000040CD06005F6807007CCD0600FBCE060048
:10A9100018CF06004C54414635CF06007C85060012
:10A9200059BB060050CF060063CF060075CF060066
:10A9300087CF0600BACF0600CCCF0600DDCF0600D9
:10A94000E8CF060006D0060024D006002946A2481B
:10A950003AF0D4FBE90702D5A0483AF0CFFBAA07AA
:10A9600002D59F483AF0CAFB6B0709D5236893F8D4
:10A970007929B3F87A399F071BD59A483AF0BEFB7C
:10A980002E0702D598483AF0B9FBE80602D5974859
:10A990003AF0B4FBE90302D595483AF0AFFB6A03FD
:10A9A00002D594483AF0AAFB2B037FF51CAF9248DE
:10A9B00017E7122A96BF914B914953F822109148FC
:10A9C0003AF09CFBDCE705221AA930463CF098FBE4
:10A9D00020BB3CF045FB4FF4C3620023FDF73AFB7C
:10A9E000104619464E220023FDF734FB0446194653
:10A9F000104600230D22FDF72DFB834B8349D2B275
:10AA0000C0B253F82230824AE4B252F8202051F802
:10AA1000241080483AF072FBFEF7D0BC062224A92D
:10AA200030463CF06DFBA8B97DB10A2245A9284605
:10AA300037F00CFC459BAB4204D01B7813B9431E86
:10AA40003B2B03D974483AF059FB01201BF05CFD05
:10AA5000FEF7B4BC062226A930463CF051FB10B9E3
:10AA60006E48FFF74EB806222AA930463CF048FB54
:10AA7000002851D1002D4CD004220AA928463CF0D0
:10AA80003FFB18B938F0E3FFFEF798BC04220BA98E
:10AA900028463CF035FB18B938F0E3FFFEF78EBCD2
:10AAA00004220CA928463CF02BFB20B901210EF012
:10AAB000E1FEFEF783BC052220A928463CF020FBDE
:10AAC00000283FF4F3A9052222A928463CF018FBF0
:10AAD00000283FF493AA04220DA928463CF010FB5D
:10AAE00018B91CF04DFAFEF769BC072232A92846B6
:10AAF0003CF006FB18B90CF0C9FCFEF75FBC042261
:10AB00000EA928463CF0FCFA18B91FF0DFFAFEF750
:10AB100055BC4348FEF7F5BF4249042230463CF09D
:10AB2000EFFAF8B9A5B140492846FDF78AFB28B9E4
:10AB300001200CF093F93D48FEF7E3BF3C4928465D
:10AB4000FDF77FFB20B90CF089F93A48FEF7D9BF31
:10AB50000CF0B2F9384A3949002808BF1146384884
:10AB6000FFF743BA3749042230463CF0C9FAF8B936
:10AB7000A5B12D492846FDF764FB28B901201FF037
:10AB80002FFC3148FEF7BDBF29492846FDF759FB88
:10AB900020B91FF025FC2D48FEF7B3BF1FF01AFCAB
:10ABA000254A2649002808BF11462948FFF71DBA43
:10ABB0002848FEF7A6BF032C7FF488A99DED471A0D
:10ABC000DDED460A9DED450A0CF046FBFEF7F6BBAF
:10ABD0000FF04AFAFEF7F2BB9BCD0600AECD0600A1
:10ABE000CDCD0600E8CD06005DCE06007ACE06008B
:10ABF000A0CE0600C2CE0600DECE0600908506007E
:10AC00004C74070029CE0600DC8506002886060065
:10AC10001086060047D006004FD0060083D00600FD
:10AC2000BAD0060081AD0600E5380700CCD006009A
:10AC30009FC30600DAD00600E3D40600E9870700C8
:10AC4000E9D00600C1C60600F3D0060006D1060012
:10AC50001AD1060029D106002DE9F04F2DED028B07
:10AC6000A84B1A68B2F84889DFB0B0EE408A0446B3
:10AC7000B8F1000F16D1082024F0E6F858B1A24B25
:10AC80004361A24B83610323037480F8118080F831
:10AC9000128080F813809E4900234FF4C2523AF08C
:10ACA00045FF72E09B4FD7F8A03043450BD00023FF
:10ACB0003B7787F83C3087F85C3087F87C3087F842
:10ACC0009C30C7F8A08093490023F6EE006A087F05
:10ACD00010B3D1ED007A37EEC87AB0EEC77AB4EE91
:10ACE000E67AF1EE10FA17D507EB431378EE677AA0
:10ACF000043304F10C02B3EC017AD3ED026A07EEDF
:10AD0000A67AA4EC017AA242F5D1002528465FB0CC
:10AD1000BDEC028BBDE8F08F0133052B01F1200162
:10AD2000D5D1B8F1010F33D102F2AC410023D1EDFE
:10AD3000007AF5EE407AF1EE10FA21D04B3319018A
:10AD400002EB031350585968254603C598682860DC
:10AD5000B0EE480A0CF014FE07EB401383ED000A36
:10AD6000450194E807002E1D3E44103586E8070093
:10AD7000002279197A51C1E9012201221A77C4E728
:10AD80000133462B01F11001D1D14FF0FF35BDE762
:10AD9000DFED617A9FED614A002502F5966602F5C6
:10ADA000116E2B46B0EE676AF1EE094AB7EE005A13
:10ADB0004FF0140C56ED016AF5EE406AF1EE10FA10
:10ADC0003DD036EEC87A27EE077AC7EE245A75EEE4
:10ADD000855A85EE257AB4EEC47AF1EE10FA2ED4B7
:10ADE000092D62DC0CFB05F909F5BC71694441EDE4
:10ADF000326A01ED2E7A09F104092CA930688944E0
:10AE00007168A9E803000135B068C9F800000A2D8F
:10AE100015D1DDED307A2CA90023012591ED097AB9
:10AE2000B4EEE77AF1EE10FA48BF2B4605F10105C2
:10AE300048BFF0EE477A0A2D01F11401EED1103629
:10AE40007645B7D1002D40F0E08102F2AC4EDFED47
:10AE5000377A02F60C11734693ED007AB5EE407A1C
:10AE6000F1EE10FA06D0B4EE677AF1EE10FA48BFB0
:10AE7000F0EE477A10338B42EED19FED297AF4EE53
:10AE8000C77AF1EE10FA53DD082023F0DDFF002829
:10AE90003FF401AF1C4B43611C4B836103230374DC
:10AEA000002343748374C374F5E6B4EEE77AF1EEDD
:10AEB00010FAC4DD0CFB03F303F5BC71694401ED2A
:10AEC0002E7A41ED326A04332CA930680B44716844
:10AED00003C3B0681860DDED307A2CA8002301218F
:10AEE00090ED097AB4EEE77AF1EE10FA48BF0B461E
:10AEF00001F1010148BFF0EE477A0A2900F1140080
:10AF0000EED19CE7D006002054D406008B04070045
:10AF10001481060048590020000000008FC2F53C53
:10AF200000C079440AD7233C00007AC400007A4468
:10AF3000B4EEE78A0026F1EE10FA5FED065AB1464C
:10AF400053D45FED076A704600214FF0FF3390ED58
:10AF5000007AB5EE407AF1EE10FA0FD00DF1700ADA
:10AF60004FF0000CB44540F09280B4EEE67AF1EE7A
:10AF700010FAC8BF0B46C8BFF0EE476A0131462938
:10AF800000F11000E3D1591C16D01CA901EB0610EA
:10AF900002EB031101F2AC414B3309680160190166
:10AFA00002EB031300F1040C50585968ACE803009D
:10AFB0009868CCF80000013609F10109B9F1040FD5
:10AFC00054D0C145BDDB51E0D346DBED007A77EECE
:10AFD000C77A0AF1100AF0EEE77AF4EEE57AF1EEBC
:10AFE00010FA1ED40CF1010C10E05FED306A7046CF
:10AFF00000214FF0FF3390ED007AB5EE407AF1EE8C
:10B0000010FA0ED00DF1700A4FF0000CB445DBD1F0
:10B01000B4EEE67AF1EE10FA48BF0B4648BFF0EE08
:10B02000476A0131462900F11000E4D1581C16D0BE
:10B030001CA901EB061002EB031101F2AC414B33EA
:10B0400009680160190102EB031300F1040C505868
:10B050005968ACE803009868CCF80000013609F1A3
:10B060000109B9F1040F01D0C145BEDB0EBB0820B8
:10B0700023F0EAFE00283FF40EAE734B4361734B9E
:10B0800083610323037446748674C67403E6D3464F
:10B09000DBED007A77EEC77A0AF1100AF0EEE77A74
:10B0A000F4EEE57AF1EE10FA3FF568AF0CF1010C21
:10B0B00058E7012E20D11DAB93E80700B0EE480AF7
:10B0C00084E807000CF05CFC07EB401383ED008A7A
:10B0D0004FEA401C94E807000CF1040EBE440CF14A
:10B0E000100C8EE80700002207EB0C0147F80C203B
:10B0F000C1E901221E7709E61CABDFED557A19463E
:10B100000022084690ED007A0132B24277EE877A4B
:10B1100001F11001F5D107EE106AF8EEC74A1946A1
:10B12000C7EEA45A0022DFED4A7A084690ED007A75
:10B13000013237EE657AB24247EE077A01F110012B
:10B14000F3D10DF158089FED434ADFED413A88ED08
:10B15000006AC44604F10C0E224688ED016A88EDAF
:10B16000026ADFED3B6A1846002190ED017A013159
:10B17000B14276EE876A00F11000F6D186EEA47A2D
:10B1800019460020A4EB020A9FED316AD1ED016A55
:10B1900001EB0A0999ED005A76EEC76A35EE655A59
:10B1A0000130B04205EE266A01F11001EED1F4EE55
:10B1B000C47AF1EE10FAC8BFC6EE276A03F10403A1
:10B1C00038EE656AD8BFF0EE636A06EE267AECECDC
:10B1D000016AA2EC017A9645C3D1B0EE480A0CF0A0
:10B1E000CFFB07EB4016430186ED008A1A1D17447A
:10B1F00094E8070087E80700174A134498E8070017
:10B2000083E807000123337780E5012D2DAE25D19A
:10B2100096E80700B0EE480A84E807000CF0B0FB9F
:10B2200007EB401383ED008A460194E8070006F11E
:10B23000040CBC4410368CE807000022B919BA513E
:10B24000C1E901221D7760E581D406008B04070067
:10B25000000000006F12833A58590020002300229A
:10B2600043EC172B8DED047B8DED027BCDE916238E
:10B27000CDE91823CDE91A23CDE91C23CDE91E23FE
:10B28000CDE92023CDE9002300230893F068FCF7E3
:10B2900033FA56ED017A77EEC87ACDE90A0117EE56
:10B2A000900AFCF729FADDE90A2380468946DDE9A0
:10B2B0000001FCF7C3F8DDE90A23CDE900014046AF
:10B2C0004946FCF771FA02460B46CDE90601DDE975
:10B2D0000201FCF7B3F84246CDE902014B46DDE935
:10B2E0000601FCF761FA0B460246DDE90401FCF7B2
:10B2F000A5F816AB0D93CDE904011CABDDF834B015
:10B300000E939A460F9600270F9B53F8040B0F934A
:10B31000FCF7F2F9DBE9008902460B46CDE9102380
:10B32000DDE90A23FCF740FA42464B46FCF786F873
:10B33000DAE90089DDE91023EBE80201DDE9060125
:10B34000FCF732FA42464B46FCF778F80137032FF8
:10B35000EAE80201D8D1089B0133AB42089306F119
:10B36000140693D1DDE90023DDE90401FCF71CFAA2
:10B37000DDE9022306460F4610461946FCF714FA8B
:10B3800002460B4630463946FCF756F847A3D3E948
:10B3900000238B4621F000418246FCF777FC00B386
:10B3A000DDE90023DDE91601FCF728FBFCF7F4FCDE
:10B3B000DDE900232060DDE91801FCF71FFBFCF745
:10B3C000EBFCDDE900236060DDE91A01FCF716FB08
:10B3D000FCF7E2FCB0EE480AA0600CF0D1FA324F64
:10B3E000BAE425460DF14C0804F10C090D9BB3ECB1
:10B3F000027B0D930E9BF3E8026751EC170B0E9343
:10B40000DDE904238DED067BFCF7CEF9DDE90223AF
:10B41000CDE9080130463946FCF7C6F902460B462D
:10B42000DDE90801FCF708F852465B46FCF7E6FA4E
:10B43000FCF7B2FCDDE9002345F8040B3946304641
:10B44000FCF7B2F9DDE9022306460F46DDE9060105
:10B45000FCF7AAF902460B4630463946FBF7ECFFEB
:10B4600052465B46FCF7CAFAFCF796FC4D4548F895
:10B47000040BBBD1B0EE480A0CF082FA0A4E06EB80
:10B48000401585ED008A430194E807001F1D3744ED
:10B4900087E8070013AA07CA1036334483E8070079
:10B4A00001232B7731E400BF48590020BBBDD7D919
:10B4B000DF7CDB3D000000002DE9F04F2DED068B19
:10B4C000A3B016ACCDE90D1209900C934FF40042D5
:10B4D000002320460CF0DCFD68B994E8070019ABA6
:10B4E0001CAC83E807004FF40042002320460CF018
:10B4F0002DFE834638B16FF0010B584623B0BDECEA
:10B50000068BBDE8F08F94E8070022AB03E9070043
:10B510001AF0C2FFB4EE400AF1EE10FAB0EE408A23
:10B5200080F1CA80FBEE047AB4EEE70AF1EE10FA7D
:10B5300040F3C280DFEDBE7AB4EEE70AF1EE10FA16
:10B5400040F1BA80B0EE409A38F0D3FACDE910015C
:10B550001AF0C6FFF0EE409A1AF0AEFFC9EE807AFC
:10B56000B6EE007A77EE877A19EE900AFDEEE77A6A
:10B57000F0EE408A17EE903A012BB8BF01230893F2
:10B58000FCF7BAF8CDE90A010C2023F05DFC054672
:10B5900098B19DED0A7BA74B436180ED067B18EEC9
:10B5A000900AFCF7A9F8089BAB62C5E908010723DC
:10B5B0002B7400236B74AB74EB74002328469E49F4
:10B5C0009FED9EAADFED9AAA4FF463523AF0AEFACD
:10B5D0009FED957B0C9B8DED047B8DED027B8DEDBE
:10B5E000007B8DED067B0025DB172E462F46AA46F5
:10B5F0002C460F9338F07DFA109BB0EB0308119B9B
:10B6000061EB03090C9B98450F9B79EB030358DB17
:10B61000082023F019FC50B1894BC0F81C90C0E9F8
:10B62000053804230374002343748374C374002314
:10B630004FF4035280493AF079FA082023F004FCD1
:10B6400040B1804BC0E905370323037400234374E2
:10B650008374C374784900234FF4C6523AF066FAF3
:10B66000DDED327A9FED787AF8EEE76AC6EE877AFA
:10B6700027EEA90AFDEEC07A17EE904AA74280F2A3
:10B6800054810C2023F0E0FB78B1704BC4619DED38
:10B690000A7BC0E90537329B836280ED087B072374
:10B6A0000374002343748374C374634900234FF409
:10B6B00062523AF03BFA1EE79FED659A9FED658A6C
:10B6C00042E7FDEEE97A013517EE903A9D4203DB41
:10B6D00007201FF069FA0025329B329ADB1790454C
:10B6E00079EB030313DB94B10A2023F0ADFB50B1D7
:10B6F000594BC0E90797C0E90538052303740023B7
:10B7000043748374C37400234FF4235292E7089B5D
:10B71000B3424FDC40F6CD42002313A80CF0B8FC36
:10B72000064600287FF4E7AE13AB16AA19A9804697
:10B73000B3EC017AF2EC017AB4EEE77AD1ED007A5B
:10B74000F1EE10FAB4EE677A48BF02ED017AF1EE3D
:10B7500010FAC8BFF0EE477A12ED017AE1EC017AF7
:10B7600077EEC78AF4EECA8AF1EE10FA1DDD0A20E0
:10B7700023F06AFB044670B1384BC4E9053818EE73
:10B78000900AFBF7B9FF0623C4E9080123740023DC
:10B790006374A374E374284900234FF44352204692
:10B7A0003AF0C4F94FF0FF3BA7E608F10108B8F101
:10B7B000030FBDD140F6CD42002313A80CF0C6FC08
:10B7C0000136804600287FF496AE13AB1CAA1FA951
:10B7D000F7EE086AB3EC017AF2EC017AB4EEE77A9C
:10B7E000D1ED007AF1EE10FAB4EE677A48BF02EDBF
:10B7F000017AF1EE10FAC8BFF0EE477A12ED017A45
:10B80000E1EC017A77EEC78AF4EEE68AF1EE10FAFF
:10B8100028DD0A2023F018FB04460028BBD0104B7B
:10B82000ABE700BFAFF300800000000000000000A5
:10B830000000704245D60600148106008FC2753D97
:10B8400095D6060048D7060000007A445ED7060069
:10B85000000080FF0000807FB9D60600F5D6060004
:10B860001FD7060008F10108B8F1030FB2D11398F1
:10B87000FBF742FF02460B46DDE90001FBF7DEFD68
:10B88000CDE900011498FBF737FF02460B46DDE9CE
:10B890000201FBF7D3FDCDE902011598FBF72CFF60
:10B8A00002460B46DDE90401FBF7C8FDCDE90401C2
:10B8B0001AF0F2FDB4EE400AF1EE10FAF0EE408A12
:10B8C00031D6FBEE047AB4EEE70AF1EE10FA2ADD87
:10B8D000B4EEEA0AF1EE10FA25D510EE100AFBF7E5
:10B8E0000BFF02460B46DDE90601FBF7A7FDF4EE70
:10B8F000488AF1EE10FAF4EE498A48BFB0EE688A41
:10B90000F1EE10FAC8BFB0EE689A39EE487AF7EE59
:10B91000007AB4EE677ACDE90601F1EE10FA0AF189
:10B92000010AA8BF0124013764E6BAF1000F28D04C
:10B930005046FBF7CFFE02460B46DDE90601FCF759
:10B940005DF8FCF729FA0D9B054618600A2023F0E4
:10B950007BFA044670B1324B43612846FBF7CCFEBC
:10B960000523C4E9060123740023C4F820A06374EE
:10B97000A374E3742B4900234FF4235220463AF07A
:10B98000D5F80E9B79EE488A0C20C3ED008A23F08F
:10B990005BFA0446C8B1244B436118EE900AFBF7EA
:10B9A000ABFEC4E9060118EE100AFBF7A5FEC4E9D8
:10B9B000080119EE100AFBF79FFE0823C4E90A01EB
:10B9C000237400236374A374E374002344F2C0025D
:10B9D000204614493AF0AAF83846FBF77BFE0246A7
:10B9E0000B4604460D46DDE90001FCF707F8FCF7BD
:10B9F000D3F9099B224618602B46DDE90201FBF7CB
:10BA0000FDFFFCF7C9F9099B224658602B46DDE98A
:10BA10000401FBF7F3FFFCF7BFF9099B98606CE5A5
:10BA2000ADD7060014810600DCD706000000000038
:10BA30002DE9F04F2DED068BADF2244D0CF064FA9C
:10BA4000064638F056F83F2E04460D4645DDBC4B01
:10BA5000BC48D3E90076D0E900239E4208BF974254
:10BA60003BD0B949D1E90023012A73F1000C07DB6F
:10BA7000A21A65EB0303B2F5706F73F100032CDBC0
:10BA8000C0E900760023C1E90045B048089306A943
:10BA9000CDE906331FF0F0F9B5EE400AF1EE10FAE9
:10BAA000AB4EF0EE408A1ED00EF09AF8DFEDA97A88
:10BAB000B4EEE70AF1EE10FAD6E90023B0EE408AC0
:10BAC00013D552EA030108D0A21A40F6B83165EB4B
:10BAD00003038A4273F1000307DA0DF2244DBDEC33
:10BAE000068BBDE8F08FB7EE008AD6E90023012A65
:10BAF00073F1000108DBA21A40F6B93165EB0303CC
:10BB00008A4273F1000378DAF5EE408AF1EE10FA1A
:10BB100073D0DFED917AB4EEE78AF1EE10FA6CD5CE
:10BB20008E4B1E68022E68DDDFED8D7AB4EEE78A5B
:10BB3000F1EE10FA1BD50A2023F086F9044670B105
:10BB4000884B436118EE100AFBF7D6FD0523C4E9C4
:10BB500006012374002326626374A374E374002334
:10BB60004FF423528049204639F0E0FFB5E70CF04E
:10BB700055FFDFED7E7AB4EEE70AF1EE10FA10EE33
:10BB8000107A21D50E2023F05FF90446C0B1784B1E
:10BB9000436118EE100AFBF7AFFD67A3D3E900235A
:10BBA000C4E90601C4E908233846FBF7A5FD0923CB
:10BBB000C4E90A012374002326636374A374E37445
:10BBC000002344F6C002CDE7082023F03DF90646E5
:10BBD00060B1684B43613846FBF78EFD0423C6E92C
:10BBE0000601337400237374B374F3745E49002345
:10BBF0004FF40352304639F099FF4FF44872002158
:10BC000040A83BF09BFA4FF0000A4FF0000B4FF0BA
:10BC1000000834A8CDE904ABCDE90988CDF82C8023
:10BC20000CF0AEF934A857EC106B0CF081F9CDE9AB
:10BC300018ABDFF850A18DED010A50460CF04CF91D
:10BC4000002875D108F10108B8F1080F0AF1D00AEF
:10BC5000F3D1494B002230463946FCF717F88046AD
:10BC600000287FF43AAF9DED017AF6EE007AB4EE4B
:10BC7000E77AF1EE10FA40F187800C2023F0E4F827
:10BC80000446B8B13D4B43610198FBF735FD3C4B91
:10BC90000022C4E90601C4E9082330463946FCF70E
:10BCA00033F80723A062237484F8118084F812808B
:10BCB00084F8138000234FF4635253E759F8040CBF
:10BCC000FBF71AFD41EC1A0B59F8080CFBF714FDB1
:10BCD00041EC190B59F80C0CFBF70EFDB0EE4A2A9B
:10BCE000F0EE6A2AB0EE491AF0EE691A41EC100B38
:10BCF00018AA04A940A818F0D5F959F80C3C1C93CF
:10BD000059F8083C1D9328AA59F8043C1E931CA915
:10BD100034A837F081FF28A909A837F0C6FE0BF137
:10BD2000010B9AF8C1309B4509F10C09C6DB89E784
:10BD3000D1464FF0000BF4E7000000A09999A93F0D
:10BD4000D01A0020C81A0020C01A0020185F002056
:10BD5000A01A00200AD7233DCDCC4C3D845E0020A4
:10BD6000295C0F3D8CDE060014810600CDCCCC3D55
:10BD7000BCDE060001DF0600000050403DDF06008B
:10BD80000000E03FD81A002032463B46DDE90401BE
:10BD9000FBF734FEFCF700F8F5EE408AF1EE10FAFE
:10BDA00009EE900A4DD0DFF88093D9F80030002BCF
:10BDB00047DDDFF8788398ED00AAB5EEC0AAF1EE72
:10BDC00010FA3EDD89EE8A9AF7EE047AB4EEE79A2D
:10BDD000F1EE10FA06DCDFEDC87AB4EEE79AF1EE88
:10BDE00010FA2ED50C2023F02FF80446C8B1C34B0F
:10BDF00043611AEE100AFBF77FFCC4E9060119EE55
:10BE0000900AFBF779FCC4E9080119EE100AFBF768
:10BE100073FC0823C4E90A01237400236374A37428
:10BE2000E3740023B6494FF48142204639F07EFE88
:10BE30000CF05CFE0023C9F800300023C8F8003085
:10BE40004BE600224FF0804330463946FBF71EFF99
:10BE5000B7EE009A002864D139463046FBF79CFFC4
:10BE600007EE900A89EE277ADDED0A7ADDED096AA0
:10BE70009DED0B6A67EE277A67EE266A27EEA70A22
:10BE800006EEA60A27EE067A07EE070A34F0AEFEA3
:10BE900010EE100AFBF730FC8046894630463946E2
:10BEA000FBF732FF82460C2022F0CEFF8346A0B182
:10BEB000944B43610198FBF71FFC0723CBE9060174
:10BEC000CBE908898BF810300023CBF828A08BF839
:10BED00011308BF812308BF81330894900234FF45E
:10BEE0006352584639F022FE47EC116B9DED040B6E
:10BEF0001CA940A80BF05CFF0646A8B90A2022F056
:10BF0000A3FF48B1804B4674C0E90889C0E9053AEF
:10BF1000062303748674C67400234FF44352784991
:10BF200022E619EE100AB5E7F5EE408AF1EE10FAB6
:10BF3000764E00F04B82D6E90023012A73F100010E
:10BF400009DBA21A41F2707165EB03038A4273F1B7
:10BF50000003FFF6C2AD1CA80CF058F8DFED6C7AB8
:10BF6000B4EEE70AF1EE10FA2DDA9FED737ADFED09
:10BF7000697AB4EEC70AF1EE10FA09D930EE470A31
:10BF80009FED657AC0EE076A9FED647A46EE877A88
:10BF9000634B39EE679A00221CA98F1834A98818C0
:10BFA00003F10C01B7EC017AF3EC016A27EE877A12
:10BFB00009EE267A9942A0EC017AF3D10C32302AAC
:10BFC00004D00B46E8E7DFED577AE1E70023CDE93F
:10BFD0000C330E93379B0F933B9B10930FA83F9B03
:10BFE000119338F0E7FCDDED0F7ADDED108A8DED71
:10BFF000120AF0EEE77AF0EEE88AF4EE687AF1EEF3
:10C0000010FAC8BFF0EE678ADDED117A8DED130AE4
:10C01000F0EEE77AF4EEE87AF1EE10FAB0EE409A3C
:10C020008DED140A0CA9B7EE000A34A858BFF0EE43
:10C03000678A1EF03DFF002840F080801F9B15930B
:10C04000239B169315A8279B179338F0B3FCDDEDBF
:10C05000157ADDED168A8DED180AF0EEE77AF0EE2E
:10C06000E88AF4EE687AF1EE10FAC8BFF0EE678A5B
:10C07000DDED177A8DED190AF0EEE77AF4EEE87A45
:10C08000F1EE10FAB0EE409A8DED1A0A0CA9B7EE57
:10C09000000A1CA858BFF0EE678A1EF009FF0028AE
:10C0A00000F05A81DFED227A9FED220A29EE279ACD
:10C0B00018A9B4EEC09AF1EE10FAC8BFB0EE490A62
:10C0C00015A81EF0F5FE002800F04681F2EE007A79
:10C0D000F4EEE78AF1EE10FA00F23E810DF1700CF9
:10C0E000BCE80F0028AF0FC7BCE80F000FC79CE8E3
:10C0F0000F0087E80F004AE0CDCC4C3F8BDF0600F5
:10C1000014810600E6DF060023E00600B01A0020D6
:10C11000EC51783F3333333F90C2F53DE17A14BFA1
:10C12000185F00208FC2F53D845E0020805E0020F5
:10C13000CDCC4C3ECDCCCC3D9A99593F5FED047AA5
:10C140001FED040A29EE279A12A9B4EEC09AF1EE67
:10C1500010FAC8BFB0EE490A0FA81EF0A9FE0028C9
:10C160003FF46CAFF2EE007AF4EEE78AF1EE10FAEB
:10C170003FF664AF34AF0FCF0DF1A00CACE80F0069
:10C180000FCFACE80F0097E80F008CE80F001CA859
:10C190000BF03CFF5FED187AA14F8DED010AB4EE74
:10C1A000E70AF1EE10FAD7F800B022D510EE100A27
:10C1B000FBF7A2FABBF1020FCDE9020100F3DC802C
:10C1C0000A2022F041FE70B19DED027B954B436148
:10C1D0000BF10103036280ED067B0523037400234A
:10C1E00043748374C374904900234FF4235239F08D
:10C1F0009DFC3B6802930E2022F026FE8346E0B1B0
:10C20000029B8A4A42610133C0E9063AC0E90889C3
:10C2100018EE100AFBF770FACBE90A010198FBF758
:10C220006BFA0A23CBE90C018BF8103000238BF852
:10C2300011308BF812308BF813307B49002345F214
:10C24000C002584639F072FC0DF1A00CBCE80F009A
:10C25000DFF8F0E1AEE80F00BCE80F00AEE80F0039
:10C260009CE80F000DF1A0088EE80F00B8E80F0061
:10C270000DF1700EAEE80F00B8E80F00AEE80F0049
:10C280009CE80F008EE80F000CF030FC3B68C6E91C
:10C29000004501333B60664BC3ED009A0FF0E8FFA9
:10C2A00019F086FE634B644A00241C60002313606F
:10C2B000624A1360624B634A19680520302301F516
:10C2C0008A711DF051FD19F059FE062022F0BCFDC7
:10C2D00030B15D4B43610223037444748474C474AD
:10C2E000514900234FF4865239F020FC1CAC032640
:10C2F000002754F804BB0E20D4F808A0D4F81490FA
:10C30000D4F8208022F0A0FD0546D0B14F4B436108
:10C310005846FBF7F1F9C5E906015046FBF7ECF981
:10C32000C5E908014846FBF7E7F9C5E90A014046B7
:10C33000FBF7E2F9C5E90C010A232B746F74AF74A3
:10C34000EF743949002345F2C002284639F0EEFB6C
:10C35000013ECED1FFF7C1BB062022F075FD38B1FA
:10C360003B4B436102230374002343748374C374FF
:10C3700000234FF48452D2E518EE100AFBF7BCF903
:10C38000DFED347AB4EEE78AF1EE10FA04460D469A
:10C390004FF00A0014D522F057FD68B12E4B4361CF
:10C3A0009DED027B062380ED067BC0E90845037402
:10C3B000002343748374C37400234FF44252AEE5E8
:10C3C00022F042FD0028F7D0244BE8E70A2022F0B3
:10C3D0003BFD50B1224BC0E90889C0E9053A06236C
:10C3E0000374002343748374C3740F49154F0023EF
:10C3F0004FF4435239F09AFB0DF1700CBCE80F007A
:10C400000FC7BCE80F000FC79CE80F0087E80F00BC
:10C410000CF06CFB024B0122C6E900451A603AE7BA
:10C42000845E00209CE0060014810600A3E1060063
:10C43000805E0020885E0020905E00208C5E0020E0
:10C44000D0060020185F002038E2060074DD0600E8
:10C4500063E00600CDCC4C3DD8E006003FE106008D
:10C46000F3E10600000000002DE9F04F2DED048BF4
:10C470000021BDB007201EF01BFB0CF055FC19F08D
:10C4800001F9044637F035FB05460E465CB942F229
:10C49000107707201EF088FB0A2037F0ADFB19F05B
:10C4A000F1F80446B0B1B44D2B68B3F84849032CF9
:10C4B00039D80021012208460CF04CFD0121002052
:10C4C0000CF0DCFD19F054FDF0B1012100200DF05D
:10C4D0000FFA19E037F00DFB401B61EB0601B84283
:10C4E00071F10001D5DB062022F0AEFC30B1A34B88
:10C4F00043610223037444748474C474A049002308
:10C500004FF4865239F012FB00200BF047FF431E18
:10C510000D90042B01F25E80DFE813F060007700DD
:10C52000B2006902AC03462C1DD90A2022F08CFC13
:10C5300060B1944B4361944BC0E9063446230362D7
:10C5400005230374002343748374C37400234FF4DE
:10C5500021528B4939F0EAFA2B680022A3F84829C6
:10C5600083F84A29A5E719F097FFB4EE400AF1EEE7
:10C5700010FAB0EE408A1ED6082022F065FC044670
:10C5800068B1824B436118EE100AFBF7B5F804233B
:10C59000C4E90601237400236374A374E374784927
:10C5A00000234FF40352204639F0C0FAB0EE480A97
:10C5B0000BF090FA7DE7062022F046FC38B1744B70
:10C5C000436102230374002343748374C3746C496E
:10C5D00000234FF4845239F0A9FA6AE701212020A0
:10C5E0001DF07AFA0EF078F94FF0FF300BF0D6FE1E
:10C5F000002120201DF070FA664B93F87534022B51
:10C6000041F0568401230D9313E0012120201DF0F9
:10C6100063FA0CF09FFD4FF0FF300BF0BFFE0021DE
:10C6200020201DF059FA5B4B93F87534022B41F032
:10C630003F84514B574C1B68D4F87024B3F84839E9
:10C640009A424FF0000501F01584A4F874540820B4
:10C65000D4F8844422F0F8FB50B14F4BC0E90534C4
:10C660004723C36104230374002343748374C37496
:10C67000434900234FF4035239F058FA01F0E6BB66
:10C68000202001211DF028FA062022F0DDFB38B120
:10C69000424B436102230374002343748374C374C5
:10C6A000374900234FF4865239F040FA19F0F4FE6E
:10C6B000B4EE400AF1EE10FAB0EE408A0DD6FBEE71
:10C6C000047AB4EEE70AF1EE10FA06D4DFED347A1C
:10C6D000B4EEE70AF1EE10FA14DD082022F0B4FB04
:10C6E00048B1304B4361304B836103230374002313
:10C6F00043748374C374224900234FF4C25239F047
:10C7000015FA88E70BF080FD1B4C0546002851D137
:10C71000062022F099FB30B1244B436102230374BD
:10C7200045748574C57400234FF48452144939F05C
:10C73000FDF9226892F84E390133DBB2012B82F801
:10C740004E397FF668AF082022F07EFB48B1184BC7
:10C7500043610223836103230374002343748374BE
:10C76000C37400234FF4C452054939F0DFF923683C
:10C77000012283F84D294EE7D00600206DEA06001D
:10C7800014810600ADEA0600A2040700E3EA0600F1
:10C790002CEB0600EC590020A5FA060060EB060021
:10C7A0000000704284EB060030040700A6EB060090
:10C7B000C6EB06004FF4FA7037F01EFA062022F09E
:10C7C00043FB38B1AE4B436102230374002343742F
:10C7D0008374C374AB4900234FF4865239F0A6F931
:10C7E000A94B309340F6B833009330AA41F2883316
:10C7F0002AA92DA8FEF760FE834600287BD0B0F161
:10C80000FF3F50D1062022F01FFB38B19F4B436100
:10C8100002230374002343748374C37400234FF40E
:10C820008652984939F082F9226892F84E390133DC
:10C83000DBB2012B82F84E397FF6EDAE082022F0F4
:10C8400003FB48B1924B43610223836103230374CA
:10C85000002343748374C3748A4900234FF4C45281
:10C8600039F064F930A8B0EE480A0DF091FF0546A2
:10C8700000287FF47CAF062022F0E6FA30B1854B29
:10C8800043610223037445748574C5747D49002394
:10C890004FF4865239F04AF92368012283F84D2972
:10C8A00037F0D4F9B7E610F1020F11D1082022F0C9
:10C8B000CBFA48B1784B4361784B8361032303740F
:10C8C000002343748374C37400234FF4C252A8E757
:10C8D00010F1030FA8D1062022F0B6FA38B1704B40
:10C8E000436102230374002343748374C3740023DD
:10C8F0004FF4845295E79DED2A8ADDF8B4A0DDF867
:10C90000B890DDF8BC8018EE100AFAF7F5FE06467E
:10C910001020309D0F4622F097FA0446F8B1614B83
:10C9200043615046FAF7E8FEC4E906014846FAF7C3
:10C93000E3FEC4E908014046FAF7DEFEC4E90C67ED
:10C94000C4E90A012846FAF7D7FEC4E90E010C2310
:10C95000237484F811B084F812B084F813B0204620
:10C960004849514C002346F2C00239F0DFF8B0EEDE
:10C97000480A2DA80EF0E8FB054688B1082022F0F1
:10C9800063FA48B1494B4361494B83610323037404
:10C99000002343748374C37400234FF4C252E3E64C
:10C9A0002368012283F84D29424B83ED008A37F03A
:10C9B000A0F8414B8046C3E900010A200C4622F052
:10C9C00043FA50B13D4B4361C0E90667C0E90884B2
:10C9D0000623037445748574C57400234FF44352D1
:10C9E000284939F0A3F8002019F0D2FA13E62020E4
:10C9F00001211DF071F8062022F026FA38B1304BE3
:10CA0000436102230374002343748374C3741D4978
:10CA100000234FF4865239F089F819F03DFDB4EE49
:10CA2000400AF1EE10FA0DD6FBEE047AB4EEE70AF6
:10CA3000F1EE10FA06D4DFED237AB4EEE70AF1EE58
:10CA400010FA47DD082022F0FFF948B11E4B436180
:10CA50001E4B836103230374002343748374C374E4
:10CA600000234FF4C252074939F060F837F041F81B
:10CA7000174A114B801861F10001C3E90001CAE5B2
:10CA8000F9EB0600148106000000C07F2DEC0600C3
:10CA9000FBEC060023ED060059EC06001704070026
:10CAA00081EC0600B2EC0600D00600206CED06001A
:10CAB00030040700D8060020981A002097ED0600E1
:10CAC000D3ED06000000704212EE0600D603070008
:10CAD000D08AFFFF082022F0B7F940B1A44B436190
:10CAE000032383610374002343748374C374A149D3
:10CAF00000234FF4C65239F019F89F4B2D934FF491
:10CB0000FA6300932DAA40F6B8332AA930A8FEF79D
:10CB1000D3FC054600284AD0411C22D1062022F031
:10CB200093F938B1954B4361022303740023437496
:10CB30008374C37400234FF486528E4938F0F6FF95
:10CB4000082022F081F940B18D4BC0E9053503235F
:10CB50000374002343748374C37400234FF4C452DA
:10CB600081E7821C11D1082022F06EF948B1854B73
:10CB70004361854B836103230374002343748374EF
:10CB8000C37400234FF4C252D7E7C31CD8D1062088
:10CB900022F05AF938B17D4B43610223037400231C
:10CBA00043748374C37400234FF48452C5E79DED2E
:10CBB0002A8ADDF8C0B0DDF8C4A0DDF8C89018EE10
:10CBC000100AFAF799FD06461020DDF8B4800F46EA
:10CBD00022F03AF90446E0B16D4B43615846FAF74A
:10CBE0008BFDC4E906015046FAF786FDC4E9080149
:10CBF0004846FAF781FDC4E90C67C4E90A014046DA
:10CC0000FAF77AFDC4E90E010C2323746574A57448
:10CC1000E57420465749002346F2C00238F086FFEB
:10CC2000B0EE480A30A80EF08FFA044648B108204A
:10CC300022F00AF900283FF45EAD564B4361564B93
:10CC400052E536F056FF554BC3E90001544B08201E
:10CC500083ED008A22F0F8F840B1524B4361C0E9FD
:10CC600006670423037444748474C47400234FF46B
:10CC70000352B5E6012120201CF02EFF4A4B1B7801
:10CC80000E934A4B1C880E9B022B00D8BCB908207F
:10CC900022F0DAF848B1464B4361464B83610323E7
:10CCA0000374002343748374C374324900234FF424
:10CCB000C25238F03BFF404838F020FACCE307EE90
:10CCC000904AF8EEE78ADFED3D7A0E9A3C4B68EE2B
:10CCD000A78A9B5C0F9318EE900AFAF70DFDCDE939
:10CCE00014010A2022F0B0F870B1364B43619DED7B
:10CCF000147B0F9B80ED087BC0E906340623037488
:10CD0000002343748374C3741A4900234FF44352BD
:10CD100038F00CFF042001211BF0D8FD062022F082
:10CD200093F838B1284B4361022303740023437402
:10CD30008374C3740F4900234FF4865238F0F6FE13
:10CD40000BF062FA0446002844D1062022F07CF859
:10CD500030B11E4B43610223037444748474C47461
:10CD6000044900234FF4845238F0E0FE1848A3E74A
:10CD700037EE0600148106000000C07F6DEE06004D
:10CD800047EF06009CEE0600BA030700C7EE060058
:10CD9000FBEE060075EF0600D6030700981A002088
:10CDA000D8060020A3EF060041BB0020BE80002073
:10CDB000D5EF0600A403070005F006000000B44309
:10CDC000A6B9060044F0060081F00600A5F00600B2
:10CDD000DAF0060000220023CDE93023CDE932232A
:10CDE000CDE9342336F085FE002406460F4636F0A2
:10CDF00080FE801B61EB0701B0F57A7F71F10001C5
:10CE000014DB002C46D1062022F01EF830B1A94BCD
:10CE100043610223037444748474C474A6490023D8
:10CE20004FF4845238F082FEA44845E74FF40042A4
:10CE300000232AA80BF08AF9054698B1062022F0B3
:10CE400003F838B19E4B43610223037400234374FB
:10CE50008374C374984900234FF4845238F066FEFB
:10CE6000984829E70DF1C00A0DF1A80BDAE900890D
:10CE70005BF8040BFAF740FC42464B46FAF7DEFA41
:10CE80000135032DEAE80201F0D1072001341DF03D
:10CE90008BFEACE70DF1C0090DF1B408002520466A
:10CEA000FAF718FCF9E8026702460B4630463946A5
:10CEB000FAF7A4FDFAF770FF0135032D48F8040BCB
:10CEC000EDD10C202D9F2E9E2F9D21F0BDFF0446FD
:10CED000B0B17D4B43613846FAF70EFCC4E9060158
:10CEE0003046FAF709FCC4E908012846FAF704FCC1
:10CEF0000823C4E90A01237400236374A374E37450
:10CF00006D49002344F2C002204638F00FFE052090
:10CF100001211BF0DBFC082021F096FF48B16B4B90
:10CF200043610F9B83610323037400234374837461
:10CF3000C37400234FF4C6525F4938F0F7FD36F052
:10CF4000D8FD0E9B3CAA04460E4605460F4647F206
:10CF5000305902EB830836F0CCFD001B61EB060173
:10CF6000484571F1000113DB062021F06DFF38B157
:10CF7000574B436102230374002343748374C374C7
:10CF80004D4900234FF4845238F0D0FD514893E6C8
:10CF90004FF4004200232AA80BF0D8F80028DAD179
:10CFA00018ED0F9A18ED128A36F0A3FD401B61EBC5
:10CFB0000701B0F57A7F71F1000138EE498A06DB8E
:10CFC00007201DF0F1FD36F094FD05460F46B0EE4A
:10CFD000C88AF3EE0E7AB4EEE78AF1EE10FABADD03
:10CFE000022001211BF072FC062021F02DFF38B138
:10CFF000394B436102230374002343748374C37465
:10D0000000234FF486522C4938F090FD36F071FD24
:10D010004FF000094FF0000ACDE91E0136F067FD20
:10D020001E9B2293CDE9129ACDE9109A1F9B239360
:10D030004FF0FF3407468846254636F05AFD1E9BC2
:10D04000C01A1F9B61EB03014EF66023984271F1F9
:10D05000000113DB062021F0F7FE38B11F4B4361BE
:10D0600002230374002343748374C374124900239E
:10D070004FF4845238F05AFD19481DE64FF400422F
:10D0800000232AA80BF062F8064678B3062021F0A8
:10D09000DBFE38B1134B4361022303740023437456
:10D0A0008374C374044900234FF4845238F03EFD66
:10D0B0000D4801E6A6F1060014810600D9F106002C
:10D0C0001CF1060058F1060015F2060046F20600B3
:10D0D00086F20600BAF20600F7F206009BF306009D
:10D0E000DCF306001AF3060056F3060036F0FFFCE8
:10D0F000BB4BC71BCDE9200161EB0808A7FB0371FF
:10D1000017F5804703FB081141F10001F80B40EAD5
:10D110004140C90BFAF712FBABA3D3E90023FAF79E
:10D1200043FB0E9B3CAA02EB830313ED128A38EEFD
:10D13000498ACDE9160118EE100AFAF7DDFADDE9A1
:10D140001623FAF731FB02460B46DDE91001FAF728
:10D1500075F9B0EEC88ACDE9100118EE100AFAF799
:10D16000CBFADDE91623FAF71FFB02460B46DDE991
:10D170001201FAF763F99FED967BCDE912018DED6F
:10D18000187B2AAF0DF1B40B0E9BB34215D097ED6F
:10D19000007ADBED007A77EE677A17EE900AFAF7FD
:10D1A000ABFA02460B46FAF7FFFA02460B46DDE9F8
:10D1B0001801FAF743F9CDE918010136032E07F1FA
:10D1C00004070BF1040BDFD19DED180B33F038FC95
:10D1D000DDE9160153EC102BFAF7E6FA0B4602468E
:10D1E00051464846FAF72AF981468A4636F081FCCC
:10D1F000229BC01A239B61EB0301B0F57A7F71F18A
:10D20000000106DB07201DF0CFFC36F072FCCDE9F3
:10D210002201F2EE047AB4EEE78AF1EE10FA4DD56F
:10D22000DFED707A109B1A9368EEA77A119B17EEC8
:10D23000900A23F000431B93FAF75EFA02460B466E
:10D24000DDE91A01FAF736FD002837D0002D06DA9D
:10D2500036F04FFC04460D46DDE92078EDE636F069
:10D2600048FC001B61EB0501B0F57A7F71F100010C
:10D27000F2DB109B1C931B9B1D93DDE91C01FAF74D
:10D280008BFDDFED597A08EE100AB4EEE78AF1EE75
:10D2900010FA17D5062021F0D7FD38B1534B436162
:10D2A00002230374002343748374C374504900231E
:10D2B0004FF4845238F03AFC4E48FDE44FF0FF340E
:10D2C0002546C9E744A3D3E90023DDE91201C8EEEE
:10D2D000889AFAF7F9FC002870D0DDE91223484655
:10D2E0005146FAF78BFBFAF757FD09EE100A18EED4
:10D2F000100AFAF701FA824619EE100A8B46FAF77D
:10D30000FBF906460E200F4621F09EFD0446B8B1FB
:10D310009DED147B80ED087B78EE687A364B436197
:10D32000C0E906AB17EE900AFAF7E6F90A23C4E95A
:10D330000A01C4E90C67237400236374A374E374C3
:10D3400020462B49002345F2C00238F0EFFB19EECE
:10D35000900AFAF7D1F9044608200D4621F074FD31
:10D3600048B1264B4361C0E90645042303740023FA
:10D3700043748374C3741E4900234FF4035238F07E
:10D38000D5FB9FED1F7AF0EEE97AF4EE477AF1EEE5
:10D3900010FA3BD9062021F057FD38B1194B4361F3
:10D3A00002230374002343748374C374104900235D
:10D3B0004FF4845238F0BAFB13487DE4B7EE009A7C
:10D3C00095E700BFAFF300808DEDB5A0F7C6B03E86
:10D3D0000000000000000000FCA9F1D24D62503FA7
:10D3E00040420F009A99593F6F12833A26F4060083
:10D3F0001481060062F40600A7F406000CF506008E
:10D40000FFFF7F7F39F5060079F50600F5EE007A1B
:10D41000B4EEE79AF1EE10FA24DD0A2021F014FDB3
:10D42000AD4D002458B1AD4B4361C0E906670623FA
:10D43000C0E908450374002343748374C374002354
:10D440004FF44252A64938F071FBCDE90045A5489A
:10D4500032463B4637F052FE012108461BF036FAB1
:10D46000FFF7D9B8F7EE007A87EEA97A77EEC77A98
:10D470009FED9D7A67EE877A17EE908ADFED9B7AB3
:10D48000F4EEE79AF1EE10FA06D4DFED997AF4EEB5
:10D49000E79AF1EE10FA33DD0C2021F0D5FC8AA7D3
:10D4A000D7E900679FED8A8B68B1924B4361C0E971
:10D4B00006450823C0E9086780ED0A8B0374002342
:10D4C00043748374C37400234FF48142844938F059
:10D4D0002DFB4046FAF710F99DED147B0523CDE9AD
:10D4E0000A0108938DED068BCDE90467CDE902456D
:10D4F0008DED007B804852465B4637F0FFFDABE781
:10D50000DFF82CA2DAF80090B9F1000F18D108204A
:10D5100021F09AFC58B1794B4361794B8361032325
:10D52000037480F8119080F8129080F813906C4981
:10D5300000234FF4C25238F0F9FA7248FFF7BCBB2F
:10D540000E9B09EB8309C9ED5D9A0AF0FBF9DAF845
:10D55000002002F5BA7206200C2311461CF004FCD0
:10D560000A2021F071FC58B1674B43610F9B836126
:10D57000C0E9084506230374002343748374C3740D
:10D58000574900234FF4435238F0D0FADFED5F7A69
:10D59000B4EEE79AF1EE10FACDE9046740460EDDED
:10D5A000FAF7AAF80523CDE902010F99584800932C
:10D5B00022462B4637F0A2FD012109204EE7FAF75B
:10D5C0009BF80523CDE9020100930F9951482246AB
:10D5D0002B46EFE7DFF85C8198F90030002B80F2F2
:10D5E0002F8400244C48269424A9CDE924441DF01E
:10D5F00043FCB5EE400AF1EE10FA14D00BF0DAFA63
:10D6000020201CF019FB454D40B995F87534022BCC
:10D6100040F049844FF0FF33FEF7F5BF214620204C
:10D620001CF05AFAF1E720201CF006FB18B9012182
:10D6300020201CF051FA36F05AFA012871F100014D
:10D6400034DB36F054FA10F5004441F10005344F54
:10D65000344ED7E90023C6E90023D7E90013D6E901
:10D660000002884272EB030324D200220023C6E9A1
:10D67000002336F03CFAA042A9415DDB082021F0EE
:10D68000E3FB48B1284B4361284B836103230374B8
:10D69000002343748374C374002311494FF4C252AE
:10D6A00038F044FA1D4B93F87534B0E74FF400445A
:10D6B0000025CCE736F01BFAA042A941D5DA36F0B6
:10D6C00098FACAE7AFF30080000000C0CCCCEC3F72
:10D6D000000000A09999F13F0000D03FC4F506007A
:10D6E0001481060009F606000000E1446666663F04
:10D6F000CDCC8C3F6DF60600B8F606005FF706004D
:10D70000A4030700A3F70600E9F70600CDCCCC3D43
:10D710001CF80600D0F80600185F0020EC59002025
:10D7200030190020281900204AF906007903070063
:10D73000D006002042BB0020AB4B1D685E689F688E
:10D74000AA4BD3ED018A93ED009A93ED028A28EE5D
:10D75000A86A09EE096A08EE086AF6EE087AB4EEDD
:10D76000E76AF1EE10FA50DBDFEDA17AB4EEE76A7A
:10D77000F1EE10FA94BF0124002427A827952896DB
:10D78000299736F085F9DFED9B7AB4EEE70AF1EEE2
:10D7900010FA00F15E810146974836F0FEF996488E
:10D7A0002AAA27A936F0DAF9002800F0528174B3CA
:10D7B000B0EE460A33F01AFAB7EE007AC7EE007AF6
:10D7C00029EE279A68EEA78A28EE278A8B4900233C
:10D7D000D1E900010022FAF777FA894BDDED2A5AE8
:10D7E0009DED2B6ADDED2C6AC0B9C3ED005A83EDC7
:10D7F000016AC3ED026A002C39D0824B83ED009A96
:10D80000C3ED018A83ED028A31E00024B5E79FED84
:10D810007E8AF0EE488AB0EE489AD7E77B497C4A88
:10D82000087818B97B48106001200870D3ED017AA0
:10D8300093ED007AD2ED004A66EE277A45EE877ABC
:10D8400093ED027A46EE877AB7EE005A75EE677A64
:10D85000002C40F0B180F4EEE47AF1EE10FAC0F260
:10D86000F880C3ED005A83ED016AC3ED026A3846C1
:10D87000F9F742FF41EC190B3046F9F73DFF41EC57
:10D88000180B2846F9F738FFB0EE492AF0EE692A5E
:10D89000B0EE481AF0EE681A41EC100B574A5E4998
:10D8A0005E4816F0FFFB544827A92DAA36F0B4F9BC
:10D8B00030A92DA80AF0A0F8002840F0D081DFF8A8
:10D8C0003CA1574BDAE90045002220462946FAF7E9
:10D8D000F1F9002800F0BD8020462946FAF714FA35
:10D8E000502290FBF2F302FB1303002B814600F35E
:10D8F000B0804C4A4C4B0325B0EE008AF2EC017A22
:10D90000B3EC017A77EEC77AF4EE487AF1EE10FACA
:10D9100048BFB0EE678A013DF0D137480AF008FBF6
:10D9200018EE100AF0EE408AF9F7E6FE06461020DF
:10D930000F4621F089FA0446A8B19FED299B3B4B85
:10D94000C0E90867C0E9053980ED0A9B18EE900A26
:10D95000F9F7D2FE84ED0E9BC4E90C010C2323746D
:10D960006574A574E5743249002346F2C00220466E
:10D9700038F0DCF8F6EE007AB4EEE78AF1EE10FA51
:10D9800005D4F4EEE78AF1EE10FA40F18381062027
:10D9900021F05AFA38B1274B436102230374002364
:10D9A00043748374C374224900234FF4865238F0C1
:10D9B000BDF801210820A2E1124AF4EEE47AF1EE6A
:10D9C00010FAD2ED003A92ED017A92ED024A33DB81
:10D9D000C3ED005A83ED016AC3ED026A0DE700BF93
:10D9E000000000000000E03F245900203C590020C6
:10D9F0006666A63F77CC2B32E05E002058210020DF
:10DA0000A05E0020945E0020000000003DBB0020CE
:10DA10002059002000E9783C602100206821002086
:10DA200000005040FC5E0020085F00206AF90600FC
:10DA300014810600BCF9060067EE287A43EE897A65
:10DA400044EE087A35EE675AB4EEE45AF1EE10FA75
:10DA5000BEDA36F04EF8BC4BD3E90042041B61EB52
:10DA60000202B4F57A7F72F100021DDBC3E9000106
:10DA7000B64B0820D3E9004521F0E6F9064660B12F
:10DA8000B34B436129462046FAF73EF9032333742A
:10DA90000023B0617374B374F374AE4900234FF480
:10DAA000C652304638F042F898F80030FF2B7EF42A
:10DAB000A3AD062021F0C8F938B1A74B436102237A
:10DAC0000374002343748374C3744FF48652A149D2
:10DAD000002338F02BF818F07FFA9C4B9F4993ED08
:10DAE000001B9F4B30A893ED000B16F067FB0BF06B
:10DAF00061F8062021F0A8F938B19A4B436102235E
:10DB00000374002343748374C374924900234FF455
:10DB1000865238F00BF830AE0325002756F804BBC8
:10DB20000E20D6F808A0D6F81490D6F8208021F060
:10DB30008BF90446D0B18C4B43615846F9F7DCFDB4
:10DB4000C4E906015046F9F7D7FDC4E90801484683
:10DB5000F9F7D2FDC4E90A014046F9F7CDFDC4E961
:10DB60000C010A2323746774A774E77479490023AE
:10DB700045F2C002204637F0D9FF013DCED12946FB
:10DB800030A80BF0B5FE0D90002800F0FD800121BB
:10DB900008461AF09BFE062021F056F930B1734B6F
:10DBA00043610223037445748574C5746949002375
:10DBB0004FF4865237F0BAFF062021F045F938B10C
:10DBC000684B436102230374002343748374C3745A
:10DBD0006049674E00234FF4865237F0A7FF0325B4
:10DBE000002756F804BB0E20D6F808A0D6F81490EB
:10DBF000D6F8208021F028F90446D0B15A4B436171
:10DC00005846F9F779FDC4E906015046F9F774FD65
:10DC1000C4E908014846F9F76FFDC4E90A01404626
:10DC2000F9F76AFDC4E90C010A2323746774A77429
:10DC3000E7744849002345F2C002204637F076FFDA
:10DC4000013DCED1012128460BF052FE20201BF0D1
:10DC5000F3FF484C002871D194F87534D7E4464856
:10DC6000464930AB0322F3EC017AB0EC017AF4EED2
:10DC7000C77AB1EC017AF1EE10FAF4EEC77A48BF38
:10DC800040ED017AF1EE10FAC8BF41ED017A013A98
:10DC9000E9D114E6324B31489AED001B93ED000BAD
:10DCA00000210AF085F8814660B398F800300A2018
:10DCB00043F07F03DAE9004588F8003021F0C4F82A
:10DCC000814698B12E4B436129462046FAF71CF84D
:10DCD0000623C9E9086789F810300023C9F818003D
:10DCE00089F8113089F8123089F8133019494846FB
:10DCF00000234FF4435237F019FF012105201AF099
:10DD0000E5FDA6E60820DAE9004521F09DF8064683
:10DD100070B11C4B436129462046F9F7F5FF0323F8
:10DD2000B061337486F8119086F8129086F81390DB
:10DD3000084900234FF4C652304638E629462020D1
:10DD40001BF0CAFE88E700BF88240020582100206D
:10DD500043FA06001481060061FA060068210020DB
:10DD60006021002090FA060074DD060088DD0600C0
:10DD7000185F0020EC590020085F0020FC5E0020A6
:10DD8000E6F9060010FA0600062021F05DF830B131
:10DD90004A4B43610223037445748574C574484932
:10DDA000484D00234FF4865230AC37F0BFFE0FCC05
:10DDB0000FC50FCC0FC594E80F0085E80F000AF0DF
:10DDC000DFFE0EF055FA18F0F3F83F4B1968052006
:10DDD0003023A5F1200201F58A711BF0C5FF062052
:10DDE00021F032F838B1394B436102230374002328
:10DDF00043748374C37400234FF486523049344C07
:10DE000037F094FE012109201AF060FD18F0B6F8F1
:10DE100020201BF011FF70B994F87534022B3EF4EA
:10DE200008ACFDF705FE07201CF0BEFE642035F0AF
:10DE3000E3FEFEF769BB002120201BF04DFEEBE75F
:10DE4000234B93F87534022B3EF4F3AB0D9B002B60
:10DE5000E7D007201CF0A8FE0D9B002B26DB2AE054
:10DE6000421C1C491301CB5C9BB9C4F8782409F00F
:10DE700009FE0135082DD4F878040CD0002346287B
:10DE8000EEDD43B1C4F87804032384F87534FEF75B
:10DE9000DEBB1046F3E7D4F87834462BF4DC0A20D6
:10DEA00035F0AAFED2E707201CF07EFE0520BEE773
:10DEB00007201CF079FE1420B9E700BFA7DD06009B
:10DEC00014810600185F0020D0060020BCDD06008B
:10DED000EC590020E85900202DE9F04F89B01F4689
:10DEE000DB000593139B0390DB000493139B0792C5
:10DEF00023EAE373DB000D4606934FF00008079B0F
:10DF000098452BDB09B0BDE8F08FDBE90023F4E88E
:10DF10000201F9F749FC0B460246DDE90001F9F779
:10DF20008DFA049BCDE900019B4409F101099DEDA7
:10DF3000007BB9458AED007BE7DB0AF1080A013670
:10DF4000129B03EBC60B139B9E420BDA9FED0A7BE1
:10DF50002C468DED007B4FF00009E8E7DDF80CA0C2
:10DF60000026EDE7069B039A1A44059B03921D4485
:10DF700008F10108C3E700BF000000000000000036
:10DF80002DE9F74F0F461C4619460646384690467F
:10DF9000651E16F0A7FEA31E9FED257B9FED266B49
:10DFA000E24304FB03316FF0070004FB0545183E14
:10DFB0004FEAC409D20007EBC101A0EBC400ED0099
:10DFC0000196A7F1100B002B02DC03B0BDE8F08F27
:10DFD000019E03F1010C2E440BEB050EA44512DB50
:10DFE00058F823609E420AD004FB063607EBC606AB
:10DFF000B6468A469C46A44510DB86ED006B013B85
:10E0000011440544DFE796ED005B0CF1010C8EED49
:10E01000005B86ED007BCE444E44DFE79EED005B67
:10E020000CF1010CAAEC025BAEEC027BE3E700BF53
:10E030000000000000000000000000000000F03FB1
:10E040002DE9F04F2DED048B8FB0DDE91C541F46F8
:10E0500004FB05F300EBC30303EBC40999ED007B5C
:10E060004FEAC40808F1080603EBC50B03930BEB5A
:10E070000603CDE90C01099251EC170B0293D3E989
:10E0800000238DED0A0B8DED047BF9F7D5F97E4B5E
:10E090000022F9F789FB0BEB08030893039BCDE9FA
:10E0A00000019919089BD1E90001D3E90023F9F790
:10E0B0007BFBDDE90023CDE9060110461946F9F79F
:10E0C00073FBDDE90623F9F7B9F9DDE90A23824696
:10E0D0008B46DDE90401F9F7B1F9C9E90001029BBA
:10E0E000DDE90A01D3E90023F9F7A8F9029BC3E9A6
:10E0F0000001099B03EB080933440993BB19CDE9DF
:10E1000004010A930022002350465946B844F9F707
:10E11000DBFD002800F093804BEC10AB32F090FC5C
:10E1200000220023DDE9000157EC106BF9F7AEFD8A
:10E1300032463B4600287DD0DDE90001F9F77CF945
:10E1400082468B4602460B46DDE90401F9F776F973
:10E150005246C9E900015B46DDE90601F9F74EFCCC
:10E160000B4602990246D1E90001F9F765F9099BCE
:10E170009FED437BC3E900010A9B88ED007B83EDA3
:10E18000007B089BD3E9008942464B4640464946FE
:10E19000F9F70AFB524606460F465B46504659467B
:10E1A000F9F702FB02460B4630463946F9F746F9C5
:10E1B00041EC100B32F044FC57EC106B40463246F9
:10E1C0003B464946F9F71AFC3B4641EC190B3246EF
:10E1D00050465946F9F712FCB0EE491AF0EE691AAA
:10E1E00041EC180B22460398B0EE480AF0EE680A9C
:10E1F000294636F011F8B0EE491AF0EE691AB0EE81
:10E20000480AF0EE680A0C982246294636F049F88A
:10E21000B0EE491AF0EE691AB0EE480AF0EE680A5C
:10E220000D98224629460FB0BDEC048BBDE8F04F97
:10E2300036F085B8DDE90001F9F700F980E7DDE99E
:10E240000023DDE90401F9F7F9F8099B5246C9E911
:10E250000001C3E900012BF0004343EC102B32F026
:10E26000EFFB54EC103B0A9A88ED000BBB5104F114
:10E27000004353600FB0BDEC048BBDE8F08F00BFCE
:10E2800000000000000000000000E03F000000006F
:10E290002DE9F04FA9B059EC118B0693531E19923A
:10E2A0000793339A069B189002FB03F4069B279171
:10E2B000DB000A93069B00EBC40404EBC30BDBE911
:10E2C00000679D18304653EC102B39468DED000B3E
:10E2D000F9F7B2F832463B46F9F766FA04EBC50A9D
:10E2E00042464B46F9F7AAF8DAE90023F9F786FB2C
:10E2F000DBE90223F9F7A2F8DAE90223804689462E
:10E3000030463946F9F79AF8DDE90023F9F794F831
:10E31000339B1D4404EBC50595ED027B06460F4675
:10E32000404629F00041324627F000438DED007B46
:10E33000F9F784F8DDE9002525F00043F9F77EF8C8
:10E34000CDE9080102460B4640464946F9F756FB1F
:10E35000DDE908238046894630463946F9F74EFB09
:10E36000DDE90823CDE90201DDE90001F9F746FB0B
:10E37000339BDB000D9308331293CDE90001CDF8F8
:10E3800020A0069B339ADDF818A003EB420304EBB0
:10E39000C3030C930A9B083B04EB030B079B9A45B2
:10E3A00002DD29B0BDE8F08F069B9A4548DD079B4A
:10E3B0009A4500F0E4800C9B13ED027B089BDBE99F
:10E3C000006753E9024527F00043CDE91B3425F0EF
:10E3D00000431A961D93DDE91C23DDE91A018DED3A
:10E3E000007BF9F72BF8009B1E93019B23F0004361
:10E3F0001F93DDE91E23F9F721F802460B46CDE90C
:10E40000042300220023F9F737FC002840F0AC80F9
:10E41000DDE9042330463946F9F7F0FADDE9042353
:10E420008046894620462946F9F7E8FADDE90423C3
:10E43000CDE90201DDE90001F9F7E0FACDE90001DB
:10E4400042464B4640464946F9F7AEF9DDE902231C
:10E4500004460D4610461946F9F7A6F902460B4642
:10E4600020462946F8F7EAFFDDE9002304460D4679
:10E4700010461946F9F798F902460B4620462946F8
:10E48000F8F7DCFF41EC100B32F0DAFA002200233F
:10E490004046494655EC104BF9F7F8FB28B105F119
:10E4A000004320942193DDE92045069B9A4569DDD0
:10E4B00005F1004323932294DDE90423DDE92201E1
:10E4C000F9F772F9CBE9000122462B46404649464E
:10E4D000F8F7B4FF22462B4680468946F9F78EFAB4
:10E4E00022462B46CDE90401DDE90201F9F786FA5F
:10E4F00022462B46CDE90E01DDE90001F9F77EFA4F
:10E500004246CDE910014B46DDE90201F9F776FA02
:10E510004246CDE902014B46DDE90001F9F76EFA0A
:10E52000CDE900010C9D089C0BF108065746339B72
:10E530009F4238DB199A189C0AF103039342A8BF43
:10E54000134626934FEACA030A93083313930A9B90
:10E55000103314930025269BAB4273DA329C0025BE
:10E56000339B9D42C0F2C980129A089B13440893C2
:10E570000C9B13440AF1010A0C9393440EE79FEDA0
:10E580008C7B1BE7069B279A93429DD0DBF80030DB
:10E590002493DBF8043003F1004325939DED247BA5
:10E5A0008BED007B90E7D4E90023DDE902010A94BA
:10E5B000F9F7FAF8D6E90023F8F740FF079B9A45E8
:10E5C000804689461FD095ED007BDDE9002351ECA4
:10E5D000170B8DED0A7BF9F7E7F802460B4640462C
:10E5E0004946F8F72BFF02460B4680468946DDE98F
:10E5F0001001F9F7D9F802460B46DDE90A01F8F7F0
:10E600001BFFC5E90001DDE90E2340464946F9F745
:10E61000CBF802460B46D4E90001F8F70DFFDDE91F
:10E620000423E4E8020140464946F9F7BDF80246F2
:10E630000B46D6E90001F8F7FFFE0137E6E80201D4
:10E64000083574E70A9BE618139BDDE904011F19DE
:10E65000D6E90023F9F7A8F8D7E9002380468946D0
:10E66000DDE90E01F9F7A0F80B460246494640469F
:10E67000F8F7E4FE079B9A458046894623D0149B11
:10E68000234493ED007B159351EC170BDDE9102328
:10E690008DED167BF9F788F802460B464046494651
:10E6A000F8F7CCFE02460B4680468946DDE90001BC
:10E6B000F9F77AF80B460246DDE91601F8F7BCFED9
:10E6C000159BC3E90001DDE9022340464946F9F7FD
:10E6D0006BF802460B46D7E90001F8F7ADFEC7E933
:10E6E00000014B46D6E900014246F8F7A5FE0D9B16
:10E6F000C6E9000101351C442DE70A9BE618139B6F
:10E70000DDE904011F19D6E90023F9F74DF8D7E92F
:10E71000002380468946DDE90E01F9F745F80B46EE
:10E72000024649464046F8F789FE079B9A458046CF
:10E73000894623D0149B234493ED007B159351EC21
:10E74000170BDDE910238DED167BF9F72DF8024646
:10E750000B4640464946F8F771FE02460B46804696
:10E760008946DDE90001F9F71FF80B460246DDE9AD
:10E770001601F8F761FE159BC3E90001DDE90223EC
:10E7800040464946F9F710F802460B46D7E9000122
:10E79000F8F752FEC7E900014B46D6E900014246B0
:10E7A000F8F74AFE0D9BC6E900011C440135D7E687
:10E7B00000000000000000002DE9F04FA7B01D464A
:10E7C000309B249103FB05F400EBC4049A49179095
:10E7D000EB001493002004EBC503C3E9000130995A
:10E7E0000793CE00C6EBC5031C446FF007039B1BC9
:10E7F0009FED8F7B1593079BCDE91043249B8DEDF7
:10E80000220B8DED0A7B8DED027B02EBC50203EB43
:10E81000C50305F1FF3B1692AA462593149BBBF155
:10E82000000FA4EB030902DA27B0BDE8F08F259BA7
:10E83000109993ED007B51E9020153EC172B8DEDFC
:10E84000127BF8F7F9FD09EBCA031F46309B94EDE4
:10E85000007B03FB0AF8149BCDE9040103EBC80815
:10E860008DED007B179BD1469844A94549DB169B4B
:10E8700033ED027B0022169351EC170B00238DED34
:10E880000C7BF9F703FA30BBDDE90C010022002311
:10E89000F9F7F2F9002849D0009B0E93019B03F190
:10E8A00000430F93DDE9040100220023F9F7E4F9A6
:10E8B000002838D1DDE90423DDE90E01F9F79EF8DF
:10E8C000C4E900019DED0A7B8DED007B9DED027B8F
:10E8D0008DED047BDA46079B159A9B1B9DED007B13
:10E8E0000793109B13448DED0A7B10939DED047BE1
:10E8F000119B13448DED027B0BF1FF3BA41B119385
:10E900008CE7D8E90023F7E80201F8F74DFF02464B
:10E910000B46DDE90001F8F791FD09F10109CDE9A8
:10E920000001B044A1E7DDE92223C5E7109B93ED88
:10E93000007B119B8DED087B13ED027B249B03EB89
:10E94000CB01D1E90001DDE912238DED207BF8F741
:10E9500073FD02460B46F8F727FFDDE90A23CDE9F0
:10E960001201DDE90801F8F71FFFDDE90223804607
:10E970008946DDE90001F8F717FF02460B464046DD
:10E980004946F8F759FDDDE90C23804689461046D3
:10E990001946F8F709FFDDE91223F8F74FFD0246A3
:10E9A0000B4640464946F9F729F8089B1893099BFE
:10E9B00023F000431993029B1A93039B23F0004317
:10E9C000804689461B93DDE91A23C4E90089DDE905
:10E9D0001801F9F779F942464B46A8B1DDE904017F
:10E9E000F8F7E2FEDDE90023F8F728FD01F1004326
:10E9F0001D931C90DDE90823DDE91C01F8F7FEFFFB
:10EA0000079BC3E900015DE7DDE92001F8F7CCFED3
:10EA1000DDE90A23F8F712FD01F100431F931E9070
:10EA2000DDE90223DDE91E01E8E700BFAFF3008066
:10EA300000000000000000000000F03F00000000A7
:10EA40002DE9F04F8DB0CDE90901169A013A0192F6
:10EA5000169AD6003344A6F108040893019B002BB4
:10EA600002DA0DB0BDE8F08F089B73E9028900223D
:10EA70000893404600234946F9F708F9054600285F
:10EA80004DD004F108030A9D0B93A4F108094FF03F
:10EA90000008169B984504DB019B013B0193083C51
:10EAA000DCE79FED377B0B9B099F8DED047B8DEDA4
:10EAB000027BAB4605EB030ABBEC027B09EB0703C9
:10EAC00051EC170BD3E900238DED067BF8F76CFEB4
:10EAD00002460B46DDE90201F8F7B0FC3B19D3E929
:10EAE0000023CDE90201DDE90601F8F75DFE0246EB
:10EAF0000B46DDE90401F8F7A1FCDA45CDE9040194
:10EB00003744D9D19DED027B05EB090383ED007BF2
:10EB10002B19C3E90001354408F10108B9E70022C7
:10EB2000002340464946F9F7A7F80028B4D00A9FC9
:10EB300004F1080A1FE09FED127B099B8DED027B1B
:10EB400003EB0409B84607EB0A0BD9E90023F8E800
:10EB50000201F8F729FE02460B46DDE90201F8F74B
:10EB60006DFCD845CDE90201B144EED13B19C3E9B2
:10EB7000000101353744169B9D42DCDB8CE700BF6A
:10EB800000000000000000002DE9F04F2DED048B87
:10EB9000BDB093464A9A0E935D1E02FB03F4EB0050
:10EBA0001E930E9B1D909E1AEB0000EBC4040833CD
:10EBB0000F9304EBC50704EB030AAB1A97ED007B38
:10EBC00004EBC60604EBC3040F9BCB188DED007B52
:10EBD0001C9393ED007B0F9B5B44D6E90089139354
:10EBE000DDE90003424623F0004129F000438DEDAA
:10EBF0003A0B8DED027BF9F767F8DDE90223002877
:10EC000059D0DAE90001F8F717FCDDE9002301F13A
:10EC10000041F8F7F3FEC4E900010F9B5BF8030025
:10EC2000139B5B6803F10041D7E90023F8F7E6FE88
:10EC3000C6E900016E4B0022C7E900230E9B023B90
:10EC40001293129A4A9B53431D9A00200021CAE94D
:10EC5000000102EBC30A0E9A4A9B134403F10053CE
:10EC6000013BDB003693083338934A9BDB00169355
:10EC70005B423993531E0BEBC3031F931C9B1793EB
:10EC8000169B41EC170BC3F1FF2303F57F03F83309
:10EC9000CDE90A018DED107B37930AEBC203A3F196
:10ECA000100B129B002B8DED087B19DA3DB0BDECEB
:10ECB000048BBDE8F08FD4E90001F8F7BDFB41EC0F
:10ECC000120B2046139C424609F1004394ED003B91
:10ECD0009FED451B43EC102B314635F0BBFBA9E7FC
:10ECE0001C9B93ED007BDBE9000153EC172B8DEDB2
:10ECF000207BF8F7A1FB0F9B0AEB030494ED007B4C
:10ED00008DED007B9FED387B4A9BCDE9060103FB2F
:10ED100005F88DED027B1D9B0AEBC50603EBC808C9
:10ED2000A9460E9B994535DB1F9B73E902670022BC
:10ED30001F93304600233946F8F7A8FF002840F01B
:10ED4000A981139B93ED007B1E9B00220AEB030518
:10ED50003046002339468DED047BF8F78DFF0028FF
:10ED600048D0029B2293039B03F100432393009B13
:10ED70002493019B03F1004325939DED043B9DEDFE
:10ED8000062B9DED221B9DED240B2146284635F0D8
:10ED900061FB72E1B6EC027B1E9B434451EC170B06
:10EDA000D3E900238DED047BF8F7FEFC02460B4609
:10EDB000DDE90001F8F742FB0F9B4344D3E9002350
:10EDC000CDE90001DDE90401F8F7EEFC0B4602464F
:10EDD000DDE90201F8F732FB169BCDE9020109F1EA
:10EDE000010998449DE700BF0000000000000000FA
:10EDF0000000F03F9BED027B169B17995B448DED65
:10EE00000C7B93ED007B51E90401DDE920238DEDBE
:10EE1000147BF8F711FB02460B4680468946F8F74B
:10EE20000DFBDDE90423F8F7BFFC4246CDE92001E4
:10EE30004B4640464946F8F7B7FC32463B468046CB
:10EE4000894630463946F8F7AFFC02460B46404645
:10EE50004946F8F7F3FADDE9042306460F46104663
:10EE60001946F8F7A1FC02460B4630463946F8F73A
:10EE7000E3FA02460B4643EC182B0C9B1A930D9BAE
:10EE800023F000431B93089B1893099B23F0004336
:10EE9000199300220023F8F7EFFE002831D0DDE9B6
:10EEA000200100220023F8F7E7FE002829D0069B66
:10EEB0002693079B23F000432793DDE92601DDE934
:10EEC0001A23F8F7BBFA149B2893159B23F00043F1
:10EED0002993DDE92823F8F7B1FADDE91823F8F7DB
:10EEE000ADFA049B2A93059B23F000432B93DDE9A5
:10EEF0002A23F8F7A3FADDE93A23F8F755FC41ECA9
:10EF0000180BDDE90A23DDE90C01F8F74DFCDDE91A
:10EF1000022306460F46DDE90801F8F745FC0246E4
:10EF20000B4630463946F8F787FADDE904230646F2
:10EF30000F46DDE90001F8F737FC02460B46304684
:10EF40003946F8F779FADDE9102341EC190BDDE9D0
:10EF50000C01F8F729FCDDE9002306460F46DDE940
:10EF60000801F8F721FC02460B4630463946F8F70F
:10EF700063FADDE9042306460F46DDE90201F8F7EE
:10EF800013FC02460B4630463946F8F757FAB0EE06
:10EF9000482AF0EE682AB0EE491AF0EE691A41EC00
:10EFA000100B9DED203B2146284635F053FA139B6C
:10EFB000D3E90067369B2C960AEB0309389B0AEBD2
:10EFC000030827F000432D93DDE92C01DDE9182328
:10EFD000F8F734FADDE91A23F8F758FE00286ED066
:10EFE000009B2E93019B03F100432F93DDE9060163
:10EFF000D5E90023F8F7D8FB02460B46DDE92E01E0
:10F00000F8F71AFAD4E90023CDE900013046394671
:10F01000F8F7CAFBDDE90C23F8F7F0FC02460B46D3
:10F02000DDE90001F8F70AFA029B3093C9E9000113
:10F03000039B03F100433193DDE90601D4E900238A
:10F04000F8F7B2FB02460B46DDE93001F8F7F4F9B8
:10F050000F461399D5E900230646D1E90001F8F7D8
:10F06000A3FBDDE90C23F8F7C9FC02460B4630464A
:10F070003946F8F7E1F9C8E900019DED0A7B8DED0D
:10F08000027B9DED107B8DED007B9DED087B8DED72
:10F09000067B129D399B9A44129B9DED027B013B9E
:10F0A0001293179B8DED0A7B083B9DED007B179318
:10F0B000379B8DED107B9B449DED067BF1E50A9B14
:10F0C00032930B9B03F100433393DDE91401D4E940
:10F0D0000023F8F769FB02460B46DDE93201F8F739
:10F0E000ABF9109B3493119B03F1004341EC180BD7
:10F0F0003593DDE91401D5E90023F8F755FB024605
:10F100000B46DDE93401F8F797F9B0EE481AF0EE56
:10F11000681A41EC100B9DED082B47EC136B414630
:10F12000484634E6000000002DE9F04F8BB0CDE9F1
:10F1300006014C1CDFF8F0B0E40005464FF0000873
:10F140004FF0000A079B98450FDB069BA4F10809C6
:10F1500003EB0907B8460125079BAB425CDD069B24
:10F16000059300230497019343E0D5E9006700224B
:10F17000002330463946F8F77FFD002847D1324654
:10F180003B4650465946F8F739FC08F10108C5E9F5
:10F1900000012544D6E7DBE90023F6E80201F8F791
:10F1A00003FB02460B46DDE90201F8F747F9CDE91A
:10F1B00002010AF1010ACB44AA45ECDBD8F8083079
:10F1C0000893D8F80C3003F100430993DDE90801F6
:10F1D000DDE90223F8F7E8FA049BE3E8020104936F
:10F1E000019B01330193059B23440593019B9D42A1
:10F1F00009D0DDE9043B9FED0A7BDDF804A08DED2D
:10F20000027B1E46D8E701354F44A044A4E74FF0E7
:10F21000FF300BB0BDE8F08F0020FAE7AFF30080BD
:10F2200000000000000000000000F03F00000000AF
:10F230002DE9F04F87B00D460390FFF775FF0028CA
:10F240003BDB039F4FEAC50A0024AC423ADAE300F5
:10F250000593039B029703EBC409002621E0059B5D
:10F2600008EB0301049B4344D3E90023D1E90001E7
:10F27000F8F79AFA02460B46DDE90001F8F7DEF8E6
:10F280000BF1010B5D45CDE90001D044E7D1029BB4
:10F29000E3E802010136B442C9E900010293D14416
:10F2A00008DB9FED097BF3008DED007B0493B846EE
:10F2B000A346D4E701345744C7E74FF0FF3007B007
:10F2C000BDE8F08F0020FAE7000000000000000019
:10F2D0002DE9F04F99B0012A03908B46144607DCC4
:10F2E0007D4B0022C1E90023002019B0BDE8F08F5A
:10F2F000022A0CD17849002000220023CBE900012A
:10F30000CBE90223CBE90401CBE90623ECE790002B
:10F3100031F062F90590002800F0D480039B04903E
:10F3200003EBC4030B93A31EE50017930B9B0E93F3
:10F3300005F1080310930BEB041306930F930B9B3B
:10F3400007930026049B079F9FED617BB246013621
:10F3500043F8046F4FEAC6098DED087B0493A9F1C9
:10F3600008031493B046A04542DB049B1A68B242DE
:10F370000BD003983146234635F0FDF8049A0094EB
:10F3800012680398314635F0DDF80E9BEB181193A7
:10F390009846039B4B4415930F9B0AF10207A74223
:10F3A0000A933FDBDDE90F3213440F93079B1344AD
:10F3B0000793179B9E4218DB0B9E02272E447A1E52
:10F3C0003046069934F0A1FE069B01372B44BC421F
:10F3D0002E440693F3DC0398059A23465946FEF71C
:10F3E000CFFD059837F066FE7EE7119B0E93A9E7E7
:10F3F0003B6812937B6823F000431393DDE912010D
:10F40000DDE90823F8F760FC40B1049BC3F80080F5
:10F410003B6808937B6823F0004309932F4408F16D
:10F420000108A0E7149B08EB0301079BD1E9000149
:10F43000D3E90023F8F7E2FACDE9080105EB080368
:10F44000DDF838A01693C14699ED007BDDE908236D
:10F45000FAE802018DED0C7BF8F7A6F90B4602469F
:10F46000DDE90C01F7F7E8FFE9E80201169B4B45DF
:10F47000EAD19DED087B0A9BDDF8549083ED007B7B
:10F48000039B03EBC7030C934FF0000A0C9BDDE9D1
:10F490000801D3E90023F8F787F90B460246D9E9BA
:10F4A0000001F7F7CBFF0C9B0AF1010A2B445445EE
:10F4B000C9E900010C93A944E8D10A9BA84401378B
:10F4C0002B446CE74FF0FF300FE700BFAFF3008035
:10F4D00000000000000000000000F03F00000000FD
:10F4E0002DE98048BB4BBC4DE7B001240EAF1C702A
:10F4F00019F054FC002108461BF0DAFAB749B84865
:10F5000035F0FBF9B74B1B789BB1B74B1B7883B138
:10F51000B64B9B88190608D5B54B93F90030002BE4
:10F5200003DB2B6820461B6B9847B24B1B685B685C
:10F5300098472B68DFF818B35B68984700239FED66
:10F54000AE0AC7F8BC3007F1BC0101201AF03CFE3E
:10F55000FA2035F052F82B68A8499B68DFEDA80A1D
:10F560005846B3EE000A98470820DBF800601FF009
:10F570006BFC044660B1A34B43613046F8F7BCF81E
:10F580000423C4E90601237400236374A374E374A1
:10F5900020469D4900234FF4035236F0C7FA974B9B
:10F5A00008201E681FF050FC044660B1974B436171
:10F5B0003046F8F7A1F80423C4E9060123740023B8
:10F5C0006374A374E3744FF4035220468E49904E43
:10F5D000DFF88082002336F0A9FA2B689FED8D1AA0
:10F5E0001B68DFED8D0A97ED2F0A8C48314698474E
:10F5F0008A4BD6ED007A93ED008AB4EE678AF1EE7D
:10F6000010FA48BFF0EE487A81460820C8ED007A2B
:10F610001FF01AFC044698B1814B436118EE100AA2
:10F62000F8F76AF80B4602467E490020F8F7E6F93B
:10F630000423C4E90601237400236374A374E374F0
:10F640002046714900234FF4035236F06FFA082028
:10F65000D6F800A01FF0F8FB044690B1724B43614E
:10F660005046F8F749F80B4602466E490020F8F775
:10F67000C5F90423C4E90601237400236374A37449
:10F68000E374614900234FF40352204636F04EFAEA
:10F69000B9F1000FC0F25881524B1B78002B40F09B
:10F6A000138106201FF0D0FB002840F01985DFF8F9
:10F6B000A8A15549DFF8A49100234FF4865236F0F3
:10F6C00035FA16F081FADAF80030012B03D1D9F8B7
:10F6D000000034F0FEFA554CDAF80030206890F85B
:10F6E00080219A42524B40F005855B6800F2811000
:10F6F00098472368002283F8802108F023F9D9F87D
:10F70000000009F0E1FA2A684A4B9A4215D1062016
:10F710001FF09AFB38B1484B436102230374002366
:10F7200043748374C374384900234FF4865236F00F
:10F73000FDF909F0CFFA34F0DFFA404BDFED406A13
:10F74000D3ED007AF8EEE77A0A2087EEA67AD8EDB4
:10F75000007A87EE278AFDEEC87A17EE903A0FFA04
:10F7600083F8384BA3F800801FF06EFB044678B195
:10F77000354B436118EE100AF7F7BEFF0523C4E9C5
:10F78000060123740023C4F820806374A374E37417
:10F7900020461D4900234FF4235236F0C7F92B6849
:10F7A000284A5B6A108898470446002800F0CC80FD
:10F7B00008201FF049FB002852D0244B43610B2343
:10F7C000C0E9063404230374002343748374C374B0
:10F7D00046E000BFE9BB00203C0700204C070020AA
:10F7E0005C070020EEBB0020EDBB00207C61002008
:10F7F000D40C002038070020000000474C61002096
:10F8000000007A4576400700FC8106009140070021
:10F81000586100200AD7233B0AD7233C5C610020B3
:10F82000AA4007000000F03FCD400700D0060020AE
:10F83000A0860600D4860600224107002C0700207F
:10F8400000007A44C0800020483C07003A4107008D
:10F850005061002048610020480700204407002034
:10F8600000231349134D4FF4035236F05FF9C4F3EC
:10F870000713012B00F04A84032B00F04A84002276
:10F8800042F48032D5E9013029691B681B0500F17B
:10F8900046840949094A0A484FF47F7335F098FCB9
:10F8A000084835F095FC4FF47F71044819F08CFA44
:10F8B000FC810600947B0600944107006341070029
:10F8C000D2410700EF410700C14B1B78002B3FF4EA
:10F8D000E8AEC04B9B881A0608D5BF4B93F90030A1
:10F8E000002B03DB2B6801201B6B9847BB4BBC4CE8
:10F8F0001B689FEDBC0A1B6820469847814608207C
:10F90000D4F800A01FF0A0FA044690B1B64B4361B2
:10F910005046F7F7F1FE0B460246B4490020F8F7CF
:10F920006DF80423C4E90601237400236374A374EF
:10F93000E374AF4900234FF40352204636F0F6F843
:10F94000B9F1000FBFF6ADAE012108461AF0C4F8B8
:10F950009FED9D9B34F043FEA64B1B78C7E9011039
:10F96000002B01F0898404F07BFCDFF8E4929FED2A
:10F97000A28AA24C8346002849D02378002B40F06D
:10F98000B48419F00BFA9E4BF7EE007AC3ED007ABF
:10F9900083ED018A83ED028A83ED038A994B93ED0F
:10F9A000000A994BD3ED000A984B93ED007A984BDF
:10F9B00087EE871A93ED007A99F80030C7EE871A20
:10F9C000002B00F08E84824B1B78002B00F0898482
:10F9D000834B93ED007A87EE872A8E4B19788E4BF6
:10F9E000187804F0BFFC04F0F9FC06201FF02CFA94
:10F9F00038B18A4B43610223037400234374837438
:10FA0000C3747B4900234FF4865236F08FF8844D3F
:10FA100084F800B019F0C2F9824C834B2E7893F829
:10FA200000801E70236881481B69DFF82CA24FF408
:10FA3000806198472368F8621B6A7D4C9847B5EE51
:10FA4000400AF1EE10FA8AED000A28D0FBEE047AA3
:10FA5000B4EEE70AF1EE10FA21DDDFED767AB4EECE
:10FA6000E70AF1EE10FA1AD534F0B9FD724B9AEDAF
:10FA7000007ADFF8D0C183ED007A704B1A78C4E9C0
:10FA80000001002A40F0A68401228CED007A1A7051
:10FA90006B4B9CED000AC3E9000104F01BF934F044
:10FAA0009EFDD4E90032002AC0F2BE84C31A61EB85
:10FAB000020140F2E932934271F1000180F2B48414
:10FAC0005E4B1B78002B00F0AC845E4BD3ED008ABC
:10FAD0000023C7E90D33FB6399F80030002B40F099
:10FAE000A7844FF0000AB0451BD02C78012C00F001
:10FAF000B984022C00F0C9849CB9062015F0E6FCFC
:10FB000006201FF0A1F930B14F4B4361022303746B
:10FB100044748474C474364900234FF4865236F01A
:10FB200005F8002419F034F9484BDFF83081BC6443
:10FB3000C7E91044C7E91344C7E91544C7E91744A6
:10FB4000C7E9194483ED008AFC667C623C61264665
:10FB5000BC62FC60FB6AA0B2834200F2B3843C4BFF
:10FB60001D78002D00F02587194B1D78002D00F021
:10FB70002087BAF1000F00F01B8707F1340494E8E6
:10FB8000070007F19405DFF8D89085E80700012306
:10FB9000284689F800304FF000080AF049F820465E
:10FBA00009F06CF8C7E928889FED2A0AC7F8A880F1
:10FBB00007F1A00120461BF07BF9002800F0D18658
:10FBC00050E000BFAFF30080000000000000000024
:10FBD000EDBB00207C610020D40C00203807002001
:10FBE000546100200AD7A33CEC4007000000F03F1E
:10FBF000FC810600F4BF002000000000E3BB0020F1
:10FC00001C0700204C61002050610020586100203A
:10FC10005C6100204007002044070020D14207001B
:10FC2000E7BB00203C070020E6BB0020F3BB002020
:10FC3000480500200000704230070020EABB002089
:10FC4000002A0020340700200843070060610020DC
:10FC5000EEBB0020BD3786356C6100201C610020A2
:10FC6000ECBB002095E8070084E8070089F80080D5
:10FC700016F092FC0546002800F08A8607F19402EF
:10FC800007CA07F1700383E80700D7ED257AD7F894
:10FC900098B0C7ED087A07F13403D7ED277A93E8D7
:10FCA0000700C7ED077AD3ED007A07F17C04C7EDB2
:10FCB000067AD3ED017A84E807009C68C7ED057ADF
:10FCC000FB6BC7F8B430CF4BBA6B1B78796BC7F8B6
:10FCD000AC10C7F8B020002B00F0018137F0C0F95C
:10FCE000C94B93ED000AB5EEC00AF1EE10FA80465A
:10FCF000894640F35586F7EE007AB4EEE70ADFED69
:10FD0000C37AF1EE10FA58BFB0EE670AC04AD2E9E2
:10FD10000032012B72F1000118DBB8EB030369EB31
:10FD20000202012B72F1000110DBBA49A3FB0103AF
:10FD300001FB0231C00B40EA4140C90BF8F744F91E
:10FD4000DFEDB57A00EE100A20EE270AB04BC3E9CA
:10FD50000089B24B07F1AC005B699847B04A136861
:10FD600001331360AF4B1B78002B00F0B880BB6AE7
:10FD7000002B00F0B48007EE903A97ED107AF8EE81
:10FD8000E77AF7EE008A87EE27CA97ED117A87EEB9
:10FD9000278A97ED127A87EE27BA28EE080A0CEE2A
:10FDA0000C0A0BEE0B0A30F021FF70EE687A9FED23
:10FDB0009E7AF0EEE77AF4EEC77AF1EE10FAB0EE42
:10FDC00040AA00F38C80D7ED2CCAD7ED2BBAD7ED23
:10FDD0002DAA2CEEAC0A0BEEAB0A0AEEAA0A30F002
:10FDE00005FF9FED927AB4EEC70AF1EE10FAF0EE3D
:10FDF000407A74D488EE8A7A28EE2C8A0CEE2B8A0C
:10FE00000BEE2A8A28EE078A88EE270AB4EEE80A63
:10FE1000F1EE10FA00F3C885BFEE007AB4EE470A9F
:10FE2000F1EE10FA48BFB0EE470A814BDFF8388296
:10FE300093ED007A37EE878A83ED008A30F066FE14
:10FE40007C4BD3ED007A37EEC00A83ED000AD8F878
:10FE500000300133312BC8F8003040DD07EE903A16
:10FE6000F8EEE77A4FF00009C8EE278A80EE278A7D
:10FE7000B0EE680AF0EE480A0CF006FA694BD8F8C2
:10FE800000A083F800900C201EF0DEFF8046F8B141
:10FE9000694BC0E9053A18EE900AF7F72DFCDFED43
:10FEA000677A28EE278ADFED667AC8EE277AC8E9F6
:10FEB000080117EE900AF7F71FFCC8E90A010823AA
:10FEC00088F8103088F8119088F8129088F813900C
:10FED0005C49002344F2C002404635F027FE07F19A
:10FEE000AC00594907F1BC0234F01CFD07F1BC001D
:10FEF00003F0DEFEBB6A002B40F0638534F06FFB3D
:10FF0000FB6A80468946002B40F07485652871F1B4
:10FF1000000302DB002E00F0CA854C4BB3F9003021
:10FF20002BB1FB68BA6A134301D034F058FB3B4E47
:10FF30004748336B9847464908461AF077FF002335
:10FF40004448C7F8903007F18801C7E922331AF016
:10FF500093FFB5EE400AF1EE10FA05D03D493C485A
:10FF600007F188021AF0CEFF202019F065FEB36A6F
:10FF7000F862BB629847002840F0E3859FED360A9F
:10FF800036493348DFF8E48034F0EDFC06461AF0D9
:10FF900021FA814617F0F4FB002840F0D68504F0E2
:10FFA00095F98246002840F0D08598F8003033B1AA
:10FFB00034F015FB2A4B88F800A0C3E90001B9F121
:10FFC000000F40F0C585FB6A002B40F0C185002E74
:10FFD00000F0BE8534F003FB214BD3E90063861BA0
:10FFE00061EB03081F4B93F80090B9F1000F40F04C
:10FFF0000786DFF87CA0B24579EB080380F2008623
:020000023000CC
:1000000038E000BFECBB0020546100200AD7A33CBD
:10001000102A002040420F00BD378635A08606001A
:1000200038610020E2BB00209A99993E0AD7233C10
:100030003461002030610020824307000000344317
:10004000DB0F4940FC8106004C070020C0800020E7
:100050007C070020106100206F12833B6C0700209A
:10006000402A0020E7BB00202C610020E4BB0020D8
:1000700080EE360008201EF0E7FE50B1B24B80F84B
:100080001190C0E9053A0323037480F8129080F8B8
:10009000139000234FF4C652AC4935F047FDAC4BEA
:1000A00001221A70AB4B1B78934200F28F85062019
:1000B0001EF0CAFE002841F04E8000234FF4865205
:1000C000A24935F033FDA34B02221A70A24BB34272
:1000D0004FF0000373EB080380F29E8500F078BDBB
:1000E0009E4B436102230374002343748374C374DF
:1000F000FFF7DDBA9A4A1B6892ED001A994A96ED0D
:10010000000AD2ED000A9847FFF7F9BA2022FFF75C
:10011000B7BB954A2969D5E90130FFF7B6BB0B6833
:1001200023F400630B60036890480B2104F00F0474
:100130009847032C1AD0022C4FF000021AD14FF02E
:10014000A8631343D5E90124A5696DB3590213D4FB
:100150008749884A884840F27F3335F039F8874824
:1001600035F036F840F27F31FFF79FBB4FF0507209
:100170000023E6E71346E4E7126812050DD4804930
:100180007C4A7D4840F2933335F022F87D4835F0C3
:100190001FF840F29331FFF788BB744803F0C06347
:1001A0004FF0A0720B21A8477749784B4B604FF472
:1001B00000638B60E36913B16C4801229847DAF859
:1001C0000020734B6C4688B053F822300EAA714958
:1001D000C2E905134FF4007393836F4B42F8103F4D
:1001E0005A4800234FF4E6511FF00EF80620A546AA
:1001F0001EF02AFE38B1694B4361022303740023C9
:1002000043748374C374514900234FF4865235F00C
:100210008DFC634B01221A70624B00200021C3E960
:10022000000104F01DF8002853D05F4B96ED007AD2
:1002300093ED000A4B4BDBED000AF7EE007A87EEF8
:10024000871A93ED007A594B1B78C7EE871A002B5B
:1002500044D0574B1B78002B40D0414B93ED007A94
:1002600087EE872A534B99F80000197804F07AF842
:1002700004F0B4F84C4BDBF80080D3F800903568FC
:100280000C201EF0E1FD0446E0B14B4B43614846B3
:10029000F7F732FAC4E906014046F7F72DFAC4E948
:1002A00008012846F7F728FA0B4602464349002082
:1002B000F7F7A4FB0823C4E90A012374002363743D
:1002C000A374E3742149002344F2C002204635F0B0
:1002D0002DFC3B4B01221A70FFF73ABB9FED392AE8
:1002E000C0E7B0EE482AFFF778BB04F08BF800288F
:1002F0003FF48DAB2C4B93ED000A334BD3ED000A4A
:10030000324B93ED007A174BF7EE007A87EE871A9F
:1003100093ED007A99F80030C7EE871A8BB1244B21
:100320001B7873B10E4B93ED007A87EE872A214B31
:100330001978274B187804F015F804F04FF8FFF7F8
:1003400066BBB0EE482AF2E72F440700FC810600A6
:10035000E7BB0020E5BB0020580F02000E4107005C
:10036000546100205C61002010000100947B0600B5
:100370000142070063410700D24107002B420700FA
:1003800094410700EF4107003C610020055604003E
:100390009C08002056420700030000015F4207004E
:1003A000F2BB0020102A00204C610020EEBB002090
:1003B000EDBB002040070020724207000000F03F24
:1003C000F4BF0020000000005061002058610020B0
:1003D00044070020334BD3E9002342F2117E821AF6
:1003E00061EB0303724573F1000E03D38CED007AC9
:1003F000FFF74EBB134308BF012207EE902A9FED83
:100400002A6ADCED006AF8EEE77A37EE667A37EEB4
:10041000866AC7EE865A45EE876ACCED006AFFF71A
:1004200037BB224BFFF752BBDFED218AFFF750BBF2
:10043000204B1B78002B3FF454AB1F4B1B6807F17C
:1004400034001B699847824600283FF44AAB03F00A
:1004500007FF00283FF447AB07F1340003F070FFBB
:10046000FFF741BB212015F031F806201EF0ECFC0F
:1004700000283FF450AB114B436102230374002367
:1004800043748374C374FFF746BB642015F01EF8F1
:1004900006201EF0D9FC00283FF43DAB084B436119
:1004A0000474ECE7002A00200000FA433007002023
:1004B0000000C07FEDBB0020380700202743070065
:1004C00046430700002307F19409C7F89430C7E9B1
:1004D0002833C9E90133C7F8A830C64BC6491B68A1
:1004E0004A465D6907F1A003A847002840F0EC8167
:1004F000D7ED257AF5EE407AF1EE10FA0DD1D7ED71
:10050000267AF5EE407AF1EE10FA06D1D7ED277A89
:10051000F5EE407AF1EE10FA04D099E80700B74BF7
:1005200083E8070097ED287AB5EE407AF1EE10FAED
:100530000ED1D7ED297AF5EE407AF1EE10FA07D117
:10054000D7ED2A7AF5EE407AF1EE10FA00F09880B5
:10055000BBF1000F00F08F809FEDA96AD7ED297ADB
:10056000D7ED2A6ADFF8B89227EE868A27EE06AA28
:1005700028EE080A0AEE0A0A66EE86AA0AEEAA0A17
:1005800030F034FBDFED9F7AB4EEE70AF1EE10FABB
:10059000F0EE40BA5EDD9C4B93ED00BA20EE0BBA54
:1005A000F6EE007A2BEE27BAB0EE4B0A30F0D6F911
:1005B00080EE2BCAB0EE4B0A30F08CF9D9ED014A2F
:1005C00099ED005AD9ED025A99ED036A2AEE0C7A98
:1005D0006AEE8C6A60EE24AA47EE05AA27EE24BADA
:1005E00068EE0C7A10EE05BA27EEA48A46EEA5AAAC
:1005F00026EEA4AA07EEE5BA17EE85AA06EE858ACE
:1006000047EEC6AA06EEC6BA00EE25AA07EE658A30
:1006100007EE06AA00EE068A2AEEAA0A0BEE0B0ADD
:100620000AEE0A0A08EE080A30F0E0FAB7EE007A9D
:10063000C7EE007A2BEE27BA6AEEA7AA2AEE27AAFF
:1006400028EE278A89ED00BAC9ED01AA89ED02AA30
:1006500089ED038A99E80F0007F1BC0585E80F00D2
:10066000664A07CA07F1CC0383E80700C7ED368A5C
:10067000284603F031FE614B0022C3E900229A6054
:10068000D8F80030092B31DCD7ED287AD7F8A890BC
:10069000C7ED077AD7ED297A0C20C7ED087A1EF04E
:1006A000D3FB0546B0B1594B4361F869F7F724F81D
:1006B000C5E90601386AF7F71FF8C5E90801484699
:1006C000F7F71AF80823C5E90A012B7400236B74A5
:1006D000AB74EB7400234E4944F2C002284635F057
:1006E00025FAD8F800300133C8F80030D7ED287A61
:1006F000F5EE407AF1EE10FA0DD1D7ED297AF5EE4C
:10070000407AF1EE10FA06D1D7ED2A7AF5EE407A6A
:10071000F1EE10FA57D015F03FFFD0B197ED137AF4
:10072000D7ED287A3B6977EE877A97ED147AC7ED93
:10073000137AD7ED297A77EE877A97ED2A7AC7ED83
:10074000147AD7ED157A77EE877A0133C7ED157AEB
:100750003B6107F1A00009F0B3FD2E4B97ED286A2D
:10076000D7ED296A97ED2A7A1B6887ED2B6AC7EDCA
:100770002C6A87ED2D7A8BB1D3ED5D7A67EE867AA0
:10078000C7ED2B7AD3ED5E7A67EEA67AC7ED2C7AA9
:10079000D3ED5F7A67EE877AC7ED2D7A15F0FCFE10
:1007A000002840F09480184A1B4D92ED000AEB6837
:1007B00007F1AC009847FB680133FB60174B1B78CF
:1007C000002B40F09D80D7ED257AF5EE407AF1EED2
:1007D00010FA27D1D7ED267AF5EE407AF1EE10FA2D
:1007E00020D1D7ED277AF5EE407AF1EE10FA6AD0F3
:1007F00018E000BF3C070020F3BB00202061002070
:1008000035FA8E3CBD3786355861002067430700B6
:10081000FC810600D0060020A0860600EEBB00206A
:100820001C07002015F0B8FED0B197ED167AD7ED71
:10083000257A7B6A77EE877A97ED177AC7ED167A75
:10084000D7ED267A77EE877A97ED277AC7ED177A74
:10085000D7ED187A77EE877A0133C7ED187A7B6285
:1008600007F1940008F0E4F9D7F89430C7F8BC30E9
:10087000D7F89830C7F8C030D7F89C30BF4AC7F8CF
:10088000C430BF4B92ED000A1B6907F1BC009847CA
:1008900097ED107AD7ED2F7ABB6A77EE877A97EDCE
:1008A000117AC7ED107AD7ED307A77EE877A97ED27
:1008B000317AC7ED117AD7ED127A77EE877A013364
:1008C000C7ED127ABB6201360134FFF743B9D7EDA9
:1008D000197A97ED2B7A77EE877A97ED2C7AC7ED18
:1008E000197AD7ED1A7A77EE877A97ED2D7AC7EDD8
:1008F0001A7AD7ED1B7A77EE877AC7ED1B7A52E723
:10090000A04B1B78002B3FF45EAF0023C7E92F33C9
:10091000C7F8C43007F1BC00EB699847D7ED2F7AD0
:10092000D7ED2B6A97ED307A97ED316A964B76EEDC
:10093000E76AD7ED2C7A77EEC77A97ED2D7A67EED6
:10094000A77A46EEA67A37EE467A47EE077A93ED17
:10095000007AF4EEC77AF1EE10FAC8BFC3ED007A60
:1009600031E70BF07FFC00287FF482A994ED010AA7
:1009700094ED007AD4ED027A20EE000A07EE070A21
:1009800007EEA70A30F032F909F0F6F8FFF770B970
:1009900000247C61BC61FC61A3463C62FFF790B916
:1009A0009FED7A0AFFF7B2B9B0EE680AFFF73DBAD9
:1009B000554600247C61BC61FC61A3463C62FFF7A4
:1009C00099BAD7ED0A7AD7ED106A714BF8EEE77A4B
:1009D00086EEA77AD7ED116A83ED007A86EEA77AC4
:1009E000D7ED126A83ED017A86EEA77A83ED027A5B
:1009F000FFF784BA6EB1FB6A9E427FF48EAA654A05
:100A000000231360644A82ED009B644A1370FFF771
:100A100084BA06201EF018FA30B1614B43610223FC
:100A2000037446748674C67400234FF484525D497F
:100A300035F07CF8584B83ED009B584B00221A7020
:100A4000544A136801330A2B13607FF466AA082006
:100A50001EF0FAF948B1544B4361544B83610323B0
:100A60000374002343748374C37400234D494FF40B
:100A7000C25235F05BF80121084619F02DF8FB6AE7
:100A8000002B3FF44AAA15F095F9494B49491B68D8
:100A9000D3F880298A4201BF072283F879290122ED
:100AA000A3F87A29002018F0A1FCFFF736BA062037
:100AB0001EF0CAF938B1404B436102230374FB6A4C
:100AC00043748374C374374900234FF4845235F060
:100AD0002DF83149D1E900231343304B93F800A09E
:100AE00008BFC1E90089BAF1000FA9D1D1E90063BB
:100AF000B8EB060669EB030940F6B8339E4279F17C
:100B000000039DDB0A201EF09FF968B12B4B436167
:100B1000C0E90869254B83610623037480F811A09E
:100B200080F812A080F813A000234FF441521D4911
:100B300034F0FCFF0121084618F0CEFF174B0122CC
:100B40007DE79FED1F0AFFF71BBA012388F80030ED
:100B5000DFF874801B4E98F80030022B02D03378F7
:100B6000012B06D133F03BFD3378012B04BF00236A
:100B70003370002388F800304EE000BF5C61002035
:100B8000A0860600EDBB0020606100200AD7A33CD0
:100B90001061002068610020482A0020F3BF002077
:100BA000BD430700FC8106000B440700B747070060
:100BB000D00600205453524CD2430700E7430700AD
:100BC000CDCC4C3DE5BB0020E7BB0020022B23D160
:100BD00008201EF039F9002840F0CC8200234FF4A1
:100BE000C652054934F0A2FF0021012018F068FA2E
:100BF000024B03221A700FE0FC810600E5BB0020C7
:100C0000C44B1B78012B00F2B08243F699239E421D
:100C100078F10003BFF64BAA15F0BEFC002800F0E7
:100C200020827B6A002B00F01C82DFF81883D8F842
:100C300018201A44D8F81C30C8F818209A42C0F07E
:100C40001082D8F8203000260133C8F82030C8F8C8
:100C5000186033F0C4FCD8E90232C01A61EB02011B
:100C6000F7F7BAF9DFEDAC7A3B69C7F8B46007EE85
:100C7000100AC7E92566C7EE27AAC7E92766C7E9AC
:100C80002966C7E92B66002B40F07F8207F1BC0084
:100C9000D7ED097A97ED167AA04EF8EEE77A87EE4F
:100CA000278A97ED177A87ED288AC7EE278A97ED6E
:100CB000187AC7ED298A87EE27AA87ED2AAA0BF0B2
:100CC000FBFA1AEE900AF6F717FD954B8046186866
:100CD0008946F6F711FDCDE90C01D7F89C00F6F72F
:100CE0000BFDCDE90A01D7F89800F6F705FDCDE92F
:100CF0000801D7F89400F6F7FFFCCDE906011AEEDB
:100D0000100AF6F7F9FCCDE9040118EE900AF6F79F
:100D1000F3FCCDE9020118EE100AF6F7EDFC4246AD
:100D20004B46CDE900017F4834F0E8F93068F6F72A
:100D3000E3FC8046D7F8B4008946F6F7DDFCCDE940
:100D40000801D7F8B000F6F7D7FCCDE90601D7F8CF
:100D5000AC00F6F7D1FCCDE90401B068F6F7CCFCA5
:100D6000CDE902017068F6F7C7FC4246CDE9000103
:100D70004B466D4834F0C2F915B3386AF6F7BCFC3F
:100D8000804620468946F6F7B7FCCDE90801786928
:100D9000F6F7B2FCCDE90601B869F6F7ADFCCDE98E
:100DA0000401F869F6F7A8FCCDE902015846F6F708
:100DB000A3FC4246CDE900014B465C4834F09EF965
:100DC0005B4E3068F6F798FC0446D7F890000D4665
:100DD000F6F792FCCDE90A01D7F88C00F6F78CFC07
:100DE000CDE90801D7F88800F6F786FCCDE90601C1
:100DF000F068F6F781FCCDE90401B068F6F77CFCF9
:100E0000CDE902017068F6F777FC2246CDE90001D2
:100E10002B46484834F072F997F8BC30D7F8C00038
:100E2000002B0CBF4E265926F6F766FC0446D7F871
:100E3000D8000D46F6F760FCCDE90A01D7F8D400DA
:100E4000F6F75AFCCDE90801D7F8D000F6F754FCC4
:100E5000CDE90601D7F8CC00F6F74EFCCDE9040148
:100E6000D7F8C800F6F748FCCDE90201D7F8C4006E
:100E7000F6F742FC2246CDE900012B4631462E48CA
:100E800034F03CF9D7E9456397ED478AFB6218EEE9
:100E9000100AF6F731FC8246D7F820018B46F6F7A8
:100EA0002BFCD7ED498A044618EE900A0D46F6F75A
:100EB00023FCF5EEC08AF1EE10FA8046894640F335
:100EC0008081DFED1E7A28EE278AC8EE287A17EE99
:100ED000900AF6F711FCCDE90601CDE90245CDE90E
:100EE0000489CDE900ABFA6A1548314634F006F9B9
:100EF000D7F85401F6F700FC0446D7F85C010D461C
:100F0000F6F7FAFBCDE90201D7F85801F6F7F4FB42
:100F10002B4619E0E5BB002000007A441061002058
:100F20006C6100208A440700C4440700F3440700B2
:100F30007C070020264507005D4507000000C842E9
:100F4000BA45070050050020CDE900012246A3481C
:100F500034F0D4F897F85051082D00F2358125B3BC
:100F60009F48294634F0CAF8DFF8C4B2DFF8C4A2BB
:100F7000DFF8C48207F1BC04002694F87030E06EFC
:100F8000002B0CBFD946D146F6F7B6FB01360B460F
:100F900002464946404634F0B1F8F3B29D4204F1AE
:100FA0000804EAD88F4834F0A9F88F4B1B78002B3F
:100FB00057D0D7F8F000F6F79FFB0446D7F8F400B7
:100FC0000D46F6F799FB2246CDE900012B468748EE
:100FD00034F094F897F8DC30D7F8E000002B0CBF21
:100FE0004E265926F6F788FB0446D7F8EC000D4646
:100FF000F6F782FBCDE90401D7F8E800F6F77CFBB1
:10100000CDE90201D7F8E400F6F776FB22462B463D
:10101000CDE900017648314634F070F8D7F8F80091
:10102000F6F76AFB0446D7F804010D46F6F764FBB1
:10103000CDE90601D7F80001F6F75EFBCDE9040122
:10104000D7F80801F6F758FBCDE90201D7F8FC0004
:10105000F6F752FB2246CDE900012B46654834F0F5
:101060004DF89FED650A65496548DFF894B1DFF8F2
:101070008C8133F078FC9FED630A6349824607F167
:10108000880019F015FF814633F0A9FABB6A0446BF
:101090000E469847002840F09D809FED5C0A41462F
:1010A000584633F060FC054619F094F9584B002877
:1010B000D3E900230CBF4FF47A710A21BAF1000F73
:1010C0000AD0B9F1000F07D0A21A66EB03038A42D7
:1010D00073F10003C0F27D819BE80F0088E80F00E8
:1010E00007F1880898E80700474B83E8070049495B
:1010F000434807F1AC0233F097FB07F1AC020FCA8B
:1011000007F1BC0B8BE80F0043494246404633F0E1
:1011100009FCBAF1000F07D0B9F1000F04D0002389
:10112000C7F88830C8E901333C4B4146D3E9002376
:10113000584602F05DFD364BC3E90046002D7DD1D7
:10114000374BC3E900460AF05DF9284632F08FFDBF
:1011500009F09EFA80E0334B4361022303740023BD
:1011600043748374C374FEF7A8BF022B7FF454AD9D
:10117000FEF7ACBF2C4B436102238361032303744E
:10118000002343748374C37428E5D7ED047AF8EE22
:10119000E77A07F14C0607F1940207F1640007F1C2
:1011A000AC030321F6EC016A86EEA77A0139F0EC74
:1011B000016AA2EC017A86EEA77AA3EC017AF1D15A
:1011C00064E50020002186E62946054833F096FFB5
:1011D0000825C9E69FED150A61E700BF074607002D
:1011E00023460700CBB50700EDBB002046460700AD
:1011F00073460700C24607006F12833A6C0700204F
:101200007C0700200AD7233D70610020A69B443B49
:10121000382A00205C0700204C070020082A002004
:10122000402A00204E4407006C440700CDCC4C3DC2
:1012300073400700704007003C4607000AF0E2F8E0
:10124000012032F014FD7A4B93ED000AB4EE400A0F
:10125000F1EE10FAC0F1C680764DD5E9002341F2D7
:101260008831A21A66EB03038A4273F1000303DBA1
:1012700014F0A0FDC5E9004600206F4EDFF8FC9198
:1012800019F092FC0023337033F0A9F9BB68D9F848
:101290000020C41A7B6861EB0305D317A242AB415F
:1012A00007DA6649D1E90023A242AB41B8BFC1E9E0
:1012B0000045DFF8CC8133F092F9D8E90032C01A4A
:1012C00041F2893361EB0201984271F1000166DB62
:1012D00033F085F9C8E90001DFF86081D8E900231F
:1012E000012A73F1000315DB08201DF0ADFD48B1A4
:1012F000534BC561C0E905340423037400234374D0
:101300008374C3744F4900234FF4025234F00EFC2F
:1013100088ED009B4C4B1B78002B40D04B4B1B782F
:10132000002B3CD015F038F9494D002835D0494BF9
:10133000D5F800A0D3F800800C201DF085FD0446F0
:1013400020B3454BC0E9053A41F28833C3615046AA
:10135000F6F7B0F9414B0022F6F726FA32A3D3E9AB
:101360000023F6F74BFBC4E908014046F6F7C4F941
:101370000B4602463A490020F6F740FB0823C4E931
:101380000A01237400236374A374E3742D490023BA
:1013900044F2C002204634F0C9FB00232B60314CDC
:1013A000314B257883ED009B3DBBD9F8000001232C
:1013B0000A30237033F023F9237803B125702B4BC7
:1013C0001B7813B12A482DF0C3FA01233370FEF7BE
:1013D000C1BA0AF017F8284632F049FC002D7FF414
:1013E00032AFB5E609F064F908F046FF00283FF493
:1013F00033AF204BC3E900462EE706201DF024FD45
:1014000038B11D4B4361022303740023437483747A
:10141000C3740C4900234FF4865234F087FB2DF03F
:1014200081FF00232370CAE7000000000088B3405A
:101430006C610020302A0020E9BB00203028002009
:1014400012470700FC810600EEBB0020EDBB002028
:1014500038610020546100203747070000408F406A
:101460000000F03FE8BB0020082A0020EFBB00206E
:1014700020290020402A0020704707002C07002068
:1014800038280020000000002DE9F04F82B28FB014
:10149000044642F2107321B99A4228D90FB0BDE830
:1014A000F08F80494FF6FF709A420880F6D87E4A46
:1014B0001268128B9A4267D806201DF0C5FC38B11D
:1014C0007A4B436102230374002343748374C3740F
:1014D000774900234FF4865234F028FB15F0F2F9D7
:1014E0004FF0FF3015F08CF915F00AFA4CE0714A14
:1014F000B2F90030108083421FBF6F490B7823F090
:1015000008030B7035F0ACFDDFF89CA16B4B654D0B
:10151000C3E90001DAF80030D3E90A01684BC3E9F6
:101520000001B5F90030013305D12C8035F098FD6C
:10153000644BC3E90001DAF80030198BB3F9187075
:1015400042F21072914224D908201DF07DFC05461C
:1015500080B15D4B43612046F6F7BCF85B4B00223F
:10156000F6F74CFA0423C5E906012B7400236B74CB
:10157000AB74EB744E4900234FF40352284634F009
:10158000D5FA204615F03CF90FB0BDE8F04F06F053
:10159000D9B9B3F91A60A6F164039C4228DA0A208B
:1015A0001DF052FC0546C8B1494B43613046F6F781
:1015B00091F8464B0022F6F721FAC5E906012046CC
:1015C000F6F788F8414B0022F6F718FA0623C5E92A
:1015D00008012B7400236B74AB74EB7400234FF47D
:1015E00042523349284634F0A1FA15F06BF9C8E7A6
:1015F00006F164039C422BDD0C201DF025FC054602
:10160000D8B1344B4361344B83613046F6F762F80E
:101610002E4B0022F6F7F2F9C5E908012046F6F74D
:1016200059F82A4B0022F6F7E9F90823C5E90A011F
:101630002B7400236B74AB74EB7428461C49002395
:1016400044F2400234F072FA15F03CF9204649E7C2
:1016500007F164031BB29C4242DD0C201DF0F4FB39
:101660000546D8B11D4B43611B4B83613846F6F7E5
:1016700031F8164B0022F6F7C1F9C5E908012046FA
:10168000F6F728F8114B0022F6F7B8F90823C5E958
:101690000A012B7400236B74AB74EB74002344F2C7
:1016A00040029EE7EA0B0020D00600203D4A0700DA
:1016B0000C810600EC0B0020F8BF0020802A0020DF
:1016C000782A0020702A0020564A0700000059405E
:1016D000724A0700AC4A07001F500700E74A07009C
:1016E000B5F90030581C77D0643B9C4274DA944FB3
:1016F00035F0B6FCD7E90023801A61EB0301914B6A
:10170000984271F1000167D235F0AAFC81460E20A3
:10171000B5F900B0D7E900A788461DF095FB05464E
:10172000002847D0884AB9EB0A0668EB0703A6FBF6
:10173000026702FB0377854B4361A4EB0B00F5F7CF
:10174000C9FF834B0022F6F759F9F60B46EA4746E4
:10175000FF0BCDE9000130463946F5F7EFFF76A3E0
:10176000D3E90023F6F74AF902460B46DDE900010A
:10177000F6F744F9C5E906015846F5F7ABFF744B97
:101780000022F6F73BF9C5E908012046F5F7A2FF6C
:101790006F4B0022F6F732F9C5E90C67C5E90A017B
:1017A0004FF0000A0A232B7485F811A085F812A0C7
:1017B00085F813A00023674945F2C002284634F09B
:1017C000B5F915F07FF8204615F01AF8624B1C8029
:1017D0005B4BC3E90098D7E6DAF80030B3F91A207A
:1017E000A242B3F91820C8BF5C836FF495710A4414
:1017F000944280F29E80B3F930306FF4F972134452
:101800009C4280F296802046F5F764FF504B002200
:10181000F6F7F4F88046082089461DF015FB48B11C
:101820004E4B4361C0E906890423037400234374CB
:101830008374C374002347494FF4035234F076F99C
:10184000DAF80030B3F91830A3F21F339C4266DA9D
:1018500008201DF0F9FA48B1414B4361C0E90689FF
:1018600004230374002343748374C374394900232D
:101870004FF4035234F05AF904F2F31414F0AAFFAF
:101880004FF4FA73B4FBF3F4DAF80030D3E90A51F9
:10189000D3E90E23E4B2122C28BF1224AD1A2A4A2F
:1018A00061EB030BA5FB027602FB0B66FF0B0E2020
:1018B00047EA4647F60B1DF0C7FA70B1294A426164
:1018C000C0E90689C0E90A5BC0E90C7600230A2258
:1018D0000462027443748374C37400231D4945F287
:1018E000C00234F023F9B5F5160F7BF100033FD2A7
:1018F0000A201DF0A9FA60B11B4B43611B4BC0E9E4
:101900000876C0E906340623037400234374837405
:10191000C37400234FF441520E4934F007F9DAF84A
:101920000030D3E90A011A8EC3E90E01A2F5FA725A
:101930001A8614F04FFF27E600000000389C8C4107
:10194000702A002001001E0040420F00224B0700B9
:10195000000059400C810600EA0B00205D4B070097
:10196000724B07008A4B0700D54B07000F5007004A
:1019700004F109082022002106A85FFA88F835F052
:10198000DDFB202206A9404618F04AFABDF81830BF
:10199000099A0133ADF81830089B5B194BEB020232
:1019A000CDE90832DDE90A329D427BEB020101D329
:1019B000134301D1CDE90A5B0C9BAB420D9B404622
:1019C00073EB0B0306AA4FF020034FF0000138BF62
:1019D000CDE90C5B18F0C8F9254BBDF818200C991F
:1019E00005924FF0000983F80090DDE9088310208C
:1019F00000930D9B0491DDE90A5B03931DF024FA2B
:101A000088B31C4B059AC2611B4A049980F8119057
:101A1000C0E90534009B80F81290A8FB028402FB09
:101A200003444FEAD83343EA4443E40BC0E90834A3
:101A3000A5FB025302FB0B33ED0B45EA4345039C28
:101A400080F81390DB0BC0E90C53A1FB021302FBDF
:101A50000433C90B41EA4341C0E90A76DB0BC0E914
:101A60000E130C230374002346F2C00254E700BF98
:101A7000F8BF0020134C070040420F000000000098
:101A80002DE9F04FD0E9006389B08768039383891B
:101A900005930D46B36803995B6806AA30469847DC
:101AA000002831DBDDE9064BA7FB042307FB0B38DD
:101AB00004920498DFF8609015A3D3E9002341460F
:101AC000F6F718FB049B4FF0FF3A9A4579EB0803B1
:101AD000074619D3A5FB044305FB0B3529460CA388
:101AE000D3E900232046F6F705FBA24579EB05056F
:101AF000034609D38742B26806D30599009114685A
:101B000003993A463046A04709B0BDE8F08F00BFC0
:101B100000CA9A3B00000000FFC99A3B0000000089
:101B20002DE9F04F2DED028BB5EEC00AF1EE10FA63
:101B300087B0B0EE608A82468B4640F28F80F5EE29
:101B4000C00AF1EE10FA40F28980F6EE007A60EEFB
:101B5000A77AB4EEE70AF1EE10FA7FD410EE100A7D
:101B6000F5F7CAFD02460B4644A1D1E90001F5F79D
:101B700045FF44A3D3E90023F5F716FE044618EE0B
:101B8000100A0D46F5F7B8FD02460B4620462946D9
:101B9000F5F70AFEF6F700F900EE100A2EF024FF22
:101BA00010EE100AF5F7A8FD02460B4604460D4656
:101BB000F5F7FAFD35A3D3E90023CDE9000120466E
:101BC0002946F5F7F1FD02460B46CDE90401DDE9B2
:101BD0000001F5F733FC284B0022F5F72FFC0246F5
:101BE0000B46CDE90201DDE90001F5F707FF0246EA
:101BF0000B4606460F46F5F721FC1F4B0022044614
:101C00000D46DDE90001F5F717FC02460B46F5F736
:101C100015FCDDE90223F5F7F1FEDDE9042380463A
:101C2000894600201449F5F707FCDDE90023F5F7A4
:101C300005FCDDE90223F5F7E1FE32463B46CAE941
:101C40000023CAE90245CAE90467CBE90089CBE968
:101C5000020107B0BDEC028BBDE8F08F0024002527
:101C6000054B002226462F46A046A9462046294677
:101C7000E5E700BFAFF300800000F03F0000002068
:101C800064CFCC3F00000060FB21094000000060F1
:101C90009EA0F63F000000002DE9F04F9FB0824665
:101CA000039117461C460025387810B9284600F0E5
:101CB000A6BD252809D00399D0470028C0F29F85EA
:101CC0007B1C01350593059FEEE71822002110A823
:101CD00035F034FA7B78252B00F0BC800023791C8A
:101CE00098469E469C4618460E4611F8012B2B2A14
:101CF00000F0E38000F2DA80202A00F0E180232A5D
:101D000000F0E1802BB19DF8483043F040038DF89E
:101D10004830B8F1000F05D09DF8483043F020035B
:101D20008DF84830BEF1000F05D09DF8483043F0E3
:101D300010038DF84830BCF1000F05D09DF84830F5
:101D400043F008038DF8483028B19DF8483043F03F
:101D500004038DF848309DF8483003F044014429CD
:101D600003D16FF386138DF848309DF848300E96F6
:101D700043F080032A2A8DF8483040F0A9809DF86E
:101D8000493043F001038DF84930731C1A782E2A2C
:101D90009DF849200CBF0121002161F341028DF81B
:101DA00049200CD15A1C0E925A782A2A40F0A08061
:101DB0009DF8492042F004028DF8492002331A7838
:101DC0006C2A00F0C18000F2A380682A00F0A9808C
:101DD0006A2A00F0C2804C2A00F0C78013F8012B59
:101DE0000593782A8DF84B2000F209816D2A00F2C4
:101DF000C980692A00F20381572A00F2E280412A51
:101E000004D0A2F14503022B00F2F9809DF84A307C
:101E100002F0DF020421A2F1410961F30203D9F1CA
:101E200000029DF849108DF84A3042EB090262F336
:101E3000C7110A068DF84910CBB200F11F8103F0DB
:101E40007802182A40F009816FF3C6038DF84930F3
:101E50000023F8E08DF84B30BB1C05939DF849300A
:101E60009DF84A20DE0702F0070040F1098154F88E
:101E7000041B0491002908DA9DF8481041F0040180
:101E80008DF84810049949420491590740F10081A6
:101E900054F8046B002E80F2FF809DF849306FF3F8
:101EA00041038DF849304FF0FF36F5E02D2A0DD073
:101EB000302A7FF427AF012316E74FF0010C13E718
:101EC0004FF0010E10E74FF001080DE701200BE77E
:101ED0000EA81BF061FA0E9BB3423FF457AF9DF87A
:101EE00048201390C00F60F341028DF848204DE761
:101EF0000EA81BF051FA9DF848301490C3F340022D
:101F000042EAD07262F341038DF848300E9B56E7E7
:101F1000742A26D07A2A7FF461AF9DF849200621E1
:101F20000CE05A78682A9DF8492006D1012161F316
:101F3000C6028DF84920023350E7022161F3C60240
:101F40008DF84920013349E75A786C2A9DF84920D9
:101F500001D10421EBE70321F0E79DF84920052199
:101F6000ECE79DF849200721E8E7BDF8482022F476
:101F7000F04222F0020242F4804242F00202ADF846
:101F80004820DFE76E3AD3B201229A4040F2824302
:101F90001A429DF8493039D112F0240F61D1D1078E
:101FA0002DD59DF84A2003F07803A3F140080321C2
:101FB00061F30202D8F100038DF84A2043EB0803D5
:101FC00041E0A2F15801C9B2012000FA01F111F477
:101FD000624F7FF41BAF40F6010319429DF8493070
:101FE0001AD111F4043F0AD09DF84A2060F302028E
:101FF00003F07803402B8DF84A207FF429AF9DF839
:10200000483043F001038DF8483021E79DF84A201D
:10201000022161F30202EBE79DF84A10022003F06F
:10202000780360F30201402B8DF84A1002BF9DF83F
:10203000481041F001018DF84810632A7FF408AF81
:10204000003B18BF01239DF84820C2F340010B4319
:1020500063F341028DF8482000E713F0380FCED12A
:10206000F6E69DF84A20032113F0780F61F302028F
:102070008DF84A2014BF01230023E4E70123E2E79F
:102080009DF948100029B4BF13994FF0FF31FBE6CA
:102090009E077FF508AF149E00230428CDE9133373
:1020A0009DF8493007D1990705D49DF949100029B9
:1020B000ACBF06260D2602F00702012AC3F3C303B4
:1020C00032D1DA1E042A04D8DFE802F02045452088
:1020D00020002268012B4FEAE271CDE910211BD1CB
:1020E0009DF94020D117CDE9102104349DF84820F6
:1020F000069292074FD0059B03993A46504633F01B
:1021000050F80028C0F27B830544DCE554F8042B2A
:10211000D117CDE91021E9E7022BE6D111B242F344
:10212000C032CDE91012E0E7022A24D1DA1E042AD7
:1021300004D8DFE802F0181010181800012B54F82A
:10214000042B4FF0000114D0022BCDE91021CDD18A
:1021500092B21092CAE7073424F00704F4E80201AF
:10216000CDE91001C2E754F8042B1092002211921D
:10217000BCE7D2B2CDE7042A08D1073424F0070423
:10218000D4E900010834CDE91001AFE7032AADD14D
:1021900054F8042BDDE79DF84B80B8F1780F3FF63B
:1021A00092ADB8F1570F5CD8B8F1250F00F0A480BC
:1021B000B8F1240F7FF687ADB8F1410F04D0A8F134
:1021C0004503022B3FF67FADDDE91023002BC0F263
:1021D0004D810699080700F14C81C1F300194FEABF
:1021E0004919C3F30A51C3F31303002940F0448192
:1021F00052EA030014BF4FF0010C4FF0000CD8025C
:1022000040EA5250D702CDE90C70B8F1460F47EAC8
:10221000010740EAE17008BF4FF06608384300F05C
:10222000B881BCF1000F10D01B0343EA125317030F
:102230003A4618464FF0000C002880F25681BCF157
:10224000000F40F05981CDE90C730D9B43F0004322
:10225000A1F2FE3B0D930021DDE90C230F46052082
:1022600060E1A8F15802202A3FF62DAD01A151F8F6
:1022700022F000BF3F240300C71C0300C71C03005B
:10228000C71C0300C71C0300C71C0300C71C0300B6
:10229000C71C0300C71C0300C9210300C71C03009F
:1022A000EB230300FF230300C9210300C92103001E
:1022B000C9210300C71C0300FF230300C71C030040
:1022C000C71C0300C71C0300C71C030045240300F0
:1022D0003F2403008F230300C71C0300C71C030017
:1022E00009230300C71C03003F240300C71C03008D
:1022F000C71C03003F24030003994046D047002831
:10230000C0F27D820135DEE4002E109F3BDB3146BA
:10231000384634F040FF002F3FF4D5AC3E18F31B95
:102320004FF000099DF84A2012F01001069100F0CC
:102330005B82023312F04002DDF84C80089218BF35
:10234000149ACDF81C80434418BF9B18049A002AA5
:1023500040F36582D31A9DF8482004935007C2F3D6
:10236000800B00F15C82510640F14C82B9F1000F04
:1023700007D003994846D0470028C0F24082013573
:10238000D94630223FE23846F5F765FFC6E7109898
:10239000002800F024820DF17503009312AA17ABF8
:1023A00000211BF00FF8BDF84A3003F0EF0343F4AF
:1023B000F04343F010030746ADF84A304FF00009F0
:1023C000002E0CDB9DF848200DF17503DB1B6FF32D
:1023D00086129E428DF8482001D9F31A1393002FDC
:1023E0003FF471AC0DF175066DE0109B8DF85C301B
:1023F0004FF000090DF15D0617AF012392E7069B30
:102400001F0758BFC3F30019DDE9102354BF4FEA7B
:1024100049194FF02B09002B06DA524263EB4303B4
:10242000CDE910234FF02D090DF175030093DDE97F
:10243000100117AB12AA1AF0C5FF0746C0E74FF00C
:102440000009F1E7109A072B3FF63DACDFE803F0F7
:102450000C04060C08080C0C157034E4158032E4EA
:10246000EB17C2E900532EE415602CE44FF02D0960
:10247000B7E64FF02B09B4E640F2FF70814231D14C
:1024800008F10108A2495FFA88F8134311F808100F
:1024900001F003011ED101290BBF492369234E21FD
:1024A0006E210CBF462266228DF85C309DF84830C4
:1024B0008DF85D106FF386138DF85E208DF848302F
:1024C0000DF15F0617AFF31BB9F1000F3FF42AAF10
:1024D000013327E7012915BF6E234E2361214121D6
:1024E0001A46E1E74FF0000C89E6921801F1FF313E
:1024F00040414FF0010C9FE6CDE90C20A5E65208C3
:1025000042EAC3725B08B3F1333F59460BF1010B4A
:10251000F5D200FB03FCA2FB002301F1020B634494
:10252000013F01211BF1020FE9DB09B1CDE90C23C9
:10253000BBF1000FDDE90C322EDCCBF10401A1F17F
:1025400020000BF11C0B02FA0BFB22FA00F0CA4030
:10255000CB40079208F0DF0243EA0B03472A43EA25
:1025600000037DD1F91C01DBBE422BDAA8F1020881
:10257000002E5FFA88F87CDD9DF84820920606F16F
:10258000FF3676D4B6F1000B18BF4FF0010B721C6A
:1025900027E04FF0000B5EE6023342F100020CA888
:1025A000CDE90C3232F0CEFDDDE90C320BF1FF3B10
:1025B0000137DB185241002A0BF1FF3BF9DACDE974
:1025C0000C32B5E79DF848209006A6EB07064DD4DF
:1025D000B6F1000B18BF4FF0010BF2194FF066086F
:1025E0004AD4102AA8BF10229FED477B8DED0E7BA9
:1025F00010200B90DDE90E01002A3FD1079A1B182D
:1026000042EB0101B1F1805F47D2CDE90C31069B6D
:10261000B8F1660F03F0200240F0C180002F47DCC4
:1026200030238DF85C30002A74D1002E40F3BA813B
:102630002E238DF85D3087B17B42B342A8BF33466D
:102640009DF84A201393002BA6EB0306D4BF00236A
:10265000012363F345128DF84A200DF15E0340E03B
:10266000B8F1660F4FF0000BB7D090E74FF0000BBA
:10267000B3E74FF0000B8AE70022B5E7400840EAD5
:10268000C1704908CDE90E010EA8CDE9082332F04A
:1026900059FD089A099B013AACE75B0843EAC1730C
:1026A0000CA84908CDE90C31013732F04BFDAEE7FB
:1026B00017AB0B9900290BDD0BA90CA8CDE906324D
:1026C00032F058FD069B079A03F8010B013FF0D149
:1026D0001397AAB9002E40F363812E2103F8011B42
:1026E0000027002E1FDD0B9A002A1CDD0BA90CA869
:1026F000069332F03FFD069B013E03F8010BF0E725
:102700002E2203F8012BEBE7000000000000000878
:1027100013BE07002E238DF85D30002F9DD0002EB4
:102720008ADC0DF15E03BBF1000F4CD114961E46FE
:1027300008F0DF03452B21D1002FBABF7F422D23A4
:102740002B23632FC8BF64227370C2BFB7FBF2F3A1
:1027500003F1300102FB13774FF00A0286F8008084
:10276000CABFB17002360336B7FBF2F303F1300192
:1027700002FB13733033317073700236139B002BDE
:102780002BDC149B002BD4BF002301239DF84A208F
:1027900063F3861200238DF84A20337092E60BA96A
:1027A0000CA8069232F0E6FC069A8DF85C00302800
:1027B00018BF07F1FF3712B9002E40F3F3802E2324
:1027C0008DF85D3049E71E46013B16F8012C302A92
:1027D000F9D02E2A08BF1E46AAE70123D6E7734E7A
:1027E0008146771F05239DE5110748BF0133A1E509
:1027F000104609920399D0470028099A05DA1FB0BC
:10280000BDE8F08F2022DDF810B0594600290BF109
:10281000FF3BEDDC049BCDF810B02B445D1AB9F101
:10282000000F05D003994846D0470028E7DB013563
:10283000089B002B79D09DF94930002B29DBDFF86C
:1028400070913B46187819F8002052079B4603F117
:1028500001033FD49DF84A30EF1B98065F4407D42C
:102860004246002A08F1FF383BDC079B3B449F1A95
:102870009BF800002E280AD10399D0470028BEDB20
:10288000B8F1000F07F1010731DC0BF1010B5D46D8
:1028900038E0B94699F800007028C84609F10109E6
:1028A00013D1EF1B149D47443D44EB1B002B34DC3C
:1028B000039933464246504632F073FC00289EDBB3
:1028C0003844049E0546064465E00399D047002835
:1028D000E0DA94E706930399D0470028069BB1DA23
:1028E0008DE703993020D0470028B9DA87E70399AC
:1028F0003020D04708F1FF38C0E70399D0470028BF
:10290000FFF67DAF287819F800305907A84605F181
:102910000105F2D4A7EB0B07C4E703993020D04799
:102920000028FFF66CAF0137BFE79DF84A30DA06A2
:1029300001D41B0706D503993020D0470028FFF6A5
:102940005EAF0135069B3BB103999DF84B00D04724
:102950000028FFF654AF0135A84406E00399302063
:10296000D0470028FFF64BAF0135A8EB0503002B3D
:10297000F4DC039933463A46504632F012FC002804
:10298000FFF63DAF28449CE703992020D04700285C
:10299000FFF635AF0135731B002BF5DCFFF793B95C
:1029A0001746C0E60DF15D03BDE600BF616C070090
:1029B00014BE0700000000009FED010B704700BF30
:1029C000000000000000F87F2DE9F04F9DB01F4689
:1029D000002318939A4B0F921D68824628460C4696
:1029E000F5F739FC4FF0000883464FF00009224606
:1029F000179213782B2B3BD02CD80D2B26D8082BD5
:102A000026D8002B2FD000230D93179E3378302B20
:102A100074D1737803F0DF03582B65D10D9B0193BC
:102A200018AB0093874A029719AB17A950462FF0AD
:102A3000EBFC10F00705044635D0062D1AD10F9B8C
:102A40000BB101361E6042464B4637E0202BDAD1EF
:102A50000132CDE72D2BD6D101230D93531C1793B3
:102A60005378002BD1D10F9B002BECD01C60EAE7F0
:102A70000023F2E7189A3AB135211AA834F0B2FDD2
:102A8000189950462FF03CFF013D199A042D06D8A5
:102A9000DFE805F0190322251900DDE91A8921076D
:102AA00001D549F000490F9B13B10F9A179B136092
:102AB0000D9B002BC7D0424609F1004343EC102B7D
:102AC0001DB0BDE8F08FDDE91A8302F2334223F432
:102AD000801343EA0259E2E7DFF86C91DFE76FF019
:102AE00000494FF0FF38DAE7179B5A1C17925B78C2
:102AF000302BF9D0002BD6D0012300E00023002793
:102B0000CDE905770493179B0A930A221798067854
:102B1000A6F13003D9B2092924D95A46294634F0FE
:102B200015FB00282DD00020059D32468346034624
:102B3000652A01D0452A13D11DB9049A024392D0C7
:102B40000025179C621C179262782B2A6FD02D2AC1
:102B500073D04FF0000CA2F1300109297AD91794F3
:102B6000002699E005990829DDBF069902FB01338B
:102B7000069302FB0737059B01300133059317903D
:102B8000C4E7179B03EB0B02179213F80B20059B6E
:102B9000ABB383461D46A2F13003092B12D90123A2
:102BA000C6E7179B5A1C17925A780130302AF8D082
:102BB000A2F13103082B00F2EF84179B0A9383469E
:102BC00000200546303A00F1010312D09B4400EB8F
:102BD000050C2B460A21634513D12B18082B05F150
:102BE0000105054419DC06990A2303FB012306931A
:102BF0000023179A511C179152781846CBE7059875
:102C0000D4E7082B03F1010303DC069E4E4306962E
:102C1000E1E7102BD8BF4F43DDE70F2BDCBF0A23C2
:102C200003FB0727E4E74FF0000B012385E74FF094
:102C3000000CA21C1792A2788DE74FF0010CF8E768
:102C4000A8990600909906000000F07F179A511C81
:102C500017915278302AF9D0A2F1310108293FF6B4
:102C60007FAF303A0792179A0C92179A561C179614
:102C70005278A2F1300EBEF1090F38D90C99761AAC
:102C8000082E44F61F6603DC07998E42A8BF0E4645
:102C9000BCF1000F00D07642002D4FD104990843BB
:102CA0007FF401AF002B7FF4DEAE692A29D026DC49
:102CB000492A26D04E2A7FF4D6AE9B4917A834F075
:102CC00034FB00283FF4CFAE179B1B78282B2FD165
:102CD00096491AAA17A834F03CFB052828D11B9B5B
:102CE000DDF8688043F0FF4949F4E009DBE6079E20
:102CF0000A2101FB0621A1F130020792B5E76E2AF5
:102D0000D9E78B4917A834F010FB00283FF4ABAE8D
:102D1000179B8849013B17A8179334F006FB10B99D
:102D2000179B01331793DFF81C924FF00008BAE6A7
:102D30008148FFF741FE59EC108BB4E6A6EB0B037C
:102D40000C93059B0698002B08BF2B46102D05936E
:102D50002C46A8BF1024F4F7ADFC092D8046894607
:102D600013DC0C9B002B3FF49EAE0C9B78DD162BE6
:102D700045DC724901EBC301D1E9000142464B46F3
:102D8000F4F712FD804689468DE66C4B03EBC403D5
:102D900053E91223F4F708FD804638468946F4F7D4
:102DA00089FC02460B4640464946F4F747FB0F2D87
:102DB00080468946D5DD0C9B2C1B1C44002C25DC51
:102DC00000F0A280644214F00F020AD05B4B03EBC8
:102DD000C20340464946D3E90023F4F70FFE80467C
:102DE0008946241100F090801F2C40F3B1802223EB
:102DF0004FF000084FF00009CAF8003053E60C9A73
:102E0000C5F12503934219DA2C1B144414F00F0367
:102E10000AD04A4901EBC30142464B46D1E90001C1
:102E2000F4F7C2FC8046894634F00F046CD0B4F548
:102E30009A7F41DD2223CAF8003074E73F4CC5F188
:102E40000F0504EBC50142464B46D1E90001F4F7FA
:102E5000ABFC0C9B5D1B04EBC504D4E900238FE79E
:102E60001633A8DB354BABEB060203EBC203D3E909
:102E7000002340464946F4F7C1FD83E7002306934B
:102E80002223DFF8C090CAF800304FF000081899EC
:102E900050462FF035FD069950462FF031FD05992B
:102EA00050462FF02DFD109950462FF029FD07991F
:102EB00050462FF025FDF6E50023214F0493241101
:102EC00040464946012C22DC0BB180468946049BD2
:102ED0001B49A9F1547901EBC30142464B46D1E9A4
:102EE0000001F4F761FC174B0A460B4016498B4270
:102EF00080469FD8A1F580118B4286BFDFF84C90A9
:102F00004FF0FF3802F15479002304934BE0E207BD
:102F100004D5D7E90023F4F747FC0123049A0132D2
:102F2000049264100837CDE7B13F07007C99060092
:102F30000F73070014BF0700CCB507001884060004
:102F4000F08306000000F07F0000A07CFFFFEF7F11
:102F500014F0100318BF6A23AA4F04934046494651
:102F60000023E20704D5D7E90023F4F71DFC012371
:102F7000641007F10807F4D10BB180468946049B21
:102F800043B1C9F30A52C2F16B03002B49464EDC30
:102F90006A2304930022002340464946F4F76CFE5E
:102FA00000287FF424AF069B0093059A0A992B46CC
:102FB00050462FF00DFD109000283FF43BAF0C9BC6
:102FC000ABEB060B002BB4BF5B46002311930C9BAD
:102FD00023EAE3731393002307930593109B504652
:102FE00059682FF04DFC069000283FF449AF109B24
:102FF0001A69023203F10C0192000C3034F090F89F
:1030000049EC108B1AAA19A95046CDE90A892FF06C
:10301000B3FF189000283FF433AF012150462FF042
:1030200021FD05900346D0B90023059328E71F2B07
:103030000EDD342BDEBF4FF0FF33C2F14B02934065
:103040004FF00008CCBF4FF05C7903EA01099FE71D
:103050004FF0FF3202FA03F303EA080898E7199CDD
:103060001A9A002CABBF119B139B139E119FACBFF0
:10307000E7181E1B049BE41A1444634B013C9C425A
:10308000C2F1360280F2B2801B1B1F2BC2BFC4F1FB
:103090007F4404F57F0404F57B444FF00105C8BF6D
:1030A000E234A2EB0302DABF9D40002405FA04F4E7
:1030B00007EB020B049B5F4516441E443B46A8BF2A
:1030C0005B46B342A8BF3346002BC2BFABEB030B3A
:1030D000F61AFF1A119B002B16DD05991A46504669
:1030E0002FF080FD059000289ED00146189A50468A
:1030F0002FF0CEFC0E9000283FF4C2AE1899504637
:103100002FF0FEFB0E9B1893BBF1000F71DC0C9BA4
:10311000002B08DD139A069950462FF063FD0690A8
:1031200000283FF4ABAE002E08DD0699324650462B
:103130002FF0B2FD069000283FF4A0AE002F08DD6E
:1031400005993A4650462FF0A7FD059000283FF418
:1031500097AE069A189950462FF00AFE079000285D
:103160003FF48EAEC3680E9300230599C36034F01C
:10317000ECF900284ADA0E9B53EA080340F0BB80C2
:10318000C9F31303002B40F0B68029F000431B0D58
:103190001B05B3F1D66F40F2AE80079B5B6923B984
:1031A000079B1B69012B40F3A6800799012250461B
:1031B0002FF072FD0599079034F0C7F9002840F30D
:1031C0009A8029F00043049A1B0D1B05002A78D031
:1031D000B3F1D66F6CD8B3F15C7F45D84FF00008DF
:1031E0004FF000092223CAF8003050E600240125E0
:1031F0005EE718995A4650462FF04EFD1890002869
:1032000085D13DE6C883060002FCFFFFCB4640F0B7
:10321000A3800E9AC9F31303002A40D09C4A93421C
:1032200058D1049B42467BB9B8F1FF3F40F08980FA
:10323000984B99453FF424AE974BDDF8108009EA8E
:10324000030303F5801922E6934B09EA0303B3F164
:10325000D46F16D918F101011BD18E4A91453FF464
:103260000FAE03F5801980468C4B4046494600223C
:10327000F4F79AFA0B460343804689467FF407AE7B
:10328000B0E71E0DC6F16B064FF0FF31B140884527
:10329000E7D0002C5ED014EA0B0FE5D01EE0002B27
:1032A0004AD1B8F1000F8CD064B314EA0B0F2BE0B5
:1032B000A3F580136FEA13596FEA09594FF0FF38ED
:1032C000D2E7A3F580136FEA13596FEA09594FF05B
:1032D000FF38DCE59CB114EA090F0CD040464946A2
:1032E000049A33F064FFDDE90A0153EC102BF4F784
:1032F000A5F880468946049B002BB5D1C7E515EAA1
:10330000080FEAE718EA050FF5D0049A4046494647
:1033100033F04DFFDDE90A0153EC102BF4F78CF884
:103320000022002304460D46F4F7A6FC00287FF493
:1033300055AFA046A946DEE7002CB6D115EA080F26
:10334000E2E724B114EA090F3FF4A1ADC6E718EA99
:10335000050FF9E72A42A0E70599079834F010F91C
:1033600055EC104B00224FF0804320462946F4F7DD
:1033700097FC00286DD00E9B002B78D1B8F1000F80
:1033800056D1C9F31303002B59D1454B00222046D7
:103390002946F4F77BFC002858D120462946414BAA
:1033A0000022F4F701FA04460D4605F100430894A3
:1033B0000993394B0BEA03031293129A3A4B9A4240
:1033C000DDE9086740F0A980ABF1547949EC108B36
:1033D0002FF062FDDDE9082351EC100BF4F7E4F95E
:1033E00042464B46F4F72AF80B462B492F4A194020
:1033F000914280465CD90B9A264B9A4203D10A9B94
:1034000001333FF43DADDFF88C904FF0FF38189951
:1034100050462FF075FA069950462FF071FA05992B
:1034200050462FF06DFA079950462FF069FAD5E50E
:10343000B8F1010F03D1B9F1000F3FF4CFAE9FED0A
:10344000107B174D8DED087B0024B2E7154D00244D
:10345000ABE7144B204629460022F4F7A5F90E9B52
:1034600004460D46002BA0D0CDE90845A1E79FED0D
:10347000067B8DED087B55EC174B9AE7AFF3008088
:10348000000000000000F0BF000000000000F03F5E
:10349000FFFF0F00FFFFEF7F0000F07F00005039BB
:1034A0000000F03F0000E03F0000E07FFFFF9F7C56
:1034B00003F15479049B4E46002BA8D129F0004318
:1034C000129A1B0D1B059A42A1D120462946F4F7FA
:1034D000CAFEF4F73BF90B46024629462046F3F7AD
:1034E000ABFFC9F313060E9B46EA08061E430446CB
:1034F0000D464BD02EA3D3E90023F4F7C7FB0028D9
:103500007FF4C5AC2CA3D3E9002320462946F4F769
:10351000DBFB00283FF47BAFB9E4049B13B3129BA1
:10352000B3F1D46F1ED826A3D3E900232046294641
:10353000F4F7B6FB90B129462046F4F70DFC0128BC
:1035400038BF0120F4F7B6F80E9B04460D46D3B9F8
:1035500001F1004314901593DDE91467129A07F105
:10356000D6639F1A9DED0A0B2FF096FC304653EC64
:10357000102B3946F4F718F9DDE90A23F3F75EFF5B
:103580008046894696E7CDE91445E5E70EA3D3E9E1
:103590000023F4F77BFBBCE7652A3FF444AB452AE4
:1035A0003FF441AB0123FFF779BB00BFAFF30080CD
:1035B0009535A094FFFFDF3F35E5AF350000E03FD4
:1035C0000000C0FFFFFFDF419535A094FFFFCF3F14
:1035D000684ADFED696AD2ED017A9FED687A67EE9D
:1035E000A67AF4EEC77AF1EE10FA00F399809FED17
:1035F000646AF4EEC67AF1EE10FA00F19480FDEE02
:10360000E77A17EE903A9BB20380D2ED027A67EE2A
:10361000A67AF4EEC77AF1EE10FA00F387809FEDF8
:10362000586AF4EEC67AF1EE10FA00F18280FDEEEF
:10363000E77A17EE903A9BB24380D2ED037A67EEB9
:10364000A67AF4EEC77AF1EE10FA75DC9FED4C6ABB
:10365000F4EEC67AF1EE10FA71D4FDEEE77A17EEC9
:10366000903A9BB2D2ED007A838067EEA67AF4EEB0
:10367000C77AF1EE10FA65DCDFED416AF4EEE67A26
:10368000F1EE10FA61D4FDEEE77A17EE903A9BB2B4
:103690003C4ADFED3D6AD2ED007AC38067EEA67A40
:1036A000F4EEC77AF1EE10FA52DC9FED356AF4EED3
:1036B000C67AF1EE10FA4ED4FDEEE77A17EE903AA4
:1036C0009BB2D2ED017A038167EEA67AF4EEC77A57
:1036D000F1EE10FA42DC9FED2A6AF4EEC67AF1EEC2
:1036E00010FA3ED4FDEEE77A17EE903A9BB2438192
:1036F000D2ED027A67EEA67AF4EEC77AF1EE10FA0E
:1037000032DC9FED1F7AF4EEC77AF1EE10FA2ED478
:10371000FDEEE77A17EE903A9BB283810E20704758
:1037200047F6FF7370E74FF400436DE747F6FF730A
:1037300082E74FF400437FE747F6FF7392E74FF4C9
:1037400000438FE747F6FF73A2E74FF400439FE77C
:1037500047F6FF73B5E74FF40043B2E747F6FF7350
:10376000C5E74FF40043C2E747F6FF73D5E74FF4D0
:103770000043D2E7585800200000004700FEFF46F3
:10378000000000C74C58002000000043684ADFEDED
:10379000696AD2ED017A9FED687A67EEA67AF4EE57
:1037A000C77AF1EE10FA00F399809FED646AF4EEA7
:1037B000C67AF1EE10FA00F19480FDEEE77A17EE8A
:1037C000903A9BB20380D2ED027A67EEA67AF4EECD
:1037D000C77AF1EE10FA00F387809FED586AF4EE95
:1037E000C67AF1EE10FA00F18280FDEEE77A17EE6C
:1037F000903A9BB24380D2ED037A67EEA67AF4EE5C
:10380000C77AF1EE10FA75DC9FED4C6AF4EEC67AD9
:10381000F1EE10FA71D4FDEEE77A17EE903A9BB212
:10382000D2ED007A838067EEA67AF4EEC77AF1EEE5
:1038300010FA65DCDFED416AF4EEE67AF1EE10FA9B
:1038400061D4FDEEE77A17EE903A9BB23C4ADFED89
:103850003D6AD2ED007AC38067EEA67AF4EEC77AAD
:10386000F1EE10FA52DC9FED356AF4EEC67AF1EE15
:1038700010FA4ED4FDEEE77A17EE903A9BB2D2EDF5
:10388000017A038167EEA67AF4EEC77AF1EE10FAB8
:1038900042DC9FED2A6AF4EEC67AF1EE10FA3ED4CD
:1038A000FDEEE77A17EE903A9BB24381D2ED027AB1
:1038B00067EEA67AF4EEC77AF1EE10FA32DC9FEDED
:1038C0001F7AF4EEC77AF1EE10FA2ED4FDEEE77A05
:1038D00017EE903A9BB283810E20704747F6FF7334
:1038E00070E74FF400436DE747F6FF7382E74FF44C
:1038F00000437FE747F6FF7392E74FF400438FE7FB
:1039000047F6FF73A2E74FF400439FE747F6FF73C4
:10391000B5E74FF40043B2E747F6FF73C5E74FF44E
:103920000043C2E747F6FF73D5E74FF40043D2E701
:10393000585800200000004700FEFF46000000C766
:1039400040580020000080440A4B1B68002003F20E
:10395000AC4203F60C13D2ED007AF5EE407AF1EEAC
:1039600010FA18BF013002F1100218BF80B29A425B
:10397000F1D17047D006002030B56B4B1B78037037
:103980006A4B1B7843706A4B85B01B7883700024A8
:10399000054601A967480394CDE9014417F0EAFA06
:1039A0009DED027ADDED037ADDED016AF7EE005A56
:1039B00037EE257A77EEA57A76EEA56AB6EE006A3E
:1039C00066EE866A27EE067A67EE867A9FED5A6A79
:1039D00066EE866A9FED596AF4EEC66AF1EE10FA59
:1039E00000F38380F5EEC06AF1EE10FA04D4FCEE29
:1039F000E66A16EE903A9CB29FED516ADFED516A8D
:103A000027EE067AB4EEE67AF1EE10FA70DCB5EE47
:103A1000C07AF1EE10FA6ED4BCEEC77A17EE103A07
:103A20009AB267EE867AF4EEE67AF1EE10FA64DC8A
:103A3000F5EEC07AF1EE10FA62D4FCEEE77A17EEFA
:103A4000903A9BB244EA822444EA43543E4AC5F881
:103A50000340D2ED007ADFED3D6A9FED3D7A67EEDF
:103A6000A67AF4EEC77AF1EE10FA4BDC9FED396AD4
:103A7000F4EEC67AF1EE10FA47D4FDEEE77A17EECF
:103A8000903A9BB2A5F80730D2ED017A67EEA67A9C
:103A9000F4EEC77AF1EE10FA3ADC9FED2E6AF4EEFE
:103AA000C67AF1EE10FA36D4FDEEE77A17EE903AC8
:103AB0009BB2A5F80930D2ED027A67EEA67AF4EE51
:103AC000C77AF1EE10FA29DC9FED227AF4EEC77A7C
:103AD000F1EE10FA25D4FDEEE77A17EE903A9BB29C
:103AE0000D20A5F80B3005B030BD40F2FF3483E760
:103AF00040F2FF7295E7002293E740F2FF73A1E7DF
:103B000000239FE747F6FF73BCE74FF40043B9E794
:103B100047F6FF73CDE74FF40043CAE747F6FF735C
:103B2000DEE74FF40043DBE72FB600202EB600207F
:103B30002DB60020585800200000804400C07F446B
:103B40000000004500E0FF444C5800200000004306
:103B500000FEFF46000000C710B57AB1084AC468ED
:103B6000525601322244442A08DC8468015501344B
:103B7000C0E90242DDE90201C3E9000110BD00BF56
:103B8000849B060008B501F077FA024B1B681844C5
:103B900008BD00BFC8060020014B1878704700BF61
:103BA00030B60020014B187003F026B830B6002064
:103BB000122808B598BF0A4B0A4A94BF1B5C002321
:103BC0000029137009DB12F0CDF90130C0B2064BA9
:103BD0001870064B01221A7008BD0020F7E700BFDD
:103BE0008A9B06002CB600202BB6002029B60020A8
:103BF00070B5D0ED007AF4EE677AF1EE10FA044673
:103C00000D4614D6D0ED017AF4EE677AF1EE10FA93
:103C10000DD6D0ED027AF4EE677AF1EE10FA06D600
:103C2000D0ED037AF4EE677AF1EE10FA13D706209E
:103C30001BF00AF938B1174B4361022303740023C8
:103C400043748374C374BDE87040134900234FF478
:103C5000845231F06BBF9FED110A114930F083FEA1
:103C6000104B187023460E4C03F110061868596863
:103C7000224603C20833B3421446F7D12868696864
:103C8000094B03C3A86818602FF08BFE074BC3E9EC
:103C9000000170BDAA9A0600348106000AD7A33B32
:103CA0005858002027B600204C580020401500200E
:103CB00008B50246054B0068516803C39068186058
:103CC0002FF06FFE024BC3E9000108BD40580020F1
:103CD0003815002000B52DED028BADB0B0EE408A56
:103CE00012F046F988B112F03DF970B103A808F05E
:103CF000E3FA9DF82C3043B1DFED187AB4EEE78A91
:103D0000F1EE10FA48BFB1EE488ADFED157AB4EE55
:103D1000E78AF1EE10FA1DD4DFED127AB4EEE78AED
:103D2000F1EE10FA18DCF3EE097A38EE678ADFED6F
:103D30000E7A38EE088A38EE278AFCEEC87ACDED86
:103D4000017A9DF80430094A13702DB0BDEC028B46
:103D50005DF804FB0123F6E7FF23F4E700001A42B5
:103D600000001AC20000B142008000432DB60020BE
:103D700030B5039C124D20B928700023114A1370EE
:103D800030BDAAB96422B3FBF2F363F07F03DBB268
:103D90002B700A2271B141F2D603A342B8BF234669
:103DA000B3FBF2F3F53BFF2BD4BFDBB2FF23E5E718
:103DB000FF23EDE794FBF2F3F53BDED4F3E700BF1E
:103DC0002FB600202EB60020044B10F0050F1870FF
:103DD000034B0CBF012203221A7070472AB6002041
:103DE000200C002030B58BB00023CDE901330493C3
:103DF000164B174D1C78174B2D781878164B8DF8ED
:103E000006401978154B8DF805501A78144B8DF82B
:103E100007001B788DF80D3040F6E443ADF80E3006
:103E20008DF808108DF80C2001AB0FCB05AC84E8A1
:103E30000F000C4A13788DF82430591C117020465D
:103E40001122012102F018FC0BB030BD2FB600206A
:103E500030B600202EB600202DB600202CB6002053
:103E60002BB6002028B6002030B500238BB0CDE95A
:103E70000133CDE903330E4B01251B788DF8053056
:103E800001A90DF106008DF80450FFF7A1FB0FC941
:103E900005AC84E80F00074A13788DF824305919CF
:103EA000117020461122294602F0E6FB0BB030BD0E
:103EB00030B6002028B6002030B58BB00024022395
:103EC000CDE901448DF804300F4B0DF106001B784D
:103ED0008DF80530CDE9034401ADFFF74DFD8DF8B8
:103EE000134095E80F0005AC84E80F00074A1378EB
:103EF0008DF82430591C117020461122012102F046
:103F0000BBFB0BB030BD00BF30B6002028B6002090
:103F100010B58AB00023CDE902330493104B197811
:103F2000104B8DF805101A780F4B8DF806201B7872
:103F30008DF8073003208DF8040001AB0FCB05ACE2
:103F400084E80F00094A13788DF82430591C117049
:103F500020461122012102F08FFB0AB010BD00BFE4
:103F600030B60020200C00202AB6002028B6002001
:103F700010B500238AB0CDE90133CDE90333042322
:103F80008DF804300C4B01A91B788DF805300DF12C
:103F90000600FFF7FBFB0FC905AC84E80F00074ADA
:103FA00013788DF82430591C1170204611220121FC
:103FB00002F062FB0AB010BD30B6002028B6002027
:103FC00010B500238AB0CDE90333144B1C7812F0EE
:103FD00019FF134A8DF8054005238DF80430A0FB26
:103FE000020302FB0131C30B43EA4143C90BCDF885
:103FF0000630CDF80A1001AB0FCB05AC84E80F00FA
:10400000084A13788DF82430591C1170204611226B
:10401000012102F031FB0AB010BD00BF30B6002014
:1040200040420F0028B600202DE9F0478768012F95
:1040300092B0064640F38480FE238DF80030504B4A
:10404000DFF858811B78DFF85891DFF858A18DF818
:1040500002708DF801300744032404F1480216F879
:10406000013B6A44651C02F8483C052B66D8DFE832
:1040700003F003363C414F5405F148020DEB0503B4
:104080000DEB02053F4A4049127805F8482C3F4A9B
:10409000097812785A7099713D4A3E491278097828
:1040A0009A70D971002240F6E441DA701A715A719F
:1040B00019815A811A730E34B742CED1364A137819
:1040C000591C117004F148026A44012102F8483C6D
:1040D0006846621C02F0D0FA12B0BDE8F0870DEB22
:1040E0000500FFF775FA2C18E6E70DEB0500FFF762
:1040F00043FCF8E705F148030DEB030599F80030A0
:1041000005F8483C9AF8003005F8473C0334D3E7FB
:104110000DEB0500FFF73AFBE5E712F073FEA0FB9D
:10412000080308FB01310DEB0502C30B43EA4143D1
:10413000C90B4DF8053009345160BDE72C46BBE78B
:104140000139032903D8DFE801F0070C111612B07A
:10415000BDE8F047FFF746BE12B0BDE8F047FFF7F5
:1041600083BE12B0BDE8F047FFF7A6BE12B0BDE8AF
:10417000F047FFF7CDBE12B0BDE8F047FFF7F8BE3D
:1041800030B600202FB600202CB600202EB600201E
:104190002DB600202BB6002028B6002040420F008C
:1041A000200C00202AB60020F8B51D4E00AF0546B1
:1041B000002832D03478DCB91A4829F023F91A4B98
:1041C0001C801A4B1C701A4B1C701A4B00200021CB
:1041D000C3E90001184B19481C70194B4FF4807249
:1041E00021461C7032F0AAFF164B1C70164B1C6047
:1041F000164B357088B06A461549C2E905134FF46D
:1042000000739383134B42F8103F134800234FF47D
:10421000E6511AF0F9FFBD46F8BD104BE9E700BFC3
:1042200026B60020040E0020BA8000202381002042
:104230002281002000150020ED8000202581002033
:10424000EC800020248100203C580020C29A060007
:10425000D29A06000300000134810600CA9A0600C3
:10426000014B1878704700BF26B6002080B5104B70
:1042700000AF1870C0B12FF094FB0E4B0E4A88B0FF
:10428000C2E900016A460D49C2E905134FF4007303
:1042900093830B4B42F8103F0A4800234FF4E6513A
:1042A0001AF0B2FFBD4680BD0020074B0146E5E78E
:1042B00025B60020E59A060010150020109B060088
:1042C0000300000134810600F99A0600014B1878BA
:1042D000704700BF25B6002070B5174B1B7890B013
:1042E000024633B303466D4600F11006186859685C
:1042F0002C4603C40833B3422546F7D110695968E8
:1043000004AC03C49868D369206007930B4800226B
:104310000023694628F0C0FE58B10022002308A9F6
:10432000064828F08DFF054800220023694628F042
:10433000B3FE10B070BD00BF26B60020040E0020F2
:1043400008B5054B1B782BB104492FF038FB044B03
:1043500001221A7008BD00BF26B600203058002088
:10436000ED8000202DE9F84FDFF86CB005460C46D3
:104370001C220021584610EE10AA10EE909A11EE61
:10438000108A11EE907A12EE106A32F0D7FE1222E5
:104390000BF8182C0D4A0E4B12780BF8172C012233
:1043A0001A704BF816AC4BF8129C4BF80E8C4BF86D
:1043B0000A7C4BF8066C0BF8025C0BF8014C2FF0F2
:1043C000F0FA044BC3E90001BDE8F88F30B60020D5
:1043D000228100200815002006810020054A0023C4
:1043E0001370054A1380054A1370054B01221A7099
:1043F000704700BFEB800020987E0020EA800020FC
:10440000EC80002008B50B4B187890B10A4B187857
:1044100078B12FF0C6FA094AD2E90032C01A4EF636
:10442000602361EB0201984271F10001ACBF0120F1
:10443000002008BD26B6002023810020081500209A
:104440002DE9F04FBA4B1F78ADB027B90027384699
:104450002DB0BDE8F08FB74C237803F0FF06002B9A
:1044600032D0B54DB5492B889AB2DBB2C95C79B16F
:10447000B34931F8131091420AD1B248342202FBF9
:104480000300002102F0F8F8AF4A1368013313600B
:10449000EFF31181402383F31288BFF36F8F002362
:1044A000227818460133934208DB2378013BDBB2C4
:1044B000237081F31188BFF36F8FC8E735F813209D
:1044C00092B225F81020EBE7DFF8B08298F80030C0
:1044D00023B99E4B1B78002B00F0B2812FF061FABC
:1044E0009B4BD3E90023821A61EB0303C82A73F1C3
:1044F000000304460D46C0F2A38198F8001089B16C
:1045000034229448002102F0B7F8002388F80030E4
:10451000914B01221A70914BC3E900458C4BC3E9C2
:10452000004594E7DFF8248298F80090B9F1000F75
:104530002FD032220DF17E0032F000FE14238DF8D0
:104540007C30874B874E1B788DF87D303378042B79
:1045500000F25D81DFE813F0050022009400BA004C
:10456000160101238DF87E307F4B1B680DF17F0112
:1045700003F5A27203F5BA7352F8040B41F8040B69
:104580009A42F9D1342200211FA802F075F80123C4
:1045900033704FF416702BF023F8BFE70223DFF8D7
:1045A000E0C18DF87E30704BD3F80080BCE80F007E
:1045B00001AE0FC6BCE80F000FC6DCF80030336058
:1045C00008F58A7901A80AAE4FF0000A13A92FF066
:1045D000F6F9139B46F8043B0AF1010A149BB360F9
:1045E000BAF1030F159B736100F10C00EED1484640
:1045F0002FF0E5F908F5907919AE002108F5A278B9
:10460000A6F10C020AA818E0B3EC017ABAEC016A30
:1046100026EE877A9C4547EE067AF5D1E04506D02E
:104620006346FEEC016A824603F10C0CECE7E2EC17
:10463000017AB24200F10C0006D00AAB01EB030E86
:10464000DFED4A7A4B46ECE70C31242902F10C06E7
:10465000D6D113AE0DF17F020DF17C0C334603CBA6
:104660006345106051601E4602F10802F6D1342203
:104670000021604602F000F83A4B02221A7088E7E7
:10468000394B4FF003081B688DF87E80D3F8FC206F
:10469000CDF87F20D3F80021CDF88320D3F8042172
:1046A000CDF88720D3F87421CDF88B20D3F878216A
:1046B000CDF88F20D3F87C21CDF89320002134222F
:1046C0001FA801F0D9FF86F8008062E7264B4FF063
:1046D000040A19688DF87EA091F8A4348DF87F3013
:1046E000FFF732F9224BCDF8823003F18A73ADF82F
:1046F0008000CDF88630D1F83C39CDF88A30D1F839
:104700004039CDF88E30D1F84439CDF89230814619
:10471000342200211FA801F0AFFFB9F1000F76D0BD
:10472000144A86F800A000231380134A137030E760
:1047300026B60020248100209A7E002025810020BA
:10474000BA7E0020258200203C580020EC8000200A
:1047500000150020EE800020238100200815002095
:1047600030B60020EB800020D006002000000000C2
:1047700000002041987E0020EA8000202281002055
:10478000D0820600614EFFF7DFF83388452B3ED814
:1047900000283CD0DFF8A0A1ADF8800005238DF8FB
:1047A0007E309AF800308DF87F300DF1830C0023B5
:1047B000574AD2F800B03288452A104614D8022B46
:1047C00015D0014601300BEB001E0EF29C4EDEEDC3
:1047D000007AF5EE407AF1EE10FA1CD182B2452A49
:1047E000EFD9B9F1000F29D113F0FF030FD0342214
:1047F00000211FA88DF8823001F03EFF9AF80030AA
:1048000001338AF800303388452B7FF6C2AE00238F
:1048100088F80030BDE601320BEB011132806046B2
:1048200001F2AC4201F2BC4152F804EB40F804EB57
:104830008A42F9D101330CF1100CB9E73280D3E789
:10484000344B1B78002B3FF401AE33480022002389
:1048500013A928F0F5FC044600287FF4F7AD0146C3
:10486000142227A832F06AFC13238DF87C302B4BDE
:104870002B4A1B788DF87D301388B2F800C05BBAE4
:10488000ADF87E30139B2093149B2193159B2293AC
:10489000169B23930CF10101179B11802493214A4D
:1048A000189B2593199B2693137843B11E4B1470C4
:1048B0001968279159689B682891299301261A9BAA
:1048C000CDF8A930194B8DF8A8605FFA8CF51FAAB6
:1048D000342101FB05330DF1AC0E1646144603CC12
:1048E000744518605960224603F10803F6D1206828
:1048F00018600F4B23F815C00E4B01225A550021AA
:104900003422304601F0B8FEA1E500BF987E0020B9
:10491000D006002023810020040E002030B60020A5
:10492000BA800020ED800020305800202582002031
:10493000BA7E002025810020EA8000202DE9F04F7A
:1049400000218BB0022016F0B3F8DFF8F8822FF0C8
:1049500028F8044602200D4616F026F9022015F02C
:104960006BF940F2AA5240F2E533002818BF134613
:10497000A24A136001F06AFE18B964202FF027F8EC
:10498000E5E701F019FEFFF7FDF8D8E90023A21AC8
:1049900065EB0303824273F1000306461DDB00262C
:1049A000F023CDE906668DF81830954B08961B78F4
:1049B0008DF819308DF82460CDF81B6001F052FE9F
:1049C0000D228DF81F00314606A808968DF8246048
:1049D00001F052FEC8E90045B9E702F06DFAB0B146
:1049E00002F0F0F8B6F57A7F2CBF77084FF4FA772B
:1049F0000023B6195B4186428B4108DAD8E90023CF
:104A0000A21A65EB0303BA4273F10003C7DA12F08E
:104A1000B7FE064628B113F0D5FD13F01FFE0220A5
:104A2000ACE7784B1B781BB3774BD3E90023012A03
:104A300073F1000130DB7549A21A65EB0303914263
:104A400070EB030328DA06201AF0FEF938B1704B38
:104A500043614FF00203037446748674C6746D4953
:104A600000234FF4845231F061F80020FFF7FEFB81
:104A7000022015F0E1F80746002838D0664B1B7875
:104A8000002B3FF47AAF654ED6E9002352EA0301CA
:104A900006D1C6E9004570E764202EF098FFE7E7ED
:104AA000A21A4EF6612165EB03038A4273F10003FB
:104AB000FFF663AF0020FFF777FB002015F090FCB6
:104AC000002200230620C6E900231AF0BDF938B100
:104AD000534B436102230374002343748374C374F0
:104AE0004C4900234FF4845231F020F845E7FFF79A
:104AF000A7FC00287FF42BAF474B1B7883B1494BB1
:104B0000D3E90012611A65EB0202092972F1000271
:104B100004DA4FF496702AF063FD18E7C3E9004504
:104B2000DFF824A102F0C8F9DAE9003200280CBF4E
:104B30000621012113435BD03B4BD3E90023A21A8A
:104B400065EB03038A4273F10003ACBF012300232A
:104B5000364A116804915168049A0A434AD0344A8B
:104B6000D2E90002201A65EB0202652872F1000208
:104B7000ACBF4FF0010C4FF0000C2E4A2E481278BB
:104B80000392D0E90020B4EB02092C4A65EB000E39
:104B9000D2E90002201A65EB020B039A0590002A65
:104BA00054D1059A40F2DF3082427BF10002ACBF63
:104BB0000122002281457EF100000498ACBF01264D
:104BC0000026084378D107F001010391BCF1000FE2
:104BD00040F0D780002B00F08480194B1B78002B0D
:104BE00000F0048101278DF8187008970F2306E163
:104BF0000023ADE74FF0000CBFE700BFC806002060
:104C000030B6002025B6002010150020C02709006E
:104C1000239B06003481060026B60020F0140020F5
:104C20004C9B0600E8140020F814002038150020E2
:104C30003015002029B6002018150020201500206E
:104C400027B6002028160020401500208A4FD7E9FB
:104C50000002201A65EB0202652872F1000640F29C
:104C6000DF361ADB059AB2427BF10002ACBF0122AB
:104C70000022B1457EF100000498ACBF0126002659
:104C800008434ED1BCF1000F7BD1002B57D07B4B9A
:104C90001B78002B00F0AD80A4E75B2872F10002C6
:104CA000059AACBF01270027B2427BF10002ACBFDE
:104CB00001220022B1457EE77148D0E90010611A57
:104CC000049107F0010165EB00000391BCF1000FB6
:104CD00057D104995B2970F10000FFF67BAF002BE0
:104CE00051D1059A40F2E9339A427BF10002C0F2B9
:104CF000B680644F002E00F0AD800326012206A886
:104D0000CDE90045604B8DF818600521CDE90826F6
:104D1000FEF722FF314606A8C7E90045FFF784F9F0
:104D200015E6BCF1000F2CD15549D1E90001201A3C
:104D300065EB01015B2871F10001A6DB1BBB16B915
:104D4000002A00F0848001210E23CDE908134FF0E2
:104D500000094C4B8DF81890032106A8CDE90045B9
:104D6000FEF7FAFE052106A8CDE90045464B32467E
:104D7000FEF7F2FE494606A8FFF756F9C7E90045D7
:104D8000E5E5002B3DD00F234FF0010CCDE908C322
:104D90003E4B00200021C3E90001394BC3E9004527
:104DA00004278DF81870374B032106A8CDE900457C
:104DB000FEF7D2FE344B3246052106A8CDE9004568
:104DC000FEF7CAFE2C4B039A002106A8CDE9004548
:104DD000FEF7C2FE394606A8FFF726F90023002297
:104DE000CAE900232A4BC3E90045B0E5002F3FF490
:104DF000F9AE0123022708938DF818700E2309934A
:104E0000D1E706B902B301200F23CDE90803042737
:104E10001C4B8DF81870032106A8CDE90045FEF75C
:104E20009BFE052106A8CDE90045174B3246FEF74B
:104E300093FE394606A8FFF7F7F8144B002000212F
:104E4000C3E900010E4BCEE7FFF792F8F5E7FEF756
:104E5000C9FF93E7C7E90045FFF75AF877E5994599
:104E60007EF1000305DB084BC3E90045FFF7A8F816
:104E70006DE54FF416704EE62815002027B6002089
:104E800030150020201500201815002038150020AE
:104E9000F8140020064B074A1B68D3F8801991428A
:104EA00002BF012283F87909A3F87A29704700BF6D
:104EB000D00600205453524C70B5244D0646A871BC
:104EC000284623F063FC10F11C0F044605D123F0A3
:104ED0006FFD284623F05AFC0446BCB10A2019F0A5
:104EE000B3FF58B11A4B43611A4B0462C0E906364E
:104EF00005230374002343748374C3741649002389
:104F00004FF4215230F012FE204670BD23F038FDE0
:104F100010F1100F0546F7D00028F5D00A2019F03F
:104F200093FF50B10D4B43610A4B0562C0E9063651
:104F30000523037444748474C474074900234FF434
:104F4000215230F0F3FD2C46DEE700BF210C00209B
:104F5000BD9B0600E9AA06004C810600EB9B0600FB
:104F600008B5082019F070FF48B1094B4361094B9F
:104F7000836103230374002343748374C374064959
:104F800000234FF4C25230F0D1FD6FF0850008BD10
:104F9000199C060026AB06004C81060008B50020CF
:104FA00020F070FE044B186018B9BDE80840FFF708
:104FB000D7BF002008BD00BF745800202DE9F74F6F
:104FC000274CDFF8A8802EF022FDD4E900321343ED
:104FD00008BFC4E90001D4E90023821A61EB03038E
:104FE000D8F800600F4641F288318A4206F1010686
:104FF00073F100030546C8F800602DDBDFF870A0F0
:10500000DFF87090DAF80020D9F800B001920A2099
:1050100019F01AFF88B1134B43610523019AB6FBBF
:10502000F3F6B2FBF3F20374C261BBFBF3F20023AD
:105030008661026243748374C37400230A494FF487
:10504000235230F073FDC4E900570023C8F8003044
:10505000CAF80030C9F8003003B0BDE8F08F00BFD7
:10506000181700203D9C06004C8106008458002043
:10507000805800207C5800200B4B1B68132B09D84C
:10508000092B0AD8042B0BD8012B8CBF4FF4FA70D4
:105090000020704742F2283070474FF47A60704722
:1050A00040F2DC50704700BF045900207FB52C4E01
:1050B0003578002D52D1012302932A4B01951868AF
:1050C0000395694618F084FE041E16DA082019F0CC
:1050D000BBFE48B1244B4361244B4574C0E9063400
:1050E000042303748574C574214900234FF40152CD
:1050F00030F01CFD204604B070BD0B2464202AF063
:105100006FFA029D15F003051DD0013CF6D1194D33
:105110002B78ABB9082019F097FE48B1164B4361C4
:105120006FF00A0383610323037444748474C474AA
:1051300000230F494FF4C45230F0F8FC01232B70C8
:105140006FF00A04D6E7039C34B1082019F07CFE06
:105150000028C9D0094BBEE7012333700024C9E7FA
:1051600042B60020745800206D9C060019AB060062
:105170004C81060031B60020AD9C06008A9C0600DA
:10518000044B1A782AB100221A70034B186818F0E1
:10519000B7BE704742B600207458002030B50F49A2
:1051A0000F4A00244FF400458C462146E0FB05C120
:1051B00089B000236046F2F79DFF0523CDE9060183
:1051C000CDE90243CDE90044064B074904944FF46E
:1051D0000072064829F0B4F909B030BD3F420F0013
:1051E00040420F002B3A060080D2002030160020EB
:1051F0002DE9F041554D86B006460FCD00AF3C4637
:105200000FC495E80300524B84E803003546F6B11D
:105210007B600823BB724F4BFB6002233B7440F260
:10522000011338467B8223F047F90446C0B10820B9
:1052300019F00AFE00287DD1474900234FF401529E
:1052400030F074FC0121022014F046FC4DE07B603C
:1052500008230122BB724FF49B737A70BB81DEE797
:105260003E4E336893F8988408F1FF33632B4FF078
:1052700008003FD819F0E8FD38B1394B4474C0E953
:105280000538032303748474C474002332494FF433
:10529000C65230F04BFC336893F8980423F036FC88
:1052A000304823F0D7FB304823F0EEFB08212F488D
:1052B00023F004FC2E4A2F4B002D18BF13466D46D9
:1052C00088B06A462C49C2E905134FF400739383F2
:1052D0002A4B42F8103F00231F484FF4E65119F0C3
:1052E00093FF274B0122AD461A7020461837BD4662
:1052F000BDE8F08119F0A8FD40B1224B4361542371
:1053000083610323037444748474C47400234FF4CE
:10531000C652114930F00AFC542023F0F7FB3368E1
:1053200093F89824FF2ABBD0FF2283F8982402F038
:1053300009FBB5E7144B4361144BC0E90634042361
:105340000374002343748374C37475E7F482060006
:1053500039850200360102004C810600D00600208B
:10536000FB9F06003EB600203AB6002032B6002071
:105370005FA6060049A206005CA00600030000012B
:10538000DFBA00201DA006003AA00600FCAA060015
:1053900010B5064C237833B10023032023702EF080
:1053A00026FB23F037F80023237010BDDFBA00205E
:1053B00010B5FFF7EDFF0C4B00241C700B4B0620C3
:1053C0001C605C6019F040FD30B1094B4361022361
:1053D000037444748474C474BDE810400549002308
:1053E0004FF4865230F0A2BBDEBA0020E0BA0020B3
:1053F00076A006004C810600074B08491A68084B46
:105400001A60084B1A68084B1A60084A0B68136048
:105410004B685360704700BF88A006008DA006004F
:105420003EB6002096A006003AB6002032B6002014
:105430001E4A84B0D2F80200917900909078084416
:105440008DF80400D07808448DF8050010790844E0
:1054500000238DF806005079CDE9023301448DF820
:105460000710D0790DF10702C1180133082B02F89B
:10547000011FF9D16946002211F8013B1BB1552BE0
:1054800001D0AA2B02D1083301F8013C0132102AC5
:10549000F2D1074B009A1A60064B019A1A6002ABD0
:1054A00003CB054A1060516004B07047E0BA002099
:1054B0003EB600203AB6002032B600202DE9F74F64
:1054C000C14BC24E0024214602201C6014F004FB94
:1054D000BF49347000220023C1E90023BD490C708C
:1054E000BD490C70BD490C70BD49C1E90023BD4BDD
:1054F0001C60BD4B1C60BD4B1C60BD4B1C60BD4B9C
:105500001C60BD4B0A221A60BC4B1C60BC4C257849
:10551000002D40F09A80062019F096FC30B1B94B6E
:1055200043610223037445748574C57400234FF4EA
:105530008652B549B54F30F0F9FA0120FFF75CFF0C
:105540000025FFF755FE4FF08053FD70D3F8A400FF
:10555000AF4AC7F807009288A7F80B200820D3F8B5
:10556000A490D3F8A88019F06FFC50B1A94B436107
:105570001FFA88F3C0E90693042303744574857405
:10558000C574A14900234FF4035230F0CFFAA24969
:105590000622072017F094F9051E4FF0080008BFF7
:1055A000082519F051FC40B19C4BC0E90535032397
:1055B0000374002343748374C37400234FF4C652EE
:1055C0009149DFF884B230F0B1FA022103207D71F5
:1055D00013F07CF92EF01BFA81460F462378AB427C
:1055E0000FD04FF0805123686268D1F8A400D1F841
:1055F000A8101B0C43EA0243120C8A4208BF8342E4
:1056000065D10920022113F061F9062019F01CFC74
:1056100038B1834B436102230374002343748374C2
:10562000C374794900234FF4865230F07FFA7D4BE2
:10563000734A196802200823653114F095FBFFF7BF
:10564000A7FE4FF4C8602EF0D2F90820657819F053
:10565000FBFB40B1744BC0E9053503230374002301
:1056600043748374C374002367494FF4C65230F007
:105670005DFA6C4B1B680820D3F86550D3F869605D
:1056800019F0E2FB68B12D0C684B436145EA064511
:10569000360C0423C0E90656037400234374837454
:1056A000C374594900234FF4035230F03FFA607835
:1056B000FEF778FA5E4B62781A70FFF7B9FE5D4B21
:1056C00001221A7003B0BDE8F04FFFF759BD5A4BE5
:1056D0001B7823B90120FFF78FFEFFF789FD574B99
:1056E0001B780BB9FFF7E2FC96F80080B8F1000FC9
:1056F00023D12EF08CF9B0EB090061EB0701834553
:1057000078EB010119DA082019F09EFB50B14C4BDF
:10571000436103238361037480F8118080F8128051
:1057200080F81380002338494FF4C45230F0FEF95A
:1057300001230020337013F0E9FD94F80080B8F1E4
:10574000000F14D0082019F07FFB40B13D4BC0E999
:10575000053803230374002343748374C374002344
:1057600029494FF4C65230F0E1F900232370DFF8E5
:10577000DC804FF0000A23F049F923F019F90120E9
:1057800088F800A015F010FA5046FFF795FB18B105
:1057900064202EF02CF921E7019002202EF027F949
:1057A000012088F80000FFF787FB019B10B188F803
:1057B0000030EDE702202EF01AF90220FFF77CFB03
:1057C0004FF47970E5E700BF0459002036BB002094
:1057D00028180020DDBA002045B6002044B600207D
:1057E000301700209C580020A05800209858002016
:1057F0009458002090580020CC06002088580020A3
:10580000E0BA00209BA006004C810600210C00207D
:10581000A4000010A3A00600280C0020BBA00600D6
:10582000FDA00600D006002004A1060013A106007A
:1058300043B60020DEBA0020DFBA002042B60020C6
:10584000CAA00600E4A0060020BF020035BB00206D
:10585000044B1B7813B9044B1B780BB1FFF7A8BDA1
:10586000704700BFE0BA0020DEBA00207FB5274BAA
:1058700005460E4693E8030006220290ADF80C1090
:10588000072002A917F01CF8031E4FF0000408BF00
:10589000082305F0FF02A44208BF9A4212D0062056
:1058A00019F0D2FA30B11A4B4361022303744474E5
:1058B0008474C474174900234FF4865230F036F9CB
:1058C00004B070BDFFF7C4FFCDE900566B4603CBB3
:1058D000114A10600620516019F0B6FA30B10F4B32
:1058E00043610223037444748474C474094900231B
:1058F0004FF4865230F01AF9094B074A1968022012
:105900000823653114F030FADAE700BFA400001074
:105910002DA106004C810600E0BA0020FDA0060083
:10592000D006002010B5FFF793FF0E4B0E4A196802
:1059300002200823653114F017FA062019F084FAC2
:1059400038B10A4B43610223037400234374837408
:10595000C374BDE81040064900234FF4865230F06E
:10596000E5B800BFD0060020E0BA002040A1060044
:105970004C8106002DE9F04FA64CDFF8DC8285B0A3
:10598000002100AF012015F093F82168A24AD1F858
:10599000653013600020D1F869305360FFF7FEFBDB
:1059A00011F096FD9D4B1B7823B9FFF787FD012071
:1059B000FFF71EFCD8F80030B3F5967F46D314F0FD
:1059C00009FD002842D1022014F036F938B9202010
:1059D00014F032F918B90121022014F07DF8904E2C
:1059E00033789BBBDFF86492D9E90023012A73F175
:1059F00000032BDBFEF76AFC054638BB2EF007F8E8
:105A0000D9E90032C01A874B61EB0201834275EB82
:105A100001011BDA202014F00FF90546B0B9082067
:105A200019F012FA38B1804B436103238361037488
:105A300045748574C57400237C494FF4C45230F01A
:105A400075F801230020337013F060FCDFF80C922E
:105A50002DF0DDFF99F800A005460E46BAF1000FC3
:105A60006CD0734B1B78534568D0724BD3E900233D
:105A7000012A73F1000161DBAAF13001032908D981
:105A8000AA1A40F2DC5166EB03038A4273F1000369
:105A900054DB0AF1FF33322B00F25B85DFE813F0B1
:105AA0003300A500E000F50047015D0135024E021C
:105AB0009002C80239037D039903D503EA03FF036B
:105AC0007F043E0454046B049504AB04C2047401C7
:105AD0008D01A301B701CD01E101F7010B021F0206
:105AE000AC02D604EC04AE03590559055905590515
:105AF000590559055905590559055905590502050D
:105B000018052E054505062019F09EF938B14A4BB7
:105B1000436102230374002343748374C3744349B1
:105B200000234FF4845230F001F814F09DFB99F8F3
:105B300000303F4A012B137000F01C853F4B1A7850
:105B4000002A4BD03E49D1E90021B5EB020B66EBB0
:105B5000010AFEF717F864384FF00009584579EB51
:105B60000A0A364B3ADA83F80090364BC3F80090B5
:105B7000D8F80030082003F1010AC8F800A019F095
:105B800063F950B1304B80F81190C0E9053A032316
:105B9000037480F8129080F81390244900234FF486
:105BA000C4522FF0C3FFD8F80090B9F5967F15D1F5
:105BB000264B0820C3E9005619F046F940B1244BA2
:105BC000C0E9053903230374002343748374C37449
:105BD000164900234FF4C4522FF0A8FF012014F0FF
:105BE000E3FF64202DF003FFDCE6062019F02CF91A
:105BF00038B1184B43610223037400234374837448
:105C0000C3740A4900234FF486522FF08FFF2EF001
:105C10001DF88CE7D0060020E0BA0020DEBA002094
:105C200036BB002020BF020053A106004C810600B5
:105C3000D9BA00203817002074A10600DDBA002070
:105C40004017002008590020A7A8060028180020A7
:105C50007A9D060097A1060004590020DABA0020B8
:105C6000062019F0F1F838B1BF4B436102230374E9
:105C7000002343748374C374BC4900234FF48652D9
:105C80002FF054FF2DF0E5FF51E7062019F0DCF866
:105C900038B1B74B43610223037400234374837408
:105CA000C374B24900234FF486522FF03FFF31F006
:105CB000D7F94FF4C3620023F2F7CCF91046194626
:105CC0004E220023F2F7C6F98246194610460023F9
:105CD0000D22F2F7BFF9A749A74BC0B25FFA8AFAC3
:105CE00051F82000A54953F82A30D2B2EA468CB0C8
:105CF00051F822106A46DFF8C4C2D061C2E905C378
:105D00009F4BBB6040F20243BB8107F1100311625D
:105D100013E903009B4B5062118542F8103F9348F2
:105D200000234FF4535119F06FFAD546FFE60620D1
:105D300019F08AF838B1944B4361022303740023AD
:105D400043748374C374894900234FF486522FF03F
:105D5000EDFE012010F05AF9E9E6062019F074F87A
:105D600038B18A4B43610223037400234374837464
:105D7000C3747E4900234FF486522FF0D7FE0121D1
:105D8000002003F077FDD2E6062019F05DF838B167
:105D90007F4B436102230374002343748374C374F1
:105DA00000234FF4865271492FF0C0FE01210020DC
:105DB00003F060FD03F078FEB9E6062019F044F820
:105DC00038B1744B4361022303740023437483741A
:105DD000C374664900234FF486522FF0A7FE0120BA
:105DE00010F050F8A3E6062019F02EF838B16A4BEF
:105DF000436102230374002343748374C3745B49B7
:105E000000234FF486522FF091FE0020E8E7062091
:105E100019F01AF838B1614B43610223037400236F
:105E200043748374C374514900234FF486522FF096
:105E30007DFE012005F00CFC79E6062019F004F83F
:105E400038B1574B436102230374002343748374B6
:105E5000C374464900234FF486522FF067FE00209A
:105E6000E8E7062018F0F0FF38B14E4B43610223FB
:105E70000374002343748374C3743C4900234FF4B8
:105E800086522FF053FE012000F0E8FF4FE6062077
:105E900018F0DAFF38B1444B436102230374002346
:105EA00043748374C374314900234FF486522FF036
:105EB0003DFE0020E8E7062018F0C6FF38B13B4B56
:105EC000436102230374002343748374C37427491A
:105ED00000234FF486522FF029FE012012E0062005
:105EE00018F0B2FF38B1324B436102230374002330
:105EF00043748374C3741D4900234FF486522FF0FA
:105F000015FE002014F06CFA11E6062018F09CFF34
:105F100038B1284B43610223037400234374837414
:105F2000C374124900234FF484522FF0FFFD082060
:105F3000FEF7B0FF002013F059FAF8E5062018F03C
:105F400083FF38B11C4B4361022303740023437465
:105F50008374C374054900234FF484522FF0E6FD87
:105F6000FFF7E0FCE3E500BFBBA106004C810600A3
:105F7000E2A10600148506002C850600E0840600D8
:105F8000000201030500000308A2060027A2060084
:105F90004BA206006DA206008EA20600B0A206006B
:105FA000D2A20600F5A2060017A306003AA3060037
:105FB00061A3060089A30600AAA3060001A20600A9
:105FC000062018F041FF38B1BF4B43610223037430
:105FD000002343748374C374BC4900234FF4845278
:105FE0002FF0A4FD4FF0804357226420C3F81C25F6
:105FF0002DF0FDFC09209BE7062018F025FF38B1A5
:10600000B34B436102230374002343748374C3744A
:10601000AE4900234FF484522FF088FD4FF08043A7
:10602000A8220220C3F81C252DF0E1FC0A207FE7FE
:10603000DFF8DCA2DAF800B0BBF1640F4FF0080023
:1060400052D818F001FF40B1A24BC0E9053B032331
:106050000374002343748374C3749C4900234FF476
:10606000C6522FF063FD2368DAF8002083F89824E5
:1060700001F068FC226802F5936201231F2011469B
:1060800013F072FE2368082093F898A418F0DCFE41
:1060900040B1914BC0E9053A0323037400234374D4
:1060A0008374C374002389494FF4C6522FF03EFD18
:1060B000FFF76EF90A202DF09AFC0120FFF798F8FF
:1060C0002368082093F898A418F0BEFE40B1834BD3
:1060D000C0E9053A03230374002343748374C37433
:1060E00000234FF4C65210E018F0AEFE50B17C4BC6
:1060F00043617C4BC0E9063B0423037400234374D3
:106100008374C37400234FF4015270492FF00EFDC5
:106110000DE5062018F098FE38B1734B4361022359
:106120000374002343748374C374684900234FF4D9
:1061300086522FF0FBFC2368FF2283F8982401F09D
:1061400001FC226802F593621F200123114613F01F
:106150000BFE062018F078FE38B1644B4361022331
:106160000374002343748374C374584900234FF4A9
:1061700086522FF0DBFCFFF70BF90A202DF037FCDD
:106180000120FFF735F8082018F05EFE0028A7D0A0
:10619000574B4361542383619CE7062018F054FE5B
:1061A00038B1544B43610223037400234374837456
:1061B000C374464900234FF486522FF0B7FC4E4B70
:1061C00093ED021AD3ED010A93ED000A01F044F8B1
:1061D000ADE4062018F038FE38B1484B4361022385
:1061E0000374002343748374C374384900234FF449
:1061F00086522FF09BFC01F0ABF898E4DFF814A175
:10620000DFF814B19AF80020BBF800303A6008209B
:106210007B6018F019FE58B17B68C36104233849CC
:106220003A68037400234161826143748374C374C8
:10623000264900234FF403522FF078FCBBF80010DE
:106240009AF8000001F0AEF871E4062018F0FCFDA9
:1062500038B12C4B436102230374002343748374CD
:10626000C3741A4900234FF486522FF05FFC2DF0BF
:10627000EEFB5CE4062018F0E7FD38B1224B4361E9
:1062800002230374002343748374C3740F490023EF
:106290004FF486522FF04AFC2DF0E3FB47E4062032
:1062A00018F0D2FD38B1194B436102230374002367
:1062B00043748374C374054900234FF486522FF04E
:1062C00035FC2DF0D4FB32E4DAA306004C81060045
:1062D0000BA4060044A4060070A406008CA40600CB
:1062E000AEA4060032AB0600DCA4060016A506002C
:1062F00048A5060072A50600A458002095A5060032
:10630000BAA50600F5A5060019A606003DA60600DA
:10631000B0580020D8BA0020BC800020062018F019
:1063200093FD38B1954B43610223037400234374FA
:106330008374C374924900234FF486522FF0F6FB06
:106340002DF093FBFFF7F3BB062018F07DFD38B16D
:106350008C4B436102230374002343748374C3741E
:10636000874900234FF486522FF0E0FB012003F011
:1063700055FFFFF7DCBB062018F066FD38B1824BF5
:10638000436102230374002343748374C3747C4900
:1063900000234FF486522FF0C9FB0020E7E70620C8
:1063A00018F052FD38B1794B436102230374002386
:1063B00043748374C374724900234FF486522FF0E0
:1063C000B5FB01F073F8FFF7B2BB062018F03CFDF7
:1063D00038B16F4B43610223037400234374837409
:1063E000C374674900234FF486522FF09FFB01F0DE
:1063F0004DF8FFF79CBB062018F026FD38B1654B21
:10640000436102230374002343748374C3745C499F
:1064100000234FF486522FF089FB012005F0EEF89F
:10642000FFF785BB062018F00FFD38B15A4B4361CA
:1064300002230374002343748374C37450490023FC
:106440004FF486522FF072FB0020E7E7062018F089
:10645000FBFC38B1514B43610223037400234374A6
:106460008374C374464900234FF486522FF05EFBB9
:106470000120FDF799FE30E5062018F0E5FC38B163
:10648000474B436102230374002343748374C37432
:106490003B4900234FF486522FF048FB0020FDF7C4
:1064A00083FE2EE5062018F0CFFC38B13D4B43614A
:1064B00002230374002343748374C374304900239C
:1064C0004FF486522FF032FB11F0B8F9FFF72FBBD3
:1064D000062018F0B9FC38B1334B43610223037432
:1064E000002343748374C374254900234FF48452FA
:1064F0002FF01CFB12F016F8FFF719BB062018F05E
:10650000A3FC38B1294B4361022303740023437475
:106510008374C3741A4900234FF486522FF006FB8C
:106520000120FDF7A3FEFFF702BB062018F08CFC4C
:1065300038B11F4B436102230374002343748374F7
:10654000C3740F4900234FF486522FF0EFFA002056
:10655000E7E7082018F078FC40B1164BC0E9053A8F
:1065600003230374002343748374C37400234FF420
:10657000C452CAE51437BD46BDE8F08F61A60600D7
:106580004C81060086A60600ADA60600D5A606002C
:10659000F4A606001BA7060042A706006AA706008D
:1065A00094A70600BFA70600E8A706000CA80600EF
:1065B00048A8060088A806002DE9F8431E4D1F4E86
:1065C0002A7833789A4201D1BDE8F8832B781C4FA2
:1065D0004922DCB25343FA1817F80380B8F1200FB0
:1065E00016D0082092F8489018F02EFC50B1154BA8
:1065F000C0F81C90C0E905380423037400234374D9
:106600008374C374104900234FF402522FF08EFAA2
:10661000492303FB047304EBC40004EBC00093F8AC
:106620004810384412F022F8BFF35F8F013404F0B1
:106630000F042C70C4E700BF46B6002047B6002008
:1066400048B60020C1A806004C810600034B18780C
:1066500008B1034B187800F001007047DFBA002042
:10666000DEBA0020024B187808B9024B1878704740
:10667000D9BA0020DABA00202DE9F047B44B1B78D4
:1066800000AF05460C4691460BB3B24B1B78F3B1F5
:10669000B14B1B780BB9FEF709FDB9F1000F19D109
:1066A000082018F0D1FB60B1AC4B4361AC4B80F8D3
:1066B0001190C0E906390423037480F8129080F821
:1066C000139000234FF40152A6492FF02FFABD4634
:1066D000BDE8F087A44BA54E1B78F4700722B3FBEE
:1066E000F2F2C2EBC2029B1A01335FFA89F87370AF
:1066F00086F80080FEF762FC2B78F02B1ED19C4BB5
:106700009C4ADFF898A21B78012111709AF80020AA
:10671000AA7043B1F2F7BCFC030EEB70030C2B71B3
:10672000030A6B71A8710C222946072016F0C8F8DD
:106730009AF80030287301338AF80030DFF860A23D
:106740008D484A46294630F0EBFC2B788AF80280C7
:106750008AF800308AF801402DF059F9CAE902019F
:1067600095F800A0DFF83C82AAF1100A5FFA8AFAD5
:10677000002C00F09380BAF1040F54D87B4822F02B
:1067800005F810F10C0F044605D122F011F97748F5
:1067900021F0FCFF04462B78122B12D0142B10D0C2
:1067A00001237248F37021F0F1FF744A136801333A
:1067B0000446136005E022F0FBF86C4821F0E6FF88
:1067C00004462B78F02B40F0EF80002C77D1B9F104
:1067D0000D0F05D16A4BF1791A786A4B03F8321024
:1067E0000023C8F800302DF012F9674A136801330E
:1067F00013607379F02B40F08980614C257830F07C
:106800002BFC604B03EBC50358602DF000F95F4B88
:10681000C3E9000123780A220133B3FBF2F102FB42
:106820001133237072E000F047FB08B300F012FA56
:106830004E4821F0ABFF10F10C0F0446BBD02B7873
:10684000F02B24D10028C2D07379F02B79D114F128
:106850001C0FD8F8003040F0D880012B06D00A2158
:10686000B3FBF1F201FB1232002A6DD14849B2E0CC
:1068700030F061F84FF47A73C0F30900B0FBF3F223
:1068800003FB12006428D3D928F0AAFED0E773795D
:10689000F02B40F006810028A2D0D8E7334821F041
:1068A00075FF10F10C0F044605D122F081F82F4836
:1068B00021F06CFF0446BAF1040F82D86BE77379BC
:1068C000F02B77D014F10C0F3BD16FF00B04314D4E
:1068D0002DF09DF8D5E9002340F2E936821A61EBEC
:1068E0000303B24273F10003A4BF0023C8F80030D1
:1068F000D8F800300133C5E90001C8F8003022F0B3
:1069000057F8002840F0D480C8F8000022F038F88A
:10691000044600283FF4DBAE10F1100F3FF4D7AE71
:10692000082018F091FA40B11B4BC0E9053403234D
:106930000374002343748374C37400234FF4C4525C
:10694000C2E614F11C0F6CD16FF01B04BFE700BF4F
:10695000DFBA0020DEBA002042B600208DA9060072
:10696000DFAA06004C81060043B600206E0C002012
:1069700045B60020DDBA0020730C00207C580020B2
:10698000DBBA0020B45800208058002040170020B7
:1069900063A9060010170020C7AA0600DCBA002071
:1069A00020170020785800207379F02B75D1002C27
:1069B0003FF416AF14F10C0FD8F800307FF447AF56
:1069C000012B07D00A21B3FBF1F201FB1232002A9E
:1069D0007FF47BAF6E49F0796D468CB06A466D4EA0
:1069E000566193626C4E40F2035393856B4BC2E940
:1069F0000660C2E9084142F8103F694800234FF49D
:106A0000715118F001FCAD465CE714F10D0F29D16E
:106A1000012B40D00A21B3FBF1F201FB1232002A14
:106A200039D0D8F800300A22B3FBF2F102FB11335F
:106A3000012B7FF46BAF082018F006FA034658B11B
:106A4000584A4261544AC0E90624042202740022D2
:106A500042748274C274134651494FF401522FF0AC
:106A600065F853E714F13D0F0AD1012B06D00A2136
:106A7000B3FBF1F201FB1232002AD2D14A49AAE754
:106A8000012B06D00A21B3FBF1F201FB1232002ADE
:106A9000C7D146499FE746499DE714F10C0F3FF4E3
:106AA00014AF14F11C0F3FF44FAF002CB9D197E68F
:106AB0001030B6D1D8F80050022D48D9082018F06F
:106AC000C3F940B13B4BC0E90535032303740023F0
:106AD00043748374C374324900234FF4C4522FF0BB
:106AE00025F8D8F80050052D31D9082018F0ACF958
:106AF00050B1314B4361284BC0E906350423037480
:106B0000002343748374C374254900234FF4015256
:106B10002FF00CF821F06EFC08B1783017D121F07D
:106B200047FF0546B8B9062018F08EF930B1234B5F
:106B300043610223037445748574C57418490023A6
:106B40004FF486522EF0F2FF0023C8F800300120E7
:106B50002CF04DFF65E7082018F076F948B1184B86
:106B600043610D4B836103230374002343748374D7
:106B7000C3740B4900234FF4C2522EF0D7FFFEF727
:106B800007FC01202CF033FF0120FEF731FBDBE78F
:106B900076A90600A8A90600DFAA060007000001E2
:106BA0004C81060080AA060030A9060028A906002C
:106BB0004CA90600F0A9060028AA06004DAA060066
:106BC00069AA060010B50A4B1B7863B1094CD4E9D9
:106BD0000032134307D02CF01AFFD4E90032C01A58
:106BE00061EB020110BD4FF0FF300146FAE700BF34
:106BF00045B600203017002070B50A25B0FBF5F32C
:106C000003FB1500104BC4B20C201C7018F01CF9CB
:106C100088B10E4BC561C0E90534B4220523C0E933
:106C200008230421B623C0E90A13082303740023B0
:106C300043748374C374BDE870400549002344F273
:106C4000C0022EF073BF00BF39BB002002AC0600AB
:106C5000548206002DE9F04F754B1B7885B06BB35D
:106C6000744B1D88744B1F78744B1C7835B32FB34D
:106C7000FFF7A8FF42F2F363984271F100011DD2C1
:106C8000F2F706FA50EA010318D02A460023F1F77A
:106C900031FA14FB07F4131BB3EB550F4FEA5509F8
:106CA0000FDD5B1B002B12DBB91C99420FDB9F42EF
:106CB000D4BF634A634A13680133136005B0BDE86B
:106CC000F08FC9F100019942C8BF5B19EAE704F1EE
:106CD0000408454598BFA8EB050842458ABFAE1A8F
:106CE000A8EB020646442EB1B54203D3002130463C
:106CF00028F032FCF2F7CCF950EA0103DED02A4644
:106D00000023F1F7F7F9141BA14524DA641B002CCA
:106D100027DBBB1CA34224DBA742D4BF484A494A15
:106D200013680133136030F09BF9474E4FF47A73C8
:106D3000A0FB030503FB0155D6E90023C40B52EA6F
:106D4000030144EA45444FF000084FEAD5352DD100
:106D5000C6E90045B2E7C9F10009A145C8BF6419F9
:106D6000D5E73A490B68424503F101030B604FF048
:106D70000A0036BFA5EB0803A2EB08059D1818F022
:106D800063F860B1324BC0E90765C0E905340623FA
:106D9000013F03740023476243748374C3742D4915
:106DA00000234FF442522EF0C1FEBCE7A21A42F279
:106DB000107165EB03038A4273F10003FFF67EAFA7
:106DC000DFF880B0DFF878A0DFF88090DBF8001003
:106DD000DAF80020D9F800308F18FF181FD00A20E9
:106DE000CDE90223019118F02FF890B1039BDFF851
:106DF00068C00199029AC0F814C0C0E90837062398
:106E00008161C261037480F8118080F8128080F87B
:106E10001380104900234FF443522EF087FE0023C5
:106E2000CBF80030CAF80030C9F8003090E700BF56
:106E300038BB0020E40B0020BB0C002039BB002035
:106E40000C5900201459002030180020105900203F
:106E500047AC0600548206007DAC060098B5104B86
:106E60001A78824200AF18D00E4A18700E4B6C464A
:106E700088B0002818BF13466A460C49C2E90513BA
:106E80004FF4007393830A4B42F8103F09480023E4
:106E90004FF4E65118F0B8F9A546BD4698BD00BFBD
:106EA00038BB0020E9870700E3D40600B6AC060033
:106EB0000300000154820600014B1878704700BFA0
:106EC00038BB00202DE9F047054616461F460C4604
:106ED000002962D0002A60D0814215D8082017F01E
:106EE000B3FF48B12E4BC461C0E9053504230374D8
:106EF000002343748374C37400234FF40252BDE82B
:106F0000F04728492EF012BE274BDFF8B4901870D6
:106F1000264B1A7012FB01F3A9F80030244B1F70A6
:106F2000244B93F80080B8F1000F15D10122062000
:106F30001A7017F089FF48B11F4B43610223037495
:106F400080F8118080F8128080F8138015490023A2
:106F50004FF486522EF0EAFDB9F80090B9F1000F17
:106F600019D04FF40048B8FBF9F80C2017F06CFF6B
:106F700068B1124BC762C0E90535C0E9074608236E
:106F8000C0E909980374002343748374C374002315
:106F900044F2C002B3E7C846E7E7BDE8F08700BFA8
:106FA000C9AC06005482060039BB0020BB0C00208F
:106FB00037BB002038BB002011AD060036AD0600FF
:106FC000E40B0020014B1878704700BF37BB00204E
:106FD000064B074A1B68D3F88019914202BF012271
:106FE00083F87909A3F87A29704700BFD0060020FA
:106FF0005453524C10B55548554C2EF07FF8554817
:107000002EF07CF854482EF079F854482EF076F89B
:1070100053482EF073F820462EF070F851482EF0A9
:107020006DF851482EF06AF850482EF067F8504835
:107030002EF064F84F482EF061F84F482EF05EF8BD
:107040004E482EF05BF84E482EF058F84D4805217A
:107050002EF054F805214C482EF050F84B482EF0F5
:107060004DF84B482EF04AF820462EF047F8494894
:107070002EF044F848482EF041F848482EF03EF8EB
:1070800047482EF03BF847482EF038F820462EF0BF
:1070900035F845482EF032F844482EF02FF8444891
:1070A0002EF02CF843482EF029F820462EF026F832
:1070B00041482EF023F841482EF020F840482EF0A9
:1070C0001DF840482EF01AF83F482EF017F82046D9
:1070D0002EF014F83D482EF011F83D482EF00EF831
:1070E0003C482EF00BF83C482EF008F83B482EF0B8
:1070F00005F83B482EF002F83A482DF0FFFF3A48D9
:107100002DF0FCFF39482DF0F9FF20462DF0F6FF59
:1071100037482DF0F3FF37482DF0F0FF36482DF0BB
:10712000EDFF36482DF0EAFF35482DF0E7FF3548F2
:107130002DF0E4FF34482DF0E1FF34482DF0DEFF60
:107140002046BDE810402DF0D9BF00BF86AD060037
:10715000CBB50700A4AD0600B9AD0600EEAD060044
:107160001EAE060054AE060068AE06009AAE0600DB
:10717000CDAE06000AAF060041AF06007BAF0600A9
:10718000B8AF0600F5AF06003FB006009AB00600A3
:10719000DBB0060038B1060045B1060079B1060043
:1071A000AAB10600DBB1060018B2060025B206003F
:1071B00061B2060095B20600D2B20600DBB206004C
:1071C0000EB3060042B3060075B30600A7B306006F
:1071D000AFB30600F5B3060019B4060051B40600BB
:1071E00095B40600CAB4060021B506006DB50600C8
:1071F000A9B50600BAB50600EEB506002CB6060025
:107200006DB60600A9B60600E6B606001AB7060077
:1072100000B589B000220023CDE906230023062211
:10722000CDE90323CDE9013300930549054B064819
:107230004FF4006227F084F909B05DF804FB00BF49
:1072400080D90020C19102003818002001481BF0AD
:1072500003B800BF3818002030B52DED048B364C34
:10726000236885B0B0EE409AB0EE608AF0EE418AB5
:10727000002B5FD09FED315ADFED315A80EE056A69
:10728000F7EE007A37EEC66AB0EEC67AB4EEE57A6B
:10729000F1EE10FA15D4C0EE856A77EEE66AB0EE2C
:1072A000E67AB4EEE57AF1EE10FA0AD481EE057AC8
:1072B00037EEC77AB0EEC75AB4EEE55AF1EE10FADF
:1072C00007D5204805B0BDEC048BBDE830402DF05B
:1072D00015BFC7EE865A87EEA66AC7EE876AC3ED6A
:1072E0005D5A83ED5E6AC3ED5F6A00F02BFB226896
:1072F00002F5BA720C231146062012F035FD19EE84
:10730000100AF0F7F9F9044618EE900A0D46F0F766
:10731000F3F9CDE9020118EE100AF0F7EDF9224673
:10732000CDE900012B4608482DF0E8FE05B0BDEC84
:10733000048B30BD0548C5E7D00600200000E144BD
:10734000BD37863569B70600BDB70600F3B706003E
:1073500010B5104C2368D3B10F482DF0CFFE236831
:107360004FF07E52C3F87421C3F87821C3F87C2112
:1073700000F0E8FA226802F5BA7206200C231146E2
:1073800012F0F2FC0548BDE810402DF0B7BE0448ED
:10739000F9E700BFD006002018B8060041B8060083
:1073A000F3B70600022838B50C4605D90146BDE8FA
:1073B000384012482DF0A2BE39B1642906D91048D0
:1073C0006422BDE838402DF099BE05240D4B2146BE
:1073D0001D5C02F025FB20B1BDE838400A482DF0C5
:1073E0008DBE2246294609482DF088FE08482DF01A
:1073F00085FE08482A462146E3E700BF5AB8060042
:107400008BB80600A6B90600B8B80600E8B80600B2
:1074100028B906005CB9060037B50D46014618B11B
:1074200004780CB143782BB1154803B0BDE8304067
:107430002DF064BE783CE4B2022C07D865B9052172
:10744000204603B0BDE83040FFF7ACBF0D4803B0A5
:10745000BDE830402DF052BE0A2201A928462AF08C
:10746000F5FE019B1B7813B9431E632B06D9064812
:10747000642229462DF042FE03B030BD81B2DFE721
:10748000AAB90600F1B906001CBA060008B50548FD
:107490002DF034FE0EF0E6FFBDE8084002482DF066
:1074A0002DBE00BF4BBA060078BA060008B50448E6
:1074B0002DF024FEBDE8084000210A2011F006BA94
:1074C00090BA060008B503482DF018FEBDE8084044
:1074D00012F0CABEAEBA060010B5062017F0B4FC12
:1074E00038B1084B4361022303740023437483744F
:1074F000C374BDE81040044900234FF484522EF0B9
:1075000015BB00BF7BD306007481060080B50C4A12
:107510000C4B00AF88B0002908BF13466A460A49E1
:10752000C2E905134FF400739383084B42F8103FF0
:10753000074800234FF4E65117F066FEBD4680BDB4
:1075400043A5060045290700AFD30600030000014C
:107550007481060038B52F482F4D25F0BDF904463B
:1075600028600820A4B917F06FFC40B12B4B436191
:107570002B4B83610323037444748474C4742949BA
:1075800000234FF4C2522EF0D1FA6FF0120038BD32
:1075900017F05AFC40B1244BC0E9053403230374AF
:1075A000002343748374C3741E4900234FF4C652EE
:1075B0002EF0BCFA1D4B1E4928680F221BF054FD0B
:1075C000BFF35B8F1B4B53E8001F41F0010143E801
:1075D0000012002AF7D1BFF35B8F002128682EF03C
:1075E000A9FD88B1062017F02FFC38B1124B43617A
:1075F00002230374002343748374C3740949002372
:107600004FF484522EF092FA2868BDE838402EF0EC
:1076100096BD00BFC0D306001C590020C6D306008B
:1076200013D4060074810600E4D3060078860600B1
:1076300026D4060018590020F7D30600084BBFF3E4
:107640005B8F53E8002F22F0010143E8001000286F
:10765000F7D1BFF35B8FD30701D4FFF73DBF70476E
:10766000185900202DE9F0414FF080430021D3F854
:10767000002402F00108D3F80024C3F800240220FB
:1076800011F024F912F03AFB0546002874D1B8F144
:10769000000F0DD02DF0B7F8002840F0B380002186
:1076A000062011F013F92DF0B0F8012406465DE034
:1076B0002DF0A9F80028EDD12DF0A5F8044660B909
:1076C0002DF0A3F8642012F033FB2DF0A0F8FF2773
:1076D0002DF09FF811F068FB8DE0002440F2E936B0
:1076E0002DF091F828B32CF0C5F9B04271F10001EA
:1076F00003DB0021042011F0E9F82CF0BBF941F282
:107700008933984271F100017EDB062017F09CFB63
:1077100038B14E4B436102230374002343748374D6
:10772000C3744B4900234FF486522EF0FFF9FEF745
:107730008FF82CF09FF9322871F1000103DA14B1AF
:10774000002011F0E3FD2CF095F941F289339842C5
:1077500071F10001B8BF06204FF00001A8BF012061
:1077600011F0B4F82DF051F806466DB9B8F1000FDC
:10777000A8D00027642511E02DF045F80446002824
:10778000ABD12DF042F80646C82D28BFC825EDB272
:10779000A5F16407FFB2B8F1000F3AD0FEB9013588
:1077A000EDB2284612F0C4FA082017F04DFB38B1AC
:1077B000284B4674C0E90535032303748674C674E8
:1077C000234900234FF4C6522EF0B0F9224B234A2E
:1077D000C3F87C2F4FF40040002127F0BDFE642049
:1077E00012F0A6FA2DF013F806462DF012F8054611
:1077F00011F0DAFAD7B104B3384612F05DFD00207B
:10780000BDE8F081012469E70021212027F0A4FED2
:1078100066E7642012F08CFA002F3FF456AF2CF08C
:10782000F6FF2CF0F6FF11F0BFFAE4E7002CE3D1ED
:107830001EB915B908B912F0EDFC3C2027F0D0FEB6
:107840000021012011F042F8D6E700BF76A0060023
:10785000AC8106003FD40600007000207E67E54E34
:1078600008B52FF0FDFB024BC3E90001002008BD65
:10787000181900202DE970432D4D2E4B28682E4EEF
:1078800040F66411D3E900892DF0F3F92B682B4AF7
:107890001C68B44208BF90420CBF012400243ED0B3
:1078A00040F6A812214618462FF048FC06602B68C7
:1078B0004FF07E52C3F87421C3F87821C3F87C21BD
:1078C00003F515614FF0FF329A611A860022A3F882
:1078D0004C4983F84E4983F85C490A6003F6541119
:1078E0000A6003F658110A60012283F8A424144A9E
:1078F000C3F8702902F1754202F10D1202F57F42C0
:10790000C3F8802902F1794202F56F02F832C3F818
:107910006C49A3F86449C3F86849C3F8A0292B68E7
:10792000C3E90289C3E908892046BDE8708300BF26
:10793000D006002018190020CC63A20C1CDF4421C3
:1079400047544457F8B52FF08BFB0C4D024628687E
:10795000D0E90434D0E90276DB1B64EB06049B1803
:1079600044EB0104C0E90434C0E902214FF416617C
:107970002DF07FF92B68C3F86009F8BDD006002010
:1079800000200E4BBFEE007A0246197FA1B1D3ED65
:10799000007A77EEC07A2033F0EEE77AF4EEC77A19
:1079A000F1EE10FAC8BF024600F10100C8BFB0EE08
:1079B000677A0528E9D11046704700BF4859002072
:1079C0000B4A0023137782F83C3082F85C3082F84F
:1079D0007C3082F89C30074A1946A2F87434C2F809
:1079E00084340133472B117302F11002F9D170472F
:1079F00048590020EC59002008B52CF049F8DFED7B
:107A0000167AB4EEE70AF1EE10FA034621D4B5EE89
:107A1000C00AF1EE10FA19DBB1EEC00AF7EE007AF7
:107A200087EE807A0120D3ED007A67EE877AC1ED88
:107A3000007AD3ED017A67EE877AC1ED017AD3ED52
:107A4000027A67EE877AC1ED027A08BD9FED030ADC
:107A5000E4E70020F9E700BF77CC2B3200000000FC
:107A600008B5064B5822002118462FF067FB4FF04F
:107A7000FF420264024A426408BD00BF381A002077
:107A8000000080FF46287FB502D9002004B070BDF9
:107A90000F4E06EB0014237BC3B907EE900AFAEEF3
:107AA000EF7A01ADB2EE040A37EE800A2846F3F70A
:107AB000D3F80028E9D195E8070084E807000123FE
:107AC0002373D6F884340133C6F884340120DDE70B
:107AD000EC5900202DE9F0472DED028B704C714ED2
:107AE0002368B3F84859032DB0EE408A1AD808200D
:107AF00017F0AAF948B16C4BC0E905350423C361FE
:107B00000374002343748374C374002367494FF4E0
:107B100003522EF00BF80023A6F87434BDEC028B50
:107B2000BDE8F0872BF0E5FF22680023B2F8482972
:107B3000C6F870248846074686F87434C6F884343C
:107B400031461A460133472B0A7301F11001F9D16E
:107B5000F0EE007A78EE678A9FED557A554B38EE55
:107B6000278AF2EE047AF4EE678AF1EE10FAB4EEA8
:107B7000478A48BFF0EE678AF1EE10FAC8BFB0EE50
:107B8000478A38EEE77A78EE677A37EE077A77EE4B
:107B9000A77ABDEEC77AFDEEE77A17EE109A17EED8
:107BA000904A0134462CA8BF462429EAE9790C20E2
:107BB0001A7783F83C2083F85C2083F87C2083F8D4
:107BC0009C20C3F8A020C6F87C94C6F8804417F027
:107BD0003BF90546A8B1384BC461C0E9053918EE38
:107BE000900AEFF789FDC5E9080118EE100AEFF7D2
:107BF00083FD0823C5E90A012B7400236B74AB7461
:107C0000EB74002328462949DFF8B490DFF8B4A0CC
:107C100044F2C0022DF08AFF0123D6F87C4486F896
:107C200075340025D6F88034A34229DA40F20123C6
:107C30004FF00009C6F87894A6F874342BF059FF79
:107C400004460A200E4617F0FFF878B1E41B1B4BE0
:107C500080F8119066EB0806C0E90846C0E90535D2
:107C60000623037480F8129080F81390BDEC028B09
:107C70000E49BDE8F04700234FF443522DF056BFA4
:107C80002046FFF7FFFE00B1013509FB05F3BAEB13
:107C9000B30F02D3072012F087FF0134C2E700BF01
:107CA000D0060020EC590020B7D40600148106004D
:107CB0000000344248590020ECD406002BD50600C1
:107CC000CDCCCCCCCCCCCC0CF8B5334DFFF778FE7A
:107CD0002F683022002107F60C102FF02FFAB7F88A
:107CE00048490026B44214BF0123334687F84B6944
:107CF00087F84A393BD0082017F0A6F838B1274B4F
:107D00004674C0E90534032303748674C674244999
:107D100000234FF4C6522DF009FF22482DF0EEF952
:107D20000EF0BAFBB4EE400AF1EE10FA01D6FFF7FE
:107D3000D1FE2A6802F6481211460423232012F0CD
:107D400013F82A6802F2AC4211464FF48C632120EA
:107D500012F00AF82A6802F60C123023222011468B
:107D600012F002F8BDE8F84000200EF011B906202C
:107D700017F06AF830B10C4B43610223037444746A
:107D80008474C474064900234FF486522DF0CEFE4D
:107D900006482DF0B3F9CCE7D00600207CD50600CC
:107DA00014810600A6D50600CFD50600EAD5060048
:107DB0002DE9F0412DED048BB0EE409AF0EE609A83
:107DC00057EC116B414B96B080460D460022304671
:107DD0003946EFF75BFF044630B10026304616B057
:107DE000BDEC048BBDE8F08147EC116BB0EE490AA5
:107DF000F0EE690A41460AA80CF0E0F90D9B0493E5
:107E0000119B059304A8159B0693CDE901440394A7
:107E10002CF0D0FDDDED047A9DED058A8DED070A8D
:107E2000F0EEE77AB0EEC88AF4EE487AF1EE10FA96
:107E3000C8BFB0EE678ADDED067A8DED080AF0EE78
:107E4000E77AF4EEC87AF1EE10FA32463B4651EC8E
:107E5000190BF0EE408A8DED090A58BFB0EE678A23
:107E6000EFF7CCFDEFF798FF00EE100A01A930EE16
:107E7000000A0AA813F01CF80028AED0DFED147A2F
:107E80009FED140A68EEA78A07A9F4EEC08AF1EE06
:107E900010FAC8BFB0EE680A04A813F009F8064645
:107EA00000289AD0F2EE007AB4EEE78AF1EE10FAEA
:107EB00093DC002D92D00AAC0FCC0FC50FCC0FC5B0
:107EC00094E80F0085E80F0088E700BF00005040ED
:107ED000CDCC4C3ECDCCCC3D034690F8C10078B122
:107EE000084AD3E93203D2E90012091A62EB03030C
:107EF00040F24112914273F10003B4BF012000200F
:107F0000704700BFD01A002070B50024074D2646E8
:107F10002846FFF7E1FF10B195F8C1301E44013447
:107F2000082C05F1D005F3D1304670BDD81A0020D9
:107F3000037E03B3D0ED007A90ED037AD0ED016AB1
:107F400090ED050A37EE677AD0ED047A77EEE67A9F
:107F5000B4EEE77AF1EE10FAD8BFF0EE477A90ED82
:107F6000027A30EE470AF4EEC07AF1EE10FAD8BF8A
:107F7000B0EE670A70479FED010A704700000000ED
:107F80002DE9F04F87B01C22002101902FF0D6F888
:107F90001C4EDFF874904FF0000A002400254FF0CB
:107FA00000083046FFF798FF00B337464FF0000B4C
:107FB00016E057F80C3C039357F8083C01980493DB
:107FC00003A957F8043C05932BF0E7FD204629460A
:107FD00042464B46EFF732FA0BF1010B04460D46D1
:107FE00096F8C1305B4507F10C07E2DC0AF1010AA3
:107FF000BAF1080F06F1D006D3D145EC104B07B00B
:10800000BDE8F08FD81A00200000F03F10B5DFED7A
:108010001D7A1D4A00F10C03B0EE670A3C30A3F153
:108020000C011446B1EC017AF4EC016A37EE667A81
:108030008B4207EE070A46EEA67AF3D10C33834251
:1080400002F10C02EBD19FED117AF4EEC77AF1EE5A
:1080500010FA02D59FED0B0A10BD80EE270A28F01A
:10806000C5FDF7EE007A37EEC00AB5EEC00AF1EEB4
:1080700010FAEFD4B4EE670AF1EE10FAC8BFB0EE12
:10808000670AE9E700000000185F0020CCBC8C2BD9
:108090002DE9F04105461F4614461E462BF027FDEC
:1080A000012871F1000105DB2BF021FD00190446C8
:1080B00041EB0706DFF890801E4FD8E90023C7E99F
:1080C0000023D8E90013D7E90002884272EB0303CA
:1080D00020D200220023C7E900232BF008FDA04294
:1080E000B1411FDB082016F0AFFE48B1124B4361CF
:1080F000124B836103230374002343748374C3749A
:108100000F4900234FF4C2522DF010FD4FF0FF3005
:10811000BDE8F0812BF0EBFCA042B141D9DA2BF0A5
:1081200068FDCEE7074B93E8070085E807000020CD
:10813000EEE700BF4819002007D6060079040700C3
:10814000148106003C590020501900202DE9F0410F
:1081500005461F4614461E462BF0C9FC012871F146
:10816000000105DB2BF0C3FC0019044641EB0706B8
:10817000DFF890801E4FD8E90023C7E90023D8E933
:108180000013D7E90002884272EB030320D20022D9
:108190000023C7E900232BF0AAFCA042B1411FDB5A
:1081A000082016F051FE48B1124B4361124B836117
:1081B00003230374002343748374C3740F4900239F
:1081C0004FF4C2522DF0B2FC4FF0FF30BDE8F08109
:1081D0002BF08DFCA042B141D9DA2BF00AFDCEE79D
:1081E000074B93E8070085E807000020EEE700BF93
:1081F0003819002028D606006804070014810600FC
:1082000030590020401900202DE9F04F2DED028B50
:1082100089B005AE4FF4004200233046FFF738FF27
:10822000054600283CD10C20DDF81490DDF81880BC
:10823000079F16F009FE0446A8B1534B4361484618
:10824000EFF75AFAC4E906014046EFF755FAC4E9D8
:1082500008013846EFF750FAC4E90A0108232374ED
:108260006574A574E5744949DFF820919FED488A4B
:10827000002344F2C00220462DF058FC4FF00008C5
:108280004FF4FA702BF0B8FC02AF072012F08CFC10
:108290004FF4004200233846FFF7FAFE824630B121
:1082A0000024204609B0BDEC028BBDE8F08FDDED67
:1082B000037ADDF808B0CDED007ADDED047A0C200C
:1082C000CDED017A16F0C0FD0446C0B12E4B4361DE
:1082D0005846EFF711FAC4E906010098EFF70CFAD7
:1082E000C4E908010198EFF707FAC4E90A01082276
:1082F000227484F811A084F812A084F813A02046F8
:10830000002344F2C00249462DF010FCB0EE480AAA
:108310003146384612F0CCFD044690B3062016F0E4
:1083200093FD38B11B4B4361022303740023437454
:108330008374C37400234FF4865249462DF0F6FB34
:10834000B8F1000FADD14FF0010897E807000135F3
:1083500008F106039D4286E8070091DB062016F02F
:1083600073FD38B10C4B4361022303740023437443
:108370008374C374054900234FF486522DF0D6FB55
:108380008EE78046E1E700BF0DD8060014810600A5
:10839000CDCCCC3D2BD806003ED8060010B5044607
:1083A0004FF0FF3315484FF0FF3225F0CFF8631C34
:1083B000134B1FD02CB91C68104825F097F92046A4
:1083C00010BD1A68BAB1082016F03EFD48B10D4B39
:1083D00043610D4B8361032303740023437483744F
:1083E000C3740A4900234FF4C2522DF09FFB4FF093
:1083F000FF34E1E700241C600024DDE7DC0D0020F1
:10840000145F00204ED8060089030700148106007F
:108410002DE9F04F2DED048BC24C8FB094F848300D
:1084200000AF002B43D0256AB5F5FA6F3FDBA346BA
:1084300007F1200A00262846EFF74CF9FBE80289ED
:1084400002460B4640464946EFF7D8FAEFF7A4FC40
:108450000136032E4AF8040BEDD1606A00282CDDAA
:10846000EFF738F902460B46D4E90601EFF7C6FAF2
:10847000EFF792FC07EE900AF4EE677AF1EE10FA4D
:10848000C7ED077A1CD7062016F0DEFC38B1A64BE4
:10849000436102230374002343748374C374002371
:1084A0004FF48452A1492DF041FBFFF7D9FA3C3734
:1084B000BD46BDEC048BBDE8F08FDFED9D7ADBE7B8
:1084C000F2EE048A37EEE87A17EE900A37EE077A72
:1084D000BDEEC77A17EE106AEFF70EF9452E80460B
:1084E000894611D9082016F0AFFC48B1914B436181
:1084F000C0E9068904230374002343748374C3749E
:1085000000234FF40252CDE70E2094ED119A94ED22
:10851000108A16F099FC044698B1874B79EE487A98
:10852000C0E90535C0E9088917EE900AEFF7E4F8CD
:108530000923C4E90A012374002326636374A37426
:10854000E374DFF828A27949002344F6C0022046EC
:108550002DF0ECFADAF8001008EE106A042307F1A7
:108560001C0201F59561202011F0FEFBBAEEEF8AA6
:10857000724B38EE288AF5EE007A38EE278AD3ED72
:10858000007AF4EE677AF1EE10FA0CD678EE677A9C
:108590009FED6B7AF4EEC77AF1EE10FA40F3B380F8
:1085A000684A0121117083ED008A07F1200393E8E6
:1085B000070007F12C04DAF8003084E807003201E4
:1085C0007A6003EB061202F2AC4292ED009AB5EE2D
:1085D000409AF1EE10FA06F14B0800F0CB80594BAF
:1085E0001B78012B00F09A80DFED578A574A022B47
:1085F000F6EE007A564B18BFF0EE678A18BF1346A6
:10860000E9468CB06D46534AEB61C5E9052618EE84
:10861000900AEFF771F840F201332A462B854E4B52
:10862000C5E9080142F8103F00234FF453513F4879
:1086300016F0EAFDDAF80030CD46B7EE007A4FEAE0
:108640000819A9F5966103EB081237EE687A03F270
:10865000BC4379610B44A3462146D1ED007AF2EC8C
:10866000016A67EEA87A47EE267A9342E1EC017A36
:10867000F3D1D7ED0B7AC7ED047AD7ED0C7AC7EDBD
:10868000037AD7ED0D7A0C20C7ED027A16F0DCFBE9
:108690000546B0B1314B43613869EFF72DF8C5E9B4
:1086A0000601F868EFF728F8C5E90801B868EFF7A0
:1086B00023F80823C5E90A012B7400236B74AB74FB
:1086C000EB74002344F2C0021849DFED298A2846E2
:1086D0002DF02CFADAF800307A69994403F2BC43A1
:1086E0001344B9EC017AFBEC017A77EEC77AF0EE2D
:1086F000E77AF4EE687AF1EE10FAC8BFF0EE678A16
:108700009945EED13DE09FED167AF4EEC77AF1EE91
:1087100010FA7FF548AF0B4A022143E7DFED118ADB
:10872000114B6DE7381A002087D806001481060027
:108730000000C07FC6D806000DD90600D406002070
:10874000CDCC4C3E3EBB00209A99993E28A906000C
:108750007FD8060062D906000600000193D9060002
:10876000CDCC4CBE3333333F78D80600D006002042
:1087700000000000B3F848295FED038A0132A3F836
:108780004829DAF800207B68D7F82CA0D7F8309079
:10879000134403CC03F2AC4383ED008A4FEA081381
:1087A00002EB0818D05000252068C8F80800C8F867
:1087B0000410122082F84A59D7F8348016F044FB8E
:1087C000044610B31E4BC0E9053618EE100AEEF74A
:1087D00093FFC4E908015046EEF78EFFC4E90A0191
:1087E0004846EEF789FFC4E90C014046EEF784FFE6
:1087F000C4E90E0118EE900AEEF77EFFC4E91001FD
:108800000E2323746574A574E5740E49002347F2A2
:10881000C00220462DF08AF9B5EE409AF1EE10FA2A
:1088200006D0DFED097AF4EEE78AF1EE10FA04DB08
:10883000FFF74AFA2BF05DF937E6FFF7C1F8F9E7E1
:10884000B7D90600148106006F12033B38B52DED31
:10885000028B6D4C94F848300546B0EE408AC3B99F
:10886000FFF7FEF8012384F848302BF042F9C4E901
:1088700014012B68A3626B68E362AB6823632B6807
:1088800063636B68A363AB68E36384ED108A84ED74
:10889000118A5E4B2A4605F10C01B7EE087AF3EC1B
:1088A000016AF2EC017AF4EEE67AF1EE10FA48BFD2
:1088B00043ED017A52ED017AD3ED026AF4EEE67AE5
:1088C000F1EE10FAC8BFC3ED027AD3ED027A53ED90
:1088D000016A77EEE67AF4EEC77AF1EE10FA05DD7A
:1088E000BDEC028BBDE83840FFF7BAB89142D6D153
:1088F0002868EEF701FF02460B46D4E90001EEF7C7
:108900009DFDC4E900016868EEF7F6FE02460B46DD
:10891000D4E90201EEF792FDC4E90201A868EEF77E
:10892000EBFE02460B46D4E90401EEF787FDD4EDD9
:10893000107A236AB4EEE78AD4ED117AF1EE10FAD8
:10894000B4EEE78A03F1010348BF84ED108AF1EE2B
:1089500010FAC8BF84ED118AC4E90401236218EE3D
:10896000100AEEF7C9FE02460B46D4E90601EEF7FF
:1089700065FD636A01336362C4E906012BF0B9F84F
:10898000D4ED107A94ED118A38EE678ADFED207A03
:10899000B4EEE78AF1EE10FAD4E9143223DD236A4B
:1089A000B3F5FA6F2CDB082016F04EFA044668B1D6
:1089B000184B436118EE100AEEF79EFE0423C4E93B
:1089C0000601237400236374A374E3741249002323
:1089D0004FF4035220462DF0A9F8BDEC028BBDE800
:1089E0003840FFF715BDC01A46F2A81361EB02012B
:1089F000984271F1000103DB236AB3F5FA6FECDAF8
:108A0000BDEC028B38BD00BF381A0020601A002070
:108A100014AE073F06DA0600148106002DE9F04384
:108A200091B0002409A8CDE900440294FFF7A8FA08
:108A30002D4D57EC106B2846FFF74EFA002849D110
:108A40000134082C05F1D005F5D100224FF0804308
:108A500030463946EFF71AF900283FD130463946FB
:108A6000EFF79AF907EE100AF7EE006AC6EE877A7A
:108A70009DED010A9DED007ADDED026A27EE800A88
:108A800027EE877A20EE000A07EE070A67EEA67A3D
:108A900007EEA70A11B0BDE8F04328F0A7B858F8D0
:108AA0000C3C039358F8083C049306AA58F8043C7D
:108AB000059303A909A82BF0AFF806A968462AF088
:108AC000F4FF09F1010995F8C1304B4508F10C0894
:108AD000E5DCB5E7A8464FF00009F4E7B7EE000A79
:108AE00011B0BDE8F08300BFD81A002008B54FF4DC
:108AF000D062002112482EF021FB124912480022B8
:108B00000023C1E900231149C1E900231049C1E94B
:108B10000023104B0021C3E9001199600E4B1C2269
:108B2000C3E9001199602EF009FB2AF0E2FF40F240
:108B3000DC528018094B41F10001C3E9000108BD76
:108B4000D81A0020D01A0020C45E0020C81A0020C5
:108B5000C01A0020B85E0020AC5E0020A81A0020D9
:108B600008B5FFF7C3FF044900220023C1E9002331
:108B70000249C1E9002308BDB81A0020B01A00203C
:108B800008B5FFF7EDFF064B064900221A600023E7
:108B90000B6005490A60054A1360054A136008BD69
:108BA000845E0020805E0020885E0020905E0020B1
:108BB0008C5E002010B5154B154800244FF4487208
:108BC00021461C702EF0BAFA124900220023C1E996
:108BD00000231149C1E90023104B11494FF0804097
:108BE0004FF0404208601A6048605A6088609A609E
:108BF0000C481C2221462EF0A1FA0B4BC3E900447D
:108C00009C600A4BC3E900449C6010BD42BB00203D
:108C1000682100206021002058210020FC5E0020F7
:108C2000085F0020E05E0020A05E0020945E00202F
:108C300010B504460D4B006861680D4A03C3A06877
:108C40001860D2E90031013341F10001C2E900317D
:108C5000084AD2E90032134301D02AF0CAFF204665
:108C60000549BDE810402BF0B4BE00BF3C590020C0
:108C70005019002048190020485F002010B5044614
:108C80000D4B006861680D4A03C3A0681860D2E903
:108C90000031013341F10001C2E90031084AD2E953
:108CA0000032134301D02AF0A4FF20460549BDE855
:108CB00010402BF08EBE00BF245900203019002038
:108CC00028190020185F0020014B1870704700BF62
:108CD000C3BB00200048704743BB00200A4B1B6801
:108CE000002B0CDDFE2B0CDCDBB2084A126882F88C
:108CF000A034074B02F29C421B68136070470023AC
:108D0000F3E7FF23F1E700BF845E0020D0060020D8
:108D1000805E0020034B1B680022C3F89C24C3F82C
:108D2000A0247047D0060020F0B5484D4848494E71
:108D300085B02C6800AF04F16D0180222EF0F0F9AF
:108D4000D4F8F000D4F8F410434B03C3D4F8F8007F
:108D50001860D4F80011D4F8FC00404B03C3D4F8D9
:108D600004011860D4F80C11D4F808013C4B03C37B
:108D7000D4F81001186004F5A27C04F58A73186811
:108D80005968324603C2083363451646F7D1354E5B
:108D900004F5BA7418685968324603C20833A3420E
:108DA0001646F7D100232B48FB60391DC7E9013374
:108DB00012F062F8B5EE400AF1EE10FA42D0FFF779
:108DC000CFFE2B68284A93F8A044146003F29C431A
:108DD0001A68264B1A60264B0CB91A68A2B10820F3
:108DE0001E6816F031F848B1224BC661C0E905345F
:108DF00004230374002343748374C3741E49002343
:108E00004FF403522CF092FE2B681C4993F8A424D3
:108E10001B4B1A701B4B88B0002A18BF0B466A46C2
:108E20001949C2E905134FF400739383174B42F8B5
:108E3000103F114800234FF4E65116F0E5F91437BE
:108E4000BD46F0BDFFF79CFEDEE700BFD006002068
:108E500043BB0020185F0020905F0020845F00204B
:108E6000785F0020485F0020845E0020805E002044
:108E7000885E002045DA060014810600E9870700B5
:108E8000BC0C0020E3D406007FDA060003000001DA
:108E90002A4B70B5002814BF06461E46284B0029F1
:108EA00014BF0D461D46002434607460B4602C600D
:108EB0006C60AC60002A40D0062015F0C5FF30B1D0
:108EC000204B43610223037444748474C4741E4CA5
:108ED0001E4900234FF486522CF028FE21680C23F3
:108EE0003246F031032010F03FFF21680C232A4660
:108EF000FC31042010F038FF236803F515610022CF
:108F0000002483F85C490A6003F6541103F65813F1
:108F10000A6006201A6015F097FF30B10C4B4361D0
:108F20000223037444748474C474BDE87040074918
:108F300000234FF486522CF0F9BD70BD905F0020E5
:108F4000845F002096DA0600D00600201481060017
:108F5000B7DA0600F0B5274B002814BF06461E46B8
:108F6000254B85B00024002914BF0F461F46B6EEDE
:108F7000000A01A93046CDE901441546039411F0D9
:108F800097FF20BB30462A463946FFF781FF06206F
:108F900015F05AFF28BB194900234FF484522CF0D6
:108FA000C5FD062015F050FF38B1154B4361022373
:108FB0000374002343748374C374104900234FF473
:108FC00084522CF0B3FD4FF0FF3005B0F0BD9FEDA3
:108FD0000D0A01A9384611F06BFF0028D2D02046B7
:108FE000F3E7094B43610223037400234374837442
:108FF000C374D0E7905F0020845F002014810600D6
:10900000FCDA060000004842E4DA0600174B70B5AF
:10901000002814BF04461C460D463022002120467D
:109020002EF08CF84FF07E53E360E361E362E5B12C
:10903000062015F009FF38B10D4B4361022303747C
:10904000002343748374C3740A4900234FF4865287
:109050002CF06CFD084B196822463023BDE87040A7
:1090600001F5A271072010F07FBE70BD485F00209F
:1090700096DA060014810600D006002070B5304B49
:109080002DED028B002814BF05461D468AB0EB6803
:109090000493EB6905930024EB6A039404A80E463D
:1090A000CDE9014406932BF085FC01A9B0EE408A7E
:1090B0008DED070A8DED080A8DED090A2846B6EEFA
:1090C000000A11F0F5FE28BB28463146FFF79EFF47
:1090D000062015F0B9FE48BB1A4900234FF484520C
:1090E0002CF024FD062015F0AFFE38B1164B43617D
:1090F00002230374002343748374C374114900234F
:109100004FF484522CF012FD4FF0FF300AB0BDEC4A
:10911000028B70BD9FED0D0A07A928EE000A04A876
:1091200011F0C6FE0028CFD02046EFE7084B436180
:1091300002230374002343748374C374CCE700BF19
:10914000485F002014810600FCDA0600CDCCCC3D3F
:10915000E4DA06002DE9F04F2DED088B0620CFB0A4
:1091600015F072FE38B1CF4B436102230374002324
:1091700043748374C374CC4900234FF486522CF09B
:10918000D5FC062015F060FE38B1C84B43610223C0
:109190000374002343748374C37400234FF4865212
:1091A000C1492CF0C3FC002400210CA8FFF72EFFBE
:1091B000CDE9064408942AF09CFC07468946FFF74F
:1091C000F9FC082015F040FE40B1B94B4361122371
:1091D00083610323037444748474C474B249002308
:1091E0004FF4C6522CF0A2FC062015F02DFE38B12B
:1091F000B04B436102230374002343748374C3742C
:10920000A9499FEDADAADFEDADAA00234FF4865228
:109210002CF08CFC4FF000084546012104200FF093
:1092200055FB072011F0C0FC2AF063FC47F23153D4
:10923000C01B61EB0901984271F1000145DB082078
:1092400015F002FE48B19E4B43611E238361032348
:109250000374002343748374C374934900234FF44D
:10926000C4522CF063FC082015F0EEFD002840F0FD
:1092700003828D4900234FF402522CF057FC052D38
:109280004FF0080040F3048215F0DEFD40B18D4B35
:10929000C0E9053503230374002343748374C37446
:1092A0004FF4C652804900232CF040FC0CF094FE91
:1092B000854B864993ED001B854B0CA893ED000B65
:1092C0000AF07CFFFFF776FC8EE103AE4FF400421C
:1092D00000233046FEF7DCFE0446002840F0F28111
:1092E0009DED067AD6ED007A77EEC77A9DED077A86
:1092F000CDED097AD6ED017A77EEC77A9DED087A41
:10930000CDED0A7AD6ED027A09A977EEC77A02ABDB
:1093100003220846CDED0B7A1FF0DAFEDDED027A6E
:10932000F5EEC07AF1EE10FA07DBF1EEE77AF4EE33
:10933000CA7AF1EE10FA00F2858008F16408B8F5F7
:10934000FA6FD4BF4FF0000C4FF0010C96E8070005
:1093500006AB83E80700BCF1000F00F0928009AB78
:109360000322314630461FF0B3FEDDED097AF5EEFB
:10937000C07AF1EE10FAFFF654AFF1EEE77A9FED06
:10938000557AF4EEC77AF1EE10FA3FF54AAF96ED52
:10939000007AD6ED025A87EE276A18AA002396EDC6
:1093A000017AC7EE276A85EEA77A9D424DD14EAA73
:1093B0000C2303FB052303ED366A43ED356A03ED09
:1093C000347A2AF096FB07460820894605F1010AFF
:1093D00015F03AFD002858D133499FED3FBA0023DC
:1093E0004FF403522CF0A2FB012102200FF06EFA81
:1093F00003AE4FF4004200233046FEF749FE00283A
:1094000040F060810DF1180BB0EE4B0A5946304622
:1094100011F04EFD002865D10190062015F014FDD5
:1094200038B12E4B019A4361022303744274827453
:10943000C2741D4900234FF486522CF077FBAA46D4
:109440005546EAE6A046A44680E71146D1ED017AEA
:10945000D1ED005A66EEA77A46EE257A0C32D1EDB0
:10946000025A47EE257AF4EEEA7AF1EE10FA01DCC0
:1094700001339AE7052001210FF028FA64202AF031
:10948000BBFB14202AF0B8FBCBE6154BC0E9053A2C
:109490001223C36104230374002343748374C374CD
:1094A0009AE700BF3DDB0600148106006ADB060078
:1094B0008EDB0600C5DB06000AD7A33C6666663F66
:1094C00001DC0600F6DC060058210020682100209F
:1094D00060210020CDCCCC3D8FC2F53C46DC06009F
:1094E0002EDC060096E807008BE80700B068EEF770
:1094F00003F941EC190B7068EEF7FEF841EC180B1C
:109500003068EEF7F9F8B0EE492AF0EE692AB0EECD
:10951000481AF0EE681A41EC100BA34AA349A4487C
:109520000AF0C0FD0134322294FBF2F302FB134334
:109530002BB9A0482BF0E2FD072011F035FBB4F564
:10954000FA7F7FF455AF082001210FF0BFF9082002
:1095500015F07AFC40B1984BC0E9053A0323037437
:10956000002343748374C374944900234FF4C65298
:109570002CF0DCFA4FF4FA702AF03EFBBAF1120F2D
:109580007FF45EAF062015F05FFC38B18C4B436171
:1095900002230374002343748374C3744FF486520C
:1095A000864900232CF0C2FA0CF016FD7E4B804950
:1095B00093ED001B7D4B0CA893ED000B0AF0FEFD14
:1095C000FFF7F8FA062015F03FFC38B17D4B4361F8
:1095D00002230374002343748374C3747749002304
:1095E0004FF486522CF0A2FA062015F02DFC38B16B
:1095F000754B436102230374002343748374C37463
:109600006E4900234FF486522CF090FA00260CADE0
:10961000374655F804BB0E20D5F808A0D5F81490AD
:10962000D5F8208015F010FC0446D0B1674B43619B
:109630005846EEF761F8C4E906015046EEF75CF8CB
:10964000C4E908014846EEF757F8C4E90A01404664
:10965000EEF752F8C4E90C010A2323746774A77467
:10966000E7745649002345F2C002204601362CF02B
:109670005DFA032ECDD129E0554BC0E9053506230F
:10968000C36104230374002343748374C374F0E53B
:1096900015F0DAFB48B14F4B43614F4B8361032315
:1096A0000374002343748374C374444900234FF448
:1096B000C2522CF03BFAFFF77DFA012108460FF069
:1096C00005F96CE0FFF776FA444B0C9300210CA8E7
:1096D000FFF7D4FC0446002800F0868001210846EC
:1096E0000FF0F4F8062015F0AFFB38B13C4B4361A6
:1096F00002230374002343748374C3742F4900232B
:109700004FF486522CF012FA062015F09DFB38B16A
:109710002D4B436102230374002343748374C37489
:109720002649304D00234FF486522CF0FFF90026D5
:10973000374655F804BB0E20D5F808A0D5F814908C
:10974000D5F8208015F080FB0446D0B11F4B436153
:109750005846EDF7D1FFC4E906015046EDF7CCFFBE
:10976000C4E908014846EDF7C7FFC4E90A014046CD
:10977000EDF7C2FFC4E90C010A2323746774A774D0
:10978000E7740E49002345F2C002204601362CF052
:10979000CDF9032ECDD101210020FFF76FFC4FB092
:1097A000BDEC088BBDE8F08F58210020602100201F
:1097B000682100202BEC060072DC060014810600F4
:1097C00081DC0600A3DC06005EDD060074DD060019
:1097D000C5DC060026DD0600500407000000C07F3F
:1097E00088DD0600485F0020062015F02DFB30B113
:1097F0001B4B43610223037444748474C474194979
:10980000194D00234FF486520CAC2CF08FF90FCC7D
:109810000FC50FCC0FC594E80F0085E80F000CF0C2
:1098200021FE124B196807203023A5F1200201F513
:10983000A27110F099FA062015F006FB38B10C4B16
:10984000436102230374002343748374C374054982
:1098500000234FF486522CF069F9012109202EE7EC
:10986000A7DD060014810600485F0020D006002016
:10987000BCDD060038B530220D460446002130B369
:10988000174B984223D02DF059FC3DB3062015F01C
:10989000DBFA38B1134B4361022303740023437492
:1098A0008374C37400234FF486520F492CF03EF9A1
:1098B000FFF730FA0D4B19682246302301F58A7103
:1098C000052010F051FABDE838400CF057BB0448B1
:1098D000034C2DF033FCFFF753F9D6E738BD00BF3A
:1098E000185F002096DA060014810600D0060020DA
:1098F00070B5454B2DED028B002814BF05461D4663
:109900008AB0EB680493EB6905930024EB6A039437
:1099100004A80E46CDE9014406932BF04BF8DDED8B
:10992000047ADDED058A8DED070AF0EEE77AF0EEB8
:10993000E88AF4EE687AF1EE10FAC8BFF0EE678AB2
:10994000DDED067A8DED080AF0EEE77AF4EEE87ABE
:10995000F1EE10FAB0EE408A8DED090A01A930EE61
:10996000000A284658BFF0EE678A11F0A1FA18BB2A
:1099700028463146FFF77EFF062015F065FA0028DD
:1099800039D1224900234FF484522CF0CFF806201D
:1099900015F05AFA38B11E4B4361022303740023B9
:1099A00043748374C374194900234FF484522CF018
:1099B000BDF84FF0FF301AE0DFED167A9FED160A82
:1099C00028EE278A07A9B4EEC08AF1EE10FAC8BFC4
:1099D000B0EE480A04A811F06BFA0028C8D0F2EEE5
:1099E000007AF4EEE78AF1EE10FAC1DC20460AB004
:1099F000BDEC028B70BD094B43610223037400234D
:109A000043748374C374BCE7185F0020148106009C
:109A1000D1DD0600CDCC4C3ECDCCCC3DE4DA060009
:109A2000022870B505460C4621D801B34FF0FF332C
:109A300016484FF0FF3223F089FD154B1E68D6B152
:109A4000124823F053FE082015F0FEF948B1114BDF
:109A50004361114B836103230374002343748374B4
:109A6000C3740E4900234FF4C2522CF05FF84FF03C
:109A7000FF36304670BD0A4A15700A4A1480052226
:109A80001A60024823F032FEF3E700BFDC0D00202D
:109A9000145F00204ED80600590307001481060009
:109AA00041BB0020BE80002070B52E4D95F90030DE
:109AB000002B4FF0200009DA10F0BEF8002850D13A
:109AC000BDE870400121202010F006B810F0B4F875
:109AD00018B9012120200FF0FFFF062015F0B4F97E
:109AE00038B1214B43610223037400234374837410
:109AF000C3744FF4865200231C492CF017F801213F
:109B000004200EF0E3FE4FF4FA602AF075F801210C
:109B100008200EF0DBFE4FF448702AF06DF8144B6D
:109B2000002000210024C3E900012C70FFF742F857
:109B3000FFF716F82B78062063F07F032B7015F0E3
:109B400083F930B10B4B4361022303744474847472
:109B5000C474BDE87040054900234FF486522BF0D1
:109B6000E5BF70BD42BB00201BDE0600148106006D
:109B70008824002046DE0600DFED137AB4EEE70A03
:109B8000F1EE10FA0CD41149114A0B68114843B98F
:109B9000DFED117A82ED000A0133C0ED007A0B602F
:109BA0007047D2ED007A9FED0D7A30EE670A40EEF5
:109BB000077AC2ED007AD0ED007AF0EE676A50EED7
:109BC000006A46EE877AE7E7BD378635885E002073
:109BD000905E00208C5E0020000000000AD7233C2D
:109BE00008B52DED028B0E4B1B68632B15D90D4B61
:109BF000DFED0D7A93ED008AB4EEE78AF1EE10FA0C
:109C00000BD40A4B93ED000A26F0F0FFC0EE087A61
:109C1000BDEC028BB0EE670A08BDF7EE007AF7E7FD
:109C2000885E0020905E0020BD3786358C5E002067
:109C30002DE9F04F2DED048BAC4B93F90030002B48
:109C40008DB00546C0F2478129F053FF04468B468C
:109C500002F008FBA64F002800F0FF80D7E9003291
:109C6000134301D1C7E9004BA24BD3E9002394422F
:109C70007BEB0303C0F22F81002309AE09939E48BA
:109C8000C6E90133314611F0F7F8B0EE408AFFF72C
:109C9000A7FFB5EE408AF1EE10FA1AD0DFED977A01
:109CA000B4EEE70AF1EE10FA13D502F0DBFA80B158
:109CB000D7E90023012A73F10001C0F20C81A21A36
:109CC00041F289316BEB03038A4273F10003C0F266
:109CD0000281DFF85092D9E90012611A6BEB02029F
:109CE0001E2972F10002C0F2F680854A92ED019AB7
:109CF000D2ED008A92ED028A29EE096A08EEA86A7E
:109D000008EE086AF6EE087AB4EEE76AF1EE10FAA9
:109D100000F1E180DFED7B7AB4EEE76AF1EE10FA54
:109D200000F3D9802A6803920DF10C086A68049246
:109D30004046AA68059229F0ABFEDFED739AB4EEB7
:109D4000E90AF1EE10FA00F1C6807048414629F0A8
:109D500024FF6E4806AA414629F000FF002800F0C3
:109D6000BA80B0EE460A26F041FFF7EE006AC6EE72
:109D7000807ADFF8B4A16649DAE90073012F73F144
:109D800000020193634ADDED065A9DED075ADDEDB1
:109D9000084A68EEA78A29EE279A28EE278A61DA10
:109DA0005A48C2ED005A82ED015AC2ED024AC1ED95
:109DB000008A81ED019A81ED028A32464146C9E965
:109DC000004B29F029FF304629F062FEB4EEE90A83
:109DD000F1EE10FA00F18480DDED097A019A4E4827
:109DE000F5EEC07ADDED0A7AF1EE10FAF5EEC07A02
:109DF000DDED0B7A4CBF01230023F1EE10FAF5EEF6
:109E0000C07A48BF43F00203F1EE10FA48BF43F0B6
:109E10000403013742F10001D0225343C218C2E9C2
:109E20003271CAE9007192F8C0102C680C2606FB4A
:109E30000133034401311C6068685860A868986069
:109E400092F8C1300F2B01F00F0198BF013382F857
:109E5000C01098BF82F8C1303DE000220023C7E95E
:109E6000002301E7D2ED017A92ED007A2B4BD1ED80
:109E7000003A93F800E091ED024A294865EE277A0E
:109E800045EE877A92ED027A44EE877A91ED017A77
:109E9000BEF1000F07D1DFF894E0C0F800E04FF00A
:109EA000010E83F800E090ED006A76EEE77AF4EEBA
:109EB000C67AF1EE10FABFF673AF69EE077A48EE94
:109EC000A37A48EE047A76EEE76AF4EEC66AF1EE1B
:109ED00010FABFF665AF0DB0BDEC048BBDE8F08F96
:109EE00098E8070086E8070076E700BF42BB00203D
:109EF000A01A0020A81A0020185F00208FC2753D0C
:109F00003C5900206666A63F77CC2B32C45E002009
:109F1000AC5E0020B85E0020D81A00203DBB0020B7
:109F200020590020B81A0020D01A002000E9783CFF
:109F300070B50020FEF732FA0446C0B1082014F0D4
:109F400083FF48B13D4B43613D4B83610323037461
:109F5000002343748374C3743A4900234FF4C252FC
:109F60002BF0E4FD3848BDE870402BF0C7B8FDF792
:109F700027FD364B364A1870364B06201A6014F00F
:109F800063FF30B1344B436102230374447484741F
:109F9000C474324D2B4900234FF486522BF0C6FD7A
:109FA0002E684FF48C62002106F2AC402DF0C6F80A
:109FB0003022002106F60C102DF0C0F8002406F621
:109FC0004812114604232320C6F848490FF0CCFE5E
:109FD0002A6802F2AC4211464FF48C6321200FF044
:109FE000C3FE2A6802F60C121146302322200FF01D
:109FF000BBFE2B6803F51561002283F85C490A60FB
:10A0000003F6541103F658130A6006201A6014F080
:10A010001BFF30B1124B43610223037444748474F8
:10A02000C474084900234FF486522BF07FFDFDF7DE
:10A0300017FD0CF017FA0B4895E700BF50E2060039
:10A0400047030700148106008DE206003EBB002096
:10A050000000C07FD4060020B5E20600D006002034
:10A06000D5E20600FDE20600F8B504460020FEF742
:10A0700095F90546C0B1082014F0E6FE48B13A4B08
:10A0800043613A4B83610323037400234374837455
:10A09000C374002336494FF4C2522BF047FDBDE88C
:10A0A000F84034482BF02AB8452C06D921463248CE
:10A0B000BDE8F84045222BF021B8304F3B6803EB58
:10A0C000041303F2AC43D3ED007AF5EE407AF1EEDF
:10A0D00010FA4FEA041641D00820FDF771FC14F085
:10A0E000B3FE38B1264B4574C0E90534032303742D
:10A0F0008574C5741E4900234FF4C6522BF016FD1B
:10A100003A68164404F14B0106F2AC4608010023FC
:10A1100002EB01113360002313504B608B6002F699
:10A120000C1002F2AC41D1ED007AF5EE407AF1EE7E
:10A1300010FA18BF013301F1100118BF9BB2814220
:10A14000F1D1A2F84839002382F84A3921460D4856
:10A150002AF0D4FFBDE8F840FDF7B6BD21460A4815
:10A16000BDE8F8402AF0CABF3FE306002E0307000F
:10A17000148106008DE206007EE30600D006002072
:10A18000B0E30600D2E3060009E406001E4B1B689C
:10A19000B3F848293AB908B11C4B036009B11B4B0D
:10A1A0000B6001207047DFED1A6ADFED1A7A03F2C7
:10A1B000AC4203F60C1392ED006AB5EE406AF1EE84
:10A1C00010FA0DD036EE407AB0EEC77AB4EEE77AE8
:10A1D000F1EE10FA48BFF0EE466A48BFF0EE477A5B
:10A1E00010329A42E7D108B1C0ED006A09B1C1ED61
:10A1F000007A9FED097AF4EEC77AF1EE10FACCBF3F
:10A2000001200020704700BFD00600200000C07F62
:10A210000000C07F0000807F6666063F98B5104B47
:10A22000044600AF1870014620200FF055FCACB971
:10A23000FDF716FC0B4B88B06A460B49C2E90513C3
:10A240004FF400739383094B42F8103F08480023F2
:10A250004FF4E65114F0D8FFBD4698BD054BEAE730
:10A260003FBB0020E3D4060038E4060003000001F1
:10A2700014810600E9870700014B1878704700BF7A
:10A280003FBB00200C4B1B78A3B1B4EE400AF1EEAB
:10A2900010FA0FD6B2EE047AB4EEC70AF1EE10FA55
:10A2A00008D49FED067AB4EEC70AF1EE10FA01DC8D
:10A2B000FEF7CCBA704700BF3FBB0020000034421D
:10A2C000F0B52DED028B0546BC4B00686968BC4AB1
:10A2D00003C3A8681860D2E90031013341F10001DD
:10A2E000C2E90031B74AD2E9003213438DB001D040
:10A2F00029F07FFC00230193029303930CF0CCF828
:10A30000B14B1B78F0EE408A3BB1B4EE400AF1EE5F
:10A3100010FA02D62846FFF7B5FFAC4AAC4E1278C9
:10A3200033680ABBAB4B1A6801925A689B68029269
:10A330000393316891F85C3901AC33B103232246B1
:10A3400001F5156120461EF09DFE2A46214628464D
:10A3500003231EF0D7FE94E807009F4B83E8070015
:10A360000DB0BDEC028BF0BDF4EE688AF1EE10FA90
:10A37000D8D6B3F84839032BD4D9984C94F8742420
:10A38000002A00F07C81D4F870249A4240F0778152
:10A39000B2EE048AF4EEC88AF1EE10FA7BD52246BA
:10A3A00004A90023107B41F8043B002800F06781DA
:10A3B0000233082B02F12002F4D19FED8B7A08AA18
:10A3C00004A90023B6EE006AF1EC017AF8EEE77A10
:10A3D000F0EE486A47EE866A0133042B37EE267AA0
:10A3E000E2EC016AF0D1F5EE004A27EE247ADFEDC7
:10A3F0007E6A08AA0023F2EC017A013377EEC77A6D
:10A40000042B47EEA76AF6D19FED754ADFED763A49
:10A4100001AF0023DFED747A04A8002150F8042B6B
:10A4200003EB820204EB820292ED006A01310429FF
:10A4300077EE867AF2D167EEA47A9FED6B6A04A874
:10A440000DF1200C002150F8042BFCEC015A03EB19
:10A45000820204EB820292ED005A75EEC75A35EE85
:10A46000675A0131042905EE256AECD1F4EEC46A7D
:10A47000F1EE10FAC8BFC6EE265A03F1010338EE1A
:10A48000C76AD8BFF0EE635A46EE257A032BE7EC95
:10A49000017ABFD14DE7DFED537AF4EEE78AF1EEB2
:10A4A00010FA40F3A3804623049394F86C34002BF5
:10A4B00000F0E5804423059394F84C34002B00F021
:10A4C000DE804223069394F82C34002B00F0D780D2
:10A4D0004023079394F80C34002B00F0D0809FEDBC
:10A4E000427A08AA04A90023B6EE006AF1EC017AC8
:10A4F000F8EEE77AF0EE486A47EE866A0133042BFD
:10A5000037EE267AE2EC016AF0D1F5EE004A27EE4A
:10A51000247ADFED356A08AA0023F2EC017A0133D0
:10A5200077EEC77A042B47EEA76AF6D19FED2C4A47
:10A53000DFED2D3A01AF0023DFED2B7A04A80021D7
:10A5400050F8042B03EB820204EB820292ED006AC6
:10A550000131042977EE867AF2D167EEA47A9FED75
:10A56000226A04A80DF1200C002150F8042BFCEC09
:10A57000015A03EB820204EB820292ED005A75EE5F
:10A58000C75A35EE675A0131042905EE256AECD128
:10A59000F4EEC46AF1EE10FAC8BFC6EE265A03F113
:10A5A000010338EEC76AD8BFF0EE635A46EE257A4B
:10A5B000032BE7EC017ABFD1BBE600BF3059002086
:10A5C00040190020381900203FBB0020BC0C00209F
:10A5D000D0060020845F0020745E0020EC5900202B
:10A5E0006F12833A000034420000000038EEC88A3F
:10A5F00038EE088AFDEEC87A17EE903A002B35DB6C
:10A600005A1C462A35DC04EB03111F01097BB1B348
:10A61000100104EB0212127B8AB307EE903AF8EEB7
:10A62000E77A38EE678AB5EEC08AF1EE10FA23D4E5
:10A63000F7EE007AB4EE678AF1EE10FAC8BFB0EE1A
:10A64000678A2744032308AA394620441EF05AFD8E
:10A6500008A908460322B0EE480A1EF049FD03236C
:10A6600001AA08A938461EF00DFD62E6012200236A
:10A67000C9E746224523C6E71FED258AE1E701A881
:10A68000B0EE680AF0F7E8FA00287FF44BAE50E627
:10A69000064B93F848203AB11B6AB3F5FA6F01DB19
:10A6A000FDF7B6BEFDF7DCB9704700BF381A0020D1
:10A6B0002DE9F0412DED028BB0EE408A29F019FA18
:10A6C000284B1B7805460F46002B47D0264B1B68AE
:10A6D000B3F84889B8F1000F40D1244ED6E90023E1
:10A6E000821A61EB030343F698218A4273F1000357
:10A6F00034DBB4EE488AF1EE10FA2FD6FBEE047A82
:10A70000B4EEE78AF1EE10FA28D4DFED197AB4EE50
:10A71000E78AF1EE10FA21DC082014F095FB0446DC
:10A7200078B1144B436118EE100AECF7E5FFC4E969
:10A7300006010423237484F8118084F8128084F8BD
:10A74000138020460C4900234FF403522BF0EEF9FE
:10A750000120FDF723FE08B9C6E90057BDEC028BC6
:10A76000BDE8F0813FBB0020D0060020201900206A
:10A770000000704252E4060014810600034A0346BA
:10A7800003CA18605960106898607047745E0020B2
:10A790002DE9F0412DED028BB0EE408A20B900206A
:10A7A000BDEC028BBDE8F081454B1A6892F84A294E
:10A7B00002701A680021B2F8482941604FF0FF4149
:10A7C000816000253F494280032AC1600574E6D9B3
:10A7D0001B68DFED3D5A03F2AC42B1EE096A03F6A5
:10A7E0000C13F7EE006AD2ED007AF5EE407AF1EE46
:10A7F00010FA21D090ED027AF4EEC77A90ED037A48
:10A80000F1EE10FAF4EEC77A48BFC0ED027AF1EE2D
:10A8100010FAC8BFC0ED037A77EEC87A67EEA77A60
:10A8200087EE867A77EE267A86EEA77AB4EEE57A18
:10A83000F1EE10FAA8BF013510329A42D3D1D0ED13
:10A84000028AF4EEC88AF1EE10FA08D8D0ED037A45
:10A85000F4EEC87AF1EE10FAA4BF01230374032DBD
:10A860009DDD1A4F3E780EB1012099E7D0F80C809B
:10A870000E2014F0E9FA0446C0B1154BC0E90535C5
:10A8800018EE100AECF738FFC4E9080118EE900A38
:10A89000ECF732FFC4E90A014046ECF72DFFC4E9AA
:10A8A0000C010A2323746674A674E6740023094914
:10A8B00045F2C00220462BF039F901233B70D3E763
:10A8C000D0060020000080FF8FC2F53C3CBB00207A
:10A8D000A2E40600148106002DE9F04F2DED028B55
:10A8E00093B0062002AF14F0AFFA38B1B94B436110
:10A8F00002230374002343748374C374B649002392
:10A900004FF486522BF012F9062014F09DFA38B15C
:10A91000B24B436102230374002343748374C374F2
:10A9200000234FF48652AC492BF000F9012104209A
:10A930000DF0CCFFFDF768FC012118B908460DF0B9
:10A94000C5FF0AE102200DF0C1FF4FF4FA7029F0B3
:10A9500053F9A34BA34D1B78FD60012B3D6170D1D2
:10A96000062014F071FA38B19F4B4361022303743F
:10A97000002343748374C374974900234FF48652B1
:10A980002BF0D4F80BF034FB062014F05DFA38B14C
:10A99000964B436102230374002343748374C3748E
:10A9A0008D4900234FF486522BF0C0F8904802F0F6
:10A9B00015FB0446062014F047FA38B18D4B43616D
:10A9C00002230374002343748374C37482490023F5
:10A9D0004FF486522BF0AAF80BF0CCFC062094B171
:10A9E00014F032FA38B1844B43610223037400231C
:10A9F00043748374C374784900234FF484522BF05A
:10AA000095F801219AE714F01FFA30B17B4B4361AE
:10AA10000223037444748474C4746F4900234FF494
:10AA200086522BF083F8764B714A19681E208023DA
:10AA30006D310FF099F90BF015FD4FF4FA7029F014
:10AA4000DBF8062014F000FA38B16E4B43610223A4
:10AA50000374002343748374C37400235E494FF46A
:10AA6000865207F1200407F114062BF05FF800224C
:10AA700021463046FEF70CFA40F6B833009307F152
:10AA8000100241F2883307F10C012046F0F714FD63
:10AA90008046002871D0B0F1FF3F64D1062014F049
:10AAA000D3F938B1584B4361022303740023437434
:10AAB0008374C374484900234FF486522BF036F850
:10AAC0007D61002221463046FEF744FA4F4D804614
:10AAD000002800F0A380012108460DF0F7FE0620B3
:10AAE00014F0B2F938B14A4B4361022303740023D6
:10AAF00043748374C374384900234FF486522BF097
:10AB000015F80C20D5F800806E68AD6814F09CF93B
:10AB10000446B0B13F4B43614046ECF7EDFDC4E95C
:10AB200006013046ECF7E8FDC4E908012846ECF7D9
:10AB3000E3FD0823C4E90A01237400236374A374AA
:10AB4000E374254944F2C002204600232AF0EEFFB8
:10AB5000002101220846FEF7FDF94437BD46BDEC51
:10AB6000028BBDE8F08F10F1030FA9D1062014F07D
:10AB70006BF900289ED0284B95E70C20D7F820B021
:10AB8000D7F824A0D7F8289014F05EF90546C0B194
:10AB9000204B43615846ECF7AFFDC5E9060150462E
:10ABA000ECF7AAFDC5E908014846ECF7A5FDC5E9A3
:10ABB0000A0108232B7485F8118085F8128085F826
:10ABC00013800549002344F2C00228462AF0AEFF54
:10ABD00077E700BF03E50600148106006ADB060084
:10ABE000C3BB00200000C07F41E506005AE5060017
:10ABF00043BB00207EE5060095E50600C9E506009A
:10AC0000D0060020EBE506003ED80600845F002059
:10AC100088DD060019E60600F8E50600062014F0B7
:10AC200013F948B1754B43610223037480F8118016
:10AC300080F8128080F81380714900234FF4865207
:10AC40002AF074FF96E807006E4B83E8070094E84B
:10AC5000070085E8070000200BF09AF96A4B6B4D5E
:10AC60001B78002B00F02C82D7ED037AF4EE677A84
:10AC7000F1EE10FA80F1248229682020042307F1E4
:10AC80000C0201F595610FF06FF8062014F0DCF866
:10AC900038B15F4B43610223037400234374837410
:10ACA000C374002356494FF486522AF03FFF594B94
:10ACB00097ED030AD3ED007AF4EE677AF1EE10FA1D
:10ACC0000BD670EE677A9FED547AF4EEC77AF1EE08
:10ACD00010FA7ADD514A0121117007F12C0083ED41
:10ACE000000AFFF755FD002800F0BE8097F83C20D1
:10ACF00097ED037A002A00F0B78029689FED488A13
:10AD0000002601F2AC40334601F60C11B0EE486A61
:10AD1000F0EE485AD0ED006AF5EE406AF1EE10FA16
:10AD200015D076EEC77AF0EEE77AB4EE678AF1EEE8
:10AD300010FAF4EEC76AC8BFB0EE678AF1EE10FAF7
:10AD40004DD5B4EEE76AF1EE10FA50DC1346103040
:10AD50008842DFD17B6017EE100AECF7CDFC80460D
:10AD600018EE100A8946ECF7C7FCF6EE007AB4EE4E
:10AD7000E78AF1EE10FA7B6882468B4656D80A20A5
:10AD800014F062F858B1274B4361C0E906890623E5
:10AD9000C0E908AB0374002343748374C374184977
:10ADA00000234FF443522AF0C1FE0820FD6814F03E
:10ADB0004BF80446002840F0418100234FF4035231
:10ADC0000F4920462AF0B2FE06E19FED177AF4EE15
:10ADD000C77AF1EE10FA80D5104A02217CE7B6DD81
:10ADE000F4EEE57AF1EE10FA04D41646AFE7B0EED1
:10ADF000676AABE7F0EE675AF7E700BFA7DD06002A
:10AE000014810600905F00203FBB0020D006002088
:10AE100038E60600D4060020CDCC4C3E3EBB0020D8
:10AE20000000807F89E60600CDCC4CBE002B00F0F0
:10AE3000E880002E40F0E780AD4B6E468EB002AA4F
:10AE4000136240F201431386AA49AB4B5161C2E938
:10AE50000689C2E90AAB42F8103FA848002344F231
:10AE6000C04114F0D1F9B5460A20D7F80C90D7F8B4
:10AE7000108013F0E9FF0646002840F0ED803046D0
:10AE80009E4900234FF443522AF050FE97ED038A67
:10AE9000F2EE047A78EE677A77EEA77AFDEEE77A3B
:10AEA00017EE906A452E00F2F4802B6803EB061231
:10AEB00002F2AC42D2ED007AF5EE407AF1EE10FAF1
:10AEC0004FEA061A06F14B0600F0DD808C4B1B782A
:10AED000012B00F0D4809FED8B8A8B4A022BF6EE7B
:10AEE000007A8A4B18BFB0EE678A18BF1346E9464E
:10AEF0008CB00DF10808864A18EE100AC8E905233F
:10AF0000ECF7FAFB4FF400734246A8F82830814B67
:10AF1000C8E9080142F8103F00234FF45351774825
:10AF200014F072F92B68B7EE007A03EB06121346A1
:10AF300037EE487ACD4621460C33D1ED007AF2EC5B
:10AF4000016A68EE277A47EE267A9A42E1EC017AA6
:10AF5000F3D1D7ED097AD7F820B0D7F82890C7ED0C
:10AF6000017A0C2013F070FF8046D0B16A4B436128
:10AF70005846ECF7C1FBC8E906017868ECF7BCFB62
:10AF8000C8E908014846ECF7B7FB0823C8E90A01FD
:10AF900088F81030002388F8113088F8123088F8CB
:10AFA00013305649002344F2C00240462AF0BEFD49
:10AFB0002A68F96802EB0A0303F2AC43196003CC78
:10AFC000330102EB0616D05071602068B060002398
:10AFD00082F84A39FCF778FE062013F035FF38B1C5
:10AFE0004E4B436102230374002343748374C37480
:10AFF000424900234FF486522AF098FD012109208E
:10B000009DE4474B19E70C2013F01EFF78B1454B28
:10B010004361454B0022C0E90A23C0E906890823A1
:10B02000C0E908AB0374002343748374C3743349C9
:10B03000002344F2C0022AF079FD15E73B4B43613F
:10B040002846ECF759FB042323740023C4E90601C6
:10B050006374A374E374B0E6354B43614846ECF780
:10B060004BFBC6E906014046ECF746FB062333746A
:10B070000023C6E908017374B374F374FFE69FED0F
:10B080002D8A2D4B33E7B3F848290132A3F848291C
:10B090008EE7082013F0D8FE044668B1274B4361C1
:10B0A00018EE100AECF728FB0423C4E90601237408
:10B0B00000236374A374E37400234FF402527FE609
:10B0C00029681F4A04200C23FC310EF04DFE062097
:10B0D00013F0BAFE38B11B4B436102230374002303
:10B0E00043748374C374054900234FF4865269E6A0
:10B0F000FDE40600DCE606000800000114810600FD
:10B100003EBB00209A99993E28A906007FD80600E8
:10B11000EDE706000600000193D90600BCDD06003D
:10B12000F7E4060025E706000000E03F6FE70600B1
:10B13000A8E706003333333F78D8060028E8060036
:10B14000845F00207FE806002DE9F04F8BB000AF50
:10B1500010EE104A786007F11400FFF719FB9B4DC1
:10B1600030B1FB8A042B03D997F82430002B6AD125
:10B17000062013F069FE38B1954B43610223037436
:10B18000002343748374C374924900234FF486529E
:10B190002AF0CCFCFE8A97F82480042E13D9B8F14B
:10B1A000000F28D10C20D7F81C90D7F8208013F07E
:10B1B0004BFE064678BB8749002344F2C002304666
:10B1C0002AF0B4FC17E0082013F03EFE40B1824B99
:10B1D000C0E9053603230374002343748374C374E6
:10B1E0007C4900234FF4C6522AF0A0FCB8F1000FAE
:10B1F00001D1002ED6D12B68002203F5156183F80A
:10B200005C2900220A6003F6541103F658130A6001
:10B210001A600020D5E0714B43612046ECF76CFAD0
:10B22000C6E906014846ECF767FAC6E90801404658
:10B23000ECF762FA082333740023C6E90A01737439
:10B24000B374F374B7E700EE104A07F10800EFF7A4
:10B2500003FD0646002840F09080062013F0F4FD20
:10B2600030B15F4B43610223037446748674C67425
:10B2700000234FF4865257492AF058FCB868ECF77F
:10B280003BFA8246F8688B46ECF736FA8046386916
:10B290008946ECF731FAC7F800D092B06E46514BB0
:10B2A0007361514BB361C6E90C01C6E908ABC6E94D
:10B2B0000A892046ECF720FA4FF400733246A6F8CC
:10B2C00040304A4BC6E90E0142F8103F4148002386
:10B2D00046F2C04113F098FF2B687A68D7F800D087
:10B2E000DFED436A9FED437A03F5156007F108012E
:10B2F00002F10C050446F2EC017AB1EC016A77EE3A
:10B30000C67AB0EEE76AB4EE666AF1EE10FA48BFAC
:10B31000F0EE477A9542E0EC017AECD1012283F815
:10B320005C2903F6541203F658130C20D4F800805D
:10B3300016681D6813F088FD0446B0B12E4B4361BA
:10B340004046ECF7D9F9C4E906013046ECF7D4F9E8
:10B35000C4E908012846ECF7CFF90823C4E90A013B
:10B36000237400236374A374E3741A49002344F222
:10B37000C00220462AF0DAFB4BE7082013F064FDF8
:10B3800048B11E4B43611E4B8361032303740023AA
:10B3900043748374C3740F4900234FF4C2522AF0DC
:10B3A000C5FB2B68002203F5156183F85C29002298
:10B3B0000A6003F6541103F658130A604FF0FF3089
:10B3C0001A602C37BD46BDE8F08F00BFD0060020C4
:10B3D000AFE8060014810600F4E8060041E9060023
:10B3E00086E90600A1E90600DAE906000C00000182
:10B3F0006F12833A0000000029EA0600DEE9060029
:10B40000F90307002DE9F041714E336893F84C2998
:10B4100086B0002A00F0D88093F84D79002F40F0D4
:10B42000D38028F066FB41F28833984271F1000323
:10B4300005460C46C0F2C88047F23053984271F17D
:10B4400000031DDB336893F84D79002F40F0BC807A
:10B45000082013F0F9FC40B15E4BC461C0E905352A
:10B460000423037447748774C77400234FF4035292
:10B4700059492AF05BFB3368012283F84D29A3E088
:10B480003846FCF78BFF002840F09E800BF004F854
:10B49000B4EE400AF1EE10FA80F19680BBEE047A29
:10B4A000B4EEC70AF1EE10FA00F18E809FED4B7AF0
:10B4B000B4EEC70AF1EE10FA00F38680DFF83881A7
:10B4C00001A8FFF765F998F80030002B71D1BDF89D
:10B4D0000670002849D0042F47D9082013F0B4FC87
:10B4E00040B13F4BC0E90537032303740023437485
:10B4F0008374C374002338494FF4C6522AF016FBF4
:10B50000012388F80030374F3E78A6B9082013F0A1
:10B510009BFC40B1344BC461C0E90535042303747E
:10B5200046748674C67400232B494FF403522AF0E4
:10B53000FDFA01233B700320FCF730FF044600288E
:10B5400042D1062013F080FC30B1284B4361022326
:10B55000037444748474C4741F4900234FF48652E6
:10B5600006B0BDE8F0412AF0E1BA7B1E032B10D8EB
:10B57000082013F069FC00283FF477AF1C4BC0E9AA
:10B5800005370423C3610374002343748374C374B5
:10B590006BE7062013F058FC38B1164B43610223C9
:10B5A0000374002343748374C37400234FF48652DE
:10B5B0005EE718B1BDF80630042BA4D8336893F8C1
:10B5C0004D29002A3FF458AF06B0BDE8F08100BF16
:10B5D000D0060020DAFA060014810600000070424E
:10B5E00015FB06003ABB0020D5FB06002CFC06002C
:10B5F00058FB0600A2FB06003BBB002080B50E4BAB
:10B600000E4A1B6883F84C090D4B00AF88B0002828
:10B6100018BF13466A460B49C2E905134FF400737D
:10B620009383094B42F8103F084800234FF4E6513A
:10B6300013F0EAFDBD4680BDD006002067FC060081
:10B640006FFC060078FC0600030000011481060070
:10B6500090B51B4B83B01A78824200AF04461AD1D2
:10B660001849194B6C4688B0002A18BF0B466A4629
:10B670001649C2E905134FF400739383144B42F843
:10B68000103F144800234FF4E65113F0BDFD0C3772
:10B69000A546BD4690BD18700F4BF8711968FA1D8C
:10B6A000012301F2A44126200EF05EFB054A064B61
:10B6B000002C18BF13466C4688B06A460749D8E785
:10B6C000BC0C0020E9870700E3D4060085FC0600D7
:10B6D0000300000114810600D0060020A3FC060030
:10B6E000014B1878704700BFBC0C002010B5134BFD
:10B6F0001B6803F515610024002283F84D4983F887
:10B700004E4983F85C490A6003F6541103F6581356
:10B710000A6006201A6013F097FB30B1084B4361B2
:10B720000223037444748474C474BDE81040054952
:10B7300000234FF486522AF0F9B900BFD00600204A
:10B74000C5FC06001481060010B50C4620B10C4B58
:10B75000D3E90023C0E9002364B10A4B1B7853B13D
:10B7600028F0C7F9084AD2E90032C01A61EB020199
:10B77000C4E9000110BD00220023C4E90023F9E759
:10B78000981A002040BB0020901A00202DE9704339
:10B790002DED028B884D89488EB029F0AFFC2B68C7
:10B7A000874A93F84A19874B874800290CBF1146EE
:10B7B000194629F0A3FC2B688448B3F8481946229F
:10B7C00029F09CFC824B7F4893F8752493F87444CD
:10B7D000032A96BF7F49804A51F8222047210091D1
:10B7E0007749D3F88434002C18BF01467B4829F0F0
:10B7F00085FC0AF051FE09A8B0EE408AFEF7C8FFAA
:10B80000BDF82660044626B3DDED0B7ADDED0C8A2B
:10B81000F4EEE87AF1EE10FA10D517EE900AEBF795
:10B820006BFF804618EE900A8946EBF765FF4246AB
:10B83000CDE900014B466A4829F060FC002C40F03D
:10B840009E806849684B032E88BF1946674829F0D7
:10B8500055FC674829F052FC2C6894F85C39002BA1
:10B8600000F08F8004F515631868EBF745FF04F6C8
:10B870005813804618688946EBF73EFFCDE9020170
:10B8800004F654142068EBF737FF4246CDE9000177
:10B890004B46584829F032FC574829F02FFC00222B
:10B8A000002306A904A8554CCDE90423CDE90623BD
:10B8B000FFF74AFF524829F021FCD4ED007AF4EE5C
:10B8C000677AF1EE10FA6CD617EE900AEBF714FFD8
:10B8D00002460B464B4829F011FC18EE100AEBF714
:10B8E0000BFF02460B46484829F008FCD4ED007ACD
:10B8F000F4EE677AF1EE10FA10D638EE678AF0EEC1
:10B90000C87A17EE900AEBF7F7FE0B463F4902465E
:10B910000020CDE900013E4829F0F0FB3D4829F028
:10B92000EDFB3D4829F0EAFBDDE90445012C75F10A
:10B9300000033ADB28F0DDF8001B4FF47A724FF079
:10B94000000361EB0501ECF785FB02460B4633482B
:10B9500029F0D4FBDDE90623012A73F1000105DBA0
:10B960004FF4FA512E48009129F0C8FB0EB32D4830
:10B970000EB0BDEC028BBDE8704329F0BFBB2A4975
:10B9800064E72A4829F0BAFB2B68294A93F84D1935
:10B99000284B294800290CBF1146194629F0AEFB57
:10B9A0007DE7264829F0AAFB97E7254829F0A6FB62
:10B9B000D0E72448DCE700BFD006002078FD060071
:10B9C000FFFC0600FBFC06009FFD0600B6FD06001E
:10B9D000EC5900209086060002FD0600D5FD060009
:10B9E00003FE060035FD06001F9D06002EFE060024
:10B9F0004BFE06006EFE060094FE0600D8060020F0
:10BA0000EAFE0600ABC706000BFF06000000F03F91
:10BA100023FF0600CBB5070044FF06005BFF0600CE
:10BA200080FF0600B7FF06000AFD0600B1FE060013
:10BA300070FD060061FD0600CEFE060006FF060052
:10BA40006DFF0600E1FF0600F0B52DED048B9D4C67
:10BA50002368B3F8483989B0B0EE408A3BB99A48B8
:10BA600009B0BDEC048BBDE8F04029F047BB10EEF7
:10BA7000100AEBF741FE02460B469448DFED948A2C
:10BA80009FED949A29F03AFB23689348B3F848193C
:10BA900029F034FB236803F2AC4203F60C13D2ED19
:10BAA000007AF5EE407AF1EE10FA0DD0F4EE497A14
:10BAB000F1EE10FAF4EE687A48BFB0EE679AF1EE54
:10BAC00010FAC8BFF0EE678A10329A42E7D119EE39
:10BAD000100AEBF711FE064618EE900A0F46EBF738
:10BAE0000BFE3246CDE900013B467C4829F006FBBF
:10BAF000B4EEC89AF1EE10FA40F38D8079EE487AF0
:10BB000017EE900AEBF7F8FD024675480B4629F050
:10BB1000F5FA744829F0F2FA2368B3F84839032B90
:10BB200040F2908005A8B0EE480AEFF795F800289B
:10BB300040F084806C4B6D48002229F0DFFA0598B4
:10BB4000EBF7DAFD064607980F46EBF7D5FDCDE992
:10BB500002010698EBF7D0FD3246CDE900013B46E5
:10BB6000634829F0CBFA5F4829F0C8FA236893F8B4
:10BB70005C3903B35F4829F0C1FA256805F5156300
:10BB80001868EBF7B9FD05F65813064618680F4616
:10BB9000EBF7B2FDCDE9020105F654152868EBF785
:10BBA000ABFD3246CDE900013B46534829F0A6FAE9
:10BBB0004C4829F0A3FA514829F0A0FA002305A81F
:10BBC000B0EE480A059306930793EFF745F800286F
:10BBD0003DD02668D6F8FC00EBF78EFD0446D6F87B
:10BBE00004010D46EBF788FDCDE90201D6F800010E
:10BBF000EBF782FD2246CDE900012B46404829F0B3
:10BC00007DFA404829F07AFA3F4829F077FA09B0DE
:10BC1000BDEC048BF0BDF4EEC88AF1EE10FA09D544
:10BC200078EE687A17EE900AEBF766FD02460B464F
:10BC300036486CE7364829F061FA6AE7354829F05A
:10BC40005DFA90E73448042129F058FA8EE723681A
:10BC500093F85C29EAB103F5156292ED007ADDED07
:10BC6000057A77EE877A03F65412CDED057A92EDD8
:10BC7000007ADDED067A77EE877A03F65813CDED7C
:10BC8000067A93ED007ADDED077A77EE877ACDEDCF
:10BC9000077A0598EBF730FD044607980D46EBF759
:10BCA0002BFDCDE902010698EBF726FD2246CDE9F2
:10BCB00000012B46194829F021FA1949194829F0A1
:10BCC0001DFAA1E7D0060020150007003500070087
:10BCD000000080FF0000807F600007007F000700F9
:10BCE000A1000700CBB50700000004401D010700BC
:10BCF0003C0107009D010700B2010700DF010700BA
:10BD00001002070043020700B9020700CC00070039
:10BD1000F70007005C0107007001070068020700D8
:10BD2000DAE906008902070030B52E4B2E4893ED64
:10BD3000017A2E4BD3ED007A77EE277AC3ED007AA5
:10BD40002B4B93F82410037831B3EBB9294A2A4CD2
:10BD5000136801331360294B294AC3ED007A237815
:10BD600002EBC3020125C2ED007A2B4415710522B6
:10BD7000B3FBF2F202EB82029B1A224A2370137881
:10BD8000042B01D82B4413701F4BD3ED007A77EEB0
:10BD9000877AC3ED007A22E00BB31C4A164C136875
:10BDA00001331360154B164A93ED007A184B37EEAA
:10BDB000C77A83ED007A237802EBC302C2ED007AE2
:10BDC000013311710522B3FBF2F202EB82029B1ADE
:10BDD0000C4A23701378042B01D8013313700170BF
:10BDE00030BD00BF90240020C6BB0020C45F0020EF
:10BDF00060250020D85F0020C5BB0020CC5F00205C
:10BE00009C5F0020C4BB0020D05F0020D45F0020D6
:10BE1000C85F002010B51C4C20460FF01DFB4FF0F2
:10BE200080436361194B2361194BE360194BA36194
:10BE3000194B2362194BE361194BA362194B6362DF
:10BE4000194BE362194B2363194B2360194B636051
:10BE500040F2011323810123A3724FF07C536363EB
:10BE6000154BE363154B2364154BA363154B6364B8
:10BE7000154BA3644FF08343E364144B2365144BC9
:10BE80006365144BA36510BDE85F00200080D543B7
:10BE9000CDCC8C3FA69B443DDAAC7A3C17B7D13869
:10BEA000C3F5283FAE47213F7B142E3F3D0A573E46
:10BEB0009A99894000001041EC51B83D0000C04003
:10BEC00000007041000040410000B0409A99193FC5
:10BED0000000484500C08F4408B52DED048BB0EE3E
:10BEE000408AF0EE608AB0EE419AFFF793FF114A64
:10BEF00011491248B0EE491AF0EE680AB0EE480A4D
:10BF000010F0A0FC0E4A0F49002313600E4A136084
:10BF100000220A600D490A600D490A600D490A6055
:10BF20000D4A13700D4A13700D4A1370BDEC048B4B
:10BF300008BD00BF9024002060250020E85F00209D
:10BF4000D85F0020D05F0020D45F0020CC5F0020AD
:10BF5000C85F0020C45F0020C6BB0020C5BB002016
:10BF6000C4BB002010B50446FFF754FF4FF4107215
:10BF700021460F482BF0D4F8D02204F510710D485B
:10BF80002BF0CEF80C4A0D49002313600C4A1360C5
:10BF900000220A600B490A600B490A600B490A60DB
:10BFA0000B4A13700B4A13700B4A137010BD00BF7D
:10BFB0006025002090240020D85F0020D05F002062
:10BFC000D45F0020CC5F0020C85F0020C45F002049
:10BFD000C6BB0020C5BB0020C4BB002010B507496C
:10BFE00004464FF410722BF09BF804F510700449CE
:10BFF000BDE81040D0222BF093B800BF6025002090
:10C00000902400201FB59FED0E7AD0ED007A0D4AE6
:10C010000D4967EE877A01ABCDED017AD0ED017A5B
:10C0200067EE877ACDED027AD0ED027A074867EEA7
:10C03000877ACDED037A28F0F7FD05B05DF804FBB3
:10C0400035FA8E3C9024002060250020E85F002017
:10C050001FB59FED196AD0ED006A90ED017AD0ED21
:10C06000027A66EE866A27EE067A67EE867AF5EE43
:10C07000406AF1EE10FACDED016A8DED027ACDED58
:10C08000037A01AB09D1B5EE407AF1EE10FA04D192
:10C09000F5EE407AF1EE10FA04D093E80700074C71
:10C0A00084E80700064A0749074828F0C6FDFFF75D
:10C0B0003BFE04B010BD00BF0AE81C41DC5F00205D
:10C0C0009024002060250020E85F002010B5024683
:10C0D00004460C490C4810F0B5F99FED0C7AD4EDEC
:10C0E000007A67EE877AC4ED007AD4ED017A67EEC4
:10C0F000877AC4ED017AD4ED027A67EE877AC4EDCF
:10C10000027A10BD9024002060250020E12E6542B7
:10C110001FB59FED0E7AD0ED007A67EE877ABFEEFD
:10C12000000ACDED017AD0ED017A67EE877A01A998
:10C13000CDED027AD0ED027A054867EE877ACDED33
:10C14000037A10F0E1F905B05DF804FB35FA8E3C96
:10C15000602500200146014810F036B96025002016
:10C1600010B5102288B0044600210DEB02002AF021
:10C17000E5FF04A8FFF7EEFF9DED046ADDED065A2A
:10C18000DDED076ADDED057A164A26EE257A17EE13
:10C19000A67A01AB204667EE867A46EEA57A04F1D0
:10C1A0000C0137EE077A77EEA77A8DED017ACDEDA7
:10C1B000027AF6EE007A56EE067A46EEA67A9FED01
:10C1C0000A7A77EEA77ACDED037AF2EC017AF3ECF6
:10C1D000016A46EEC77AE0EC017A8842F5D108B0F0
:10C1E00010BD00BFDC5F00200AE81C41B5EEC00AAC
:10C1F000F1EE10FA37B5054623DDF2EE047AB4EE1F
:10C20000E70AF1EE10FA1CD5DFED127A124C60EE5F
:10C21000277A17EE900AEBF785FFD4E97C34C01833
:10C2200044EB010150EA010304BF01200021CDE9E4
:10C2300000010A4A08490A482B4610F08FF803B05B
:10C2400030BD064A044906482B4603B0BDE83040DD
:10C2500028F0F7BC002474496025002090240020B9
:10C26000E85F0020014828F0F6BC00BF60250020F0
:10C27000DFED030A0348B0EE600A28F0F5BC00BF0A
:10C280000000000060250020014828F0EDBC00BF40
:10C290006025002070B5074E054630460C4628F054
:10C2A000DDFC304685ED000A28F0DBFC84ED000A59
:10C2B00070BD00BF60250020F8B50446002800F0DE
:10C2C000BE805F4D5F4E604F284628F0C1FC22467D
:10C2D000294602F8040B5D4810F040F9314604F19C
:10C2E0000C02284610F0AEF8284684ED060A28F025
:10C2F000ACFC284684ED070A28F0ADFC84F8200049
:10C30000284628F0ABFC284684ED090A28F0A9FC51
:10C3100084ED0A0AD5F81432E362D5ED865ADFEDD2
:10C320004C7AC4ED0C5A95ED1C6A94ED035A84EDD9
:10C330000D6AD5ED1D6AC4ED0E6AD5F80032E363CF
:10C34000D5F804322364D5F80832636495ED837A16
:10C3500084ED127AD5F81032E36425EE275AB36BD8
:10C360002365EB6E84ED035A94ED045A636525EE64
:10C37000275A384B84ED045A94ED055A25EE275A76
:10C3800020EE270A84ED055A94ED065A25EE275A29
:10C3900065EEA75A84ED065A94ED075A25EE275A02
:10C3A00026EE276A84ED075A1B68A3652A4B84EDA5
:10C3B0000A0A1B68E365294BC4ED0C5A1B68236607
:10C3C000274B84ED0D6A1B686366264B1B68A366CA
:10C3D000254B1E78254B84F8946066EEA76A27EEFD
:10C3E000277A93F800C0C4ED0E6A84ED127A2146D4
:10C3F00000224FF0050E042E81BF0CEB0203B3FBAD
:10C40000FEF000EB80001B1A94BFD3B2DBB207EB47
:10C41000C303013218681B79C866052A81F8703099
:10C4200001F10801E7D1D5F88430C4F89830D5F887
:10C430009430C4F89C30D5F8A430C4F8A030F8BDCE
:10C4400060250020902400209C5F0020E85F0020F1
:10C45000E12E6542D85F0020D45F0020D05F00202D
:10C46000C85F0020C45F0020C4BB0020C5BB002003
:10C47000B2EE007AB4EEC70AF1EE10FA41DCF1EE4A
:10C48000007AB4EEE70AF1EE10FA3EDCB0EE007A84
:10C49000B4EEC70AF1EE10FACCBF01230023C8BFE7
:10C4A000B0EE677ADFED1D7A1D4AF4EEE70AF1EE91
:10C4B00010FA13702BDCDFED1B6AF4EEE60AF1EEE6
:10C4C00010FA28DCDFED187AF4EEE70AF1EE10FA44
:10C4D000CCBF02230323C8BFF0EE667ADFED136AF8
:10C4E000134A80ED007A27EE266A1370114BC1EDD6
:10C4F000007A83ED006A67EEA66A0F4BC3ED006A0F
:10C5000070470323B3EE007ACCE70223CAE7DFEDDE
:10C510000B7A0023E2E70123E0E700BF00007A4442
:10C52000BF0C00200000FA4300007A4300000038EE
:10C53000C7BB0020E0060020DC0600200000FA4413
:10C540002DE9F84FB5EEC00AF1EE10FA2DED048B8F
:10C550000646F0EE408AB0EE608A0D4640F2A780B3
:10C56000DFED6E7AB4EE670AF1EE10FA00F09F800C
:10C57000F7EE007A87EE809A694F0124BA46BDEE45
:10C58000C99A062C37F802BF05DC19EE103A5B4554
:10C590001ADC0134F5E719EE100AEBF79BF8804638
:10C5A00058468946EBF796F85E4B0022EBF726FAE1
:10C5B00002460B4640464946EBF772FB80B1013418
:10C5C0000D2CDED100271EE0013C574B3AF8140039
:10C5D0001F5DEBF77FF802460B46544900200CE044
:10C5E000631E514A3AF81300D75CEBF773F8072C37
:10C5F00002460B46F1D04B4B0022EBF7FFF9EBF76D
:10C60000CBFB08EE900AB5EEC08AF1EE10FA64D9C1
:10C61000DFED427AB4EE678AF1EE10FA5DD0B7EE44
:10C62000007AC7EE087A424A01231146FDEEE77A06
:10C6300032F8020F17EE904AA0423CDB0133092B7F
:10C64000F6D100243B4A1378BB423B4B02D1197808
:10C65000A14260D017701C70002F42D1002C56D11F
:10C66000A046082222437D21002027F042FD50EA07
:10C67000080013D0082012F0E7FB48B12F4B4361AC
:10C680002F4B836103230374002343748374C374A7
:10C690002C4900234FF4C25229F048FAC6ED008A13
:10C6A000002085ED008ABDEC048BBDE8F88FDFED3E
:10C6B000268A0027A7E7013B244A31F81300D45CFF
:10C6C000EBF708F802460B4600201849EBF796F9FD
:10C6D000EBF762FB08EE100AB4E79FED1B8A00241B
:10C6E000B0E747F0A0024021002027F002FD80467D
:10C6F0007CB144F0E0024221002027F0FAFC002F38
:10C7000048EA00080CBF08220C220224AAE7B84617
:10C71000EFE70C22A6E70120C5E700BF0000807FFD
:10C72000329A060000003940800607000000F03F02
:10C73000209A0600BE0C0020BD0C0020B5040700A6
:10C74000120607008480060000000000780607003B
:10C7500013B500EB4000800080B28DF80400C0F3F8
:10C76000042002238DF8050001AA4621002007F0CD
:10C77000EBFB002204465621104627F0BAFC0C229F
:10C7800004435321002027F0B4FC02220443582123
:10C79000002027F0AEFC044313D0082012F054FB15
:10C7A00048B1094B4361094B8361032303740023A0
:10C7B00043748374C374064900234FF4C25229F0B2
:10C7C000B5F9332002B010BDB5040700CA05070053
:10C7D0008480060030B587B00446062301AA0C21E8
:10C7E000002007F099FB98B1082012F02DFB48B10A
:10C7F000194B4361194B8361032303740023437472
:10C800008374C374164900234FF4C25229F08EF981
:10C81000144B93ED007A01AA03A80021557812F871
:10C82000023B43EA05231BB207EE903AF8EEE77AA3
:10C83000013167EE877A0329E0EC017AEED1039BA0
:10C84000DDED047A6360059BA360F1EE677AC4EDC9
:10C85000007A07B030BD00BFB5040700F50507003A
:10C8600084800600E006002030B587B00446062329
:10C8700001AA1221002007F04FFB98B1082012F006
:10C88000E3FA48B11D4B43611D4B836103230374DD
:10C89000002343748374C3741A4900234FF4C252B3
:10C8A00029F044F9184B93ED007A01AA03A800215E
:10C8B000557812F8023B43EA05231BB207EE903A83
:10C8C000F8EEE77A013167EE877A0329E0EC017A26
:10C8D000EED10E4BDDED056A93ED007ADDED037AC6
:10C8E000C4ED026A46EEC77A9DED047AC4ED017A82
:10C8F000B1EE477A84ED007A07B030BDB504070089
:10C90000E705070084800600DC0600204460002064
:10C9100007B5022301AA2221002007F0FDFA98B1F1
:10C92000082012F091FA48B1114B4361114B836119
:10C9300003230374002343748374C3740E490023D8
:10C940004FF4C25229F0F2F89DF804209DF805300A
:10C95000B3EE070A0AB9802B07D0BDF9043007EE01
:10C96000903AFAEEEB7A37EE800A03B05DF804FBFA
:10C97000B5040700D9050700848006002DE9F04FB3
:10C980000B2985B081460F464FF0000661D9DFF8CC
:10C99000D8B0B246022303AA2421002007F0BCFA33
:10C9A0009DF80D209DF80C10120202F47C5241EA11
:10C9B0000203114380464CD00C25B3FBF5F4B7FBC2
:10C9C000F5F5AC4218D9082012F03EFA48B1234BD5
:10C9D00043610323641B03740023846143748374E1
:10C9E000C37400234FF4C452594629F09FF805EB55
:10C9F00045039B009BB22C460C22009226214A46FE
:10CA0000002007F025FB48EA00085AEA080A13D07C
:10CA1000082012F019FA48B1114B4361114B8361A0
:10CA200003230374002343748374C37400234FF4FB
:10CA3000C252594629F07AF80C2303FB0499A4EB5F
:10CA4000840307EB830326449FB2B6B20CB10B2FCD
:10CA5000A0D8304605B0BDE8F08F00BFCD04070078
:10CA6000B504070004060700848006002DE9F04F96
:10CA700000EB40008400A4B201EB040989B08846B1
:10CA800017463549022248461E462AF039FB00283F
:10CA90005FD0324BD3ED006A314B611C93ED007ACD
:10CAA00001914A460DF1080E0DF1140C0023A01D52
:10CAB00004F1070B111B013311F80BA00D5C45EAC3
:10CAC0000A252DB207EE905A019DF8EEE77A4D5DEA
:10CAD00012F8021B67EEA67A41EA052109B2EEECD4
:10CAE000017A07EE901AF8EEE77A032B67EE877A61
:10CAF000ECEC017ADED11B49062240442AF000FB0F
:10CB000048B1DDED037A029B7B60F1EE677A049B0E
:10CB1000C7ED007ABB601449062248462AF0F0FAB5
:10CB200018B9002009B0BDE8F08F104BDDED076AA1
:10CB300093ED007ADDED057AC6ED026A46EEC77A1E
:10CB40009DED067AC6ED017AB1EE477A86ED007A60
:10CB5000E7E70120E6E700BF6F060700E0060020D8
:10CB6000DC06002069060700630607004460002019
:10CB700010B5082012F068F948B1094B4361094B20
:10CB8000836103230374002343748374C374BDE877
:10CB90001040054900234FF4C25228F0C7BF00BF20
:10CBA000B504070021060700848006000B4AFF2316
:10CBB00010B513700A4A137000227D21104627F029
:10CBC00098FA012204467C21002027F092FA0443BF
:10CBD00003D0BDE81040FFF7CBBF10BDBE0C002056
:10CBE000BD0C002013B500222B4B01937C21104675
:10CBF00027F07FFA04464FF4E17027F06BF8092222
:10CC00004021002027F075FA042204437D210020F2
:10CC100027F06FFA012204432F21002027F069FA40
:10CC200004230DEB030204433C21002007F08CF9A0
:10CC3000002204435821104627F05BFA0C225321AE
:10CC40000443002027F055FA0443372027F044F826
:10CC500040225621002027F04CFA012204437C2177
:10CC6000002027F046FA044313D0082012F0ECF815
:10CC700048B10A4B43610A4B8361032303740023C9
:10CC800043748374C374074900234FF4C25228F0DD
:10CC90004DFF332002B010BD00E040B8B5040700DE
:10CCA000BC050700848006002DE9F74321210DF122
:10CCB0000302002007F08CF99DF8033003F007030E
:10CCC000012B054600F08480082012F0BDF848B121
:10CCD0005E4B43615E4B8361032303740023437403
:10CCE0008374C37400235B49DFF87C914FF4C8520E
:10CCF00028F01CFFB6227E21002027F0FAF9044616
:10CD0000022026F0E9FF00227C21104627F0F1F9ED
:10CD1000044325434FF4E170002426F0DBFF224654
:10CD200059212046ADF8044027F0E3F92746804614
:10CD300063118DF8053001AA02235B2100208DF8D4
:10CD4000047007F001F909EB0402064640235E2156
:10CD5000002007F0F9F840340643B4F5005F48EAD4
:10CD60000608E5D101225921002027F0C2F958EA2E
:10CD7000000012D0082012F067F840B1364B436132
:10CD8000364B83610323037447748774C774314936
:10CD900000234FF4C25228F0C9FE66249DF80330E8
:10CDA00003F00703012B16D1082012F04DF848B10B
:10CDB0002B4B4361264B836103230374002343748D
:10CDC0008374C374234900234FF4C85228F0AEFE85
:10CDD00035BB002016E0013C17D1082012F034F8D2
:10CDE00040B1204B43611A4B8361032303744474A5
:10CDF0008474C474174900234FF4C25228F096FE7D
:10CE00004FF0FF3003B0BDE8F083012026F064FF4F
:10CE10000DF103022121002007F0DAF80543BDE7F8
:10CE2000082012F011F848B10B4B4361084B8361A5
:10CE300003230374002343748374C37405490023DC
:10CE40004FF4C25228F072FEC3E700BF000507008E
:10CE50005006070084800600B50407003D06070061
:10CE60004E050700300507008C0607002DE9F0434A
:10CE70002DED048B012283B005460E4600204C495F
:10CE8000F0EE608AB0EE419A06F03CFF00227C2171
:10CE9000104627F02EF907464FF4E17026F01AFFEE
:10CEA000FFF702FF044600287FD102462F2127F01A
:10CEB00020F90DF1070281463C21204607F088F851
:10CEC0009DF807305B00DBB2804643F346008DF8E7
:10CED0000730EAF7FFFB374B0022EAF765FCEAF779
:10CEE0005BFF59EA080808EE100A12D0082011F07A
:10CEF000ABFF40B1304B4361304B8361032303747C
:10CF000044748474C4742E4900234FF4C25228F030
:10CF10000DFEBDEEC88A2B4B2B4AB8EEC88A4121C4
:10CF200083ED008AFF231370284A1370284B0020DA
:10CF30001A7827F0DEF8274B04461A7843210020A0
:10CF400027F0D7F8F0EE490AB0EE680A04433146FC
:10CF50002846FFF7F5FA3C430022044348211046D7
:10CF600027F0C7F8C02204434921002027F0C1F868
:10CF7000044313D0082011F067FF48B10E4B436102
:10CF8000154B836103230374002343748374C374B8
:10CF90000B4900234FF4C25228F0C8FD04EAE470A4
:10CFA00003B0BDEC048BBDE8F0834FF0FF30F7E732
:10CFB000809698000000603FB50407002E06070029
:10CFC0008480060044600020BE0C0020BD0C0020C0
:10CFD000BF0C0020C7BB00205A0607002DE9F04F08
:10CFE000DFF87CB2DFF87CA29BF800809AF8007032
:10CFF00085B04FF48073B6227E2104460020ADF840
:10D000000C3027F076F88146022026F065FE0021DC
:10D010000DF10B02084606F0DBFF0646C82026F09D
:10D0200059FE00227C21104627F063F800904FF44F
:10D03000E17026F04FFEFFF737FE0546002840F06E
:10D04000FE808022772127F054F8009B46EA0906EB
:10D050001E4304227D210643284627F04AF8064352
:10D06000022026F039FE04226921284627F041F8E3
:10D07000012206432F21284627F03BF802230643CE
:10D0800003AA3221284606F05FFF022206437E21D2
:10D09000284627F02EF80643C82026F01DFE0DF185
:10D0A0000A026921002006F093FF9DF80A30042B44
:10D0B00046EA0006F0D000222F21104627F019F88A
:10D0C0000DF10A0205463821002006F081FF0543D4
:10D0D00035439DF80A60002E4ED0082011F0B4FEB2
:10D0E00040B1584BC0E90536032303740023437451
:10D0F0008374C374002354494FF4C65228F016FDBC
:10D100009DF80A30032B11D1062011F09DFE38B195
:10D110004E4B436102230374002343748374C3742E
:10D12000494900234FF4865228F000FD0023237064
:10D13000B6227E21002026F0DCFF0543022026F0E7
:10D14000CBFD002108460DF10B0206F041FF05431F
:10D15000C82026F0BFFD9FED3E1A00210846F0EEE4
:10D16000410AB0EE410AFFF781FEB8F1000F28D165
:10D170007FBB08233A463AE00323621C78213046FD
:10D1800006F0CAFE6278A37894F8039001920543F2
:10D190000A20009311F058FE58B1009B2D49019AC6
:10D1A0004161C0E9073905238261037446748674BE
:10D1B000C674002324494FF4235228F0B7FC0123FE
:10D1C000B5E748F0A0024021002026F092FF054379
:10D1D0009FB347F0E0024221002026F08AFFB8F119
:10D1E000000F45EA00050CBF08230C2302221A4356
:10D1F0007D21002026F07DFF28438BF800808AF8EF
:10D20000007013D0082011F01FFE48B1124B43618B
:10D21000124B836103230374002343748374C37428
:10D22000094900234FF4C25228F080FC2078B0FA5C
:10D2300080F0400905B0BDE8F08F0C239AE74FF06D
:10D24000FF30F7E763050700848006007C050700D0
:10D250000000000097050700B5040700B4050700AB
:10D26000BE0C0020BD0C00204FF083430360014B37
:10D270000B6070470000FA4408B5062011F0E4FD89
:10D2800038B1084B43610223037400234374837451
:10D29000C374054900234FF4845228F047FC002052
:10D2A00008BD00BF8C2607009C8006002DE9F041D8
:10D2B000054688461746014640F2052200201E46D4
:10D2C00006F084FD00281CDB6C782B78240204F423
:10D2D0007C541C43631EB3F5007F16D3082011F065
:10D2E000B3FD40B10D4BC0E90534032303740023A3
:10D2F00043748374C3740A4900234FF4C45228F062
:10D3000015FC4FF0FF30BDE8F0812B1DC8F8003050
:10D310003C606B789B0933700020F4E7A02607007F
:10D320009C80060002460B46014820F00FB900BF62
:10D33000B40D0020014820F0D9B900BFB40D002081
:10D3400010B54FF0FF3104464FF0FF30FFF7EAFF12
:10D35000044B03CB206061601868A060BDE81040FA
:10D36000FFF7E8BFC827002010B54FF0FF31044693
:10D370004FF0FF30FFF7D6FF044B03CB2060616016
:10D380001868A060BDE81040FFF7D4BFD427002084
:10D3900008B54FF0FF302DED028B4FF0FF31FFF756
:10D3A000C1FF054B93ED108AFFF7C4FFB0EE480AAA
:10D3B000BDEC028B08BD00BFA02700202DE9F04F77
:10D3C0002DED068BDFF8A092DFF8A0820E46ADF5BA
:10D3D000097D07464FF0FF314FF0FF300025FFF782
:10D3E000A1FF1423B6FBF3F6AE4221D90DF10F03D2
:10D3F00005AA04A906A8FFF759FF002821DA904BD7
:10D400001C680134032C1C6012DC082011F01CFD88
:10D4100040B18C4BC0E905340323037400234374EB
:10D420008374C374884900234FF4C45228F07EFBF0
:10D43000FFF780FF28460DF5097DBDEC068BBDE8A2
:10D44000F08F9DF80F40032C1FD0804A13680133E2
:10D45000032B1360C8DCDDE9043B0A2093F800A02D
:10D4600011F0F2FC50B17A4BC0E907BAC0E90534BB
:10D4700005230374002343748374C37400234FF49F
:10D480002352714928F052FBAEE7049A1478072C16
:10D4900013D1704B93F84510A1B10599062911D904
:10D4A000B2F905209FED6C7A07EE902AF8EEE77A44
:10D4B00067EE877AC3ED107A96E7052C02D1059BBB
:10D4C000172B1BD8D9F800300133032BC9F80030D3
:10D4D0008ADC0820DDF814A011F0B6FC50B15F4BD7
:10D4E000C0F81CA0C0E9053404230374002343746E
:10D4F0008374C37400234FF40252C2E702F10800A0
:10D5000026F023FC02F10C00B0EE409A26F01DFC40
:10D5100002F11000F0EE408A26F017FC02F1140030
:10D52000B0EE408A26F011FCD2F804A040F6C413F5
:10D53000BAF1000F08BF9A4607EE90AAB8EE67AAA4
:10D54000DFED477AD8F800302AEE27AAF0EE409AAD
:10D55000B4EE67AAF1EE10FAF7EE007A48BFB0EE2B
:10D5600067AA042B4CDC29EE090A09EEA90A0193EB
:10D5700008EEA80A08EE080A23F038FB162010EE81
:10D5800010BA11F061FC044670B3019B354A836107
:10D59000426119EE900AEAF7AFF8C4E9080119EE02
:10D5A000100AEAF7A9F8C4E90A0118EE900AEAF7A6
:10D5B000A3F8C4E90C0118EE100AEAF79DF8C4E9D3
:10D5C0000E015846EAF798F8C4E910011AEE100A5D
:10D5D000EAF792F81123C4E9120123740023C4F876
:10D5E00050A06374A374E3740023174948F6C00283
:10D5F000204628F09BFAD8F800300133C8F80030F4
:10D6000014226A4319EE901ABB18B95019EE102A69
:10D610005A6018EE902A9A6018EE102ADA601AEE14
:10D62000102A1A610B4B01350122ADB2C3ED039AEA
:10D6300083ED049AC3ED058A83ED068A1A77D3E653
:10D6400054600020BB2607009C800600506000202C
:10D65000CE260700A02700200AD7233CEA26070091
:10D660006F12833A062707004C60002048600020B4
:10D67000F8B506462DED048B0F464FF0FF304FF006
:10D68000FF3115461C46FFF74DFE142303FB06F041
:10D690003B183A581E6909EE902A5A6809EE102A7A
:10D6A0009A68DB6829EE090A09EEA90A08EE902AB1
:10D6B00008EEA80A08EE103A08EE080A23F096FAD7
:10D6C0009FED574AB4EEC40AF1EE10FA05D5FFF704
:10D6D00031FE0120BDEC048BF8BDF7EE007AC7EEF9
:10D6E000805A002329EEA57A68EEA57A69EE256AAC
:10D6F00028EE256A67EE275A56EE865A17EE107AFC
:10D7000075EEA55A16EE900AC5ED005A67EE265A38
:10D7100047EE865A17EE901A75EEA55A16EE102AA5
:10D72000C5ED015A66EEA65A57EE075A47EEE75A7C
:10D7300046EE065AC5ED025A23606360A360394B7A
:10D7400093F81CC0BCF1000F53D093ED042AD3ED25
:10D75000032A93ED053AD3ED063A27EE025A16EE68
:10D76000A25A66EE824A47EE224A06EE435A66EE17
:10D77000025A47EE834A07EEA35A47EEA25A67EED3
:10D78000827A56EE227A47EE435A46EE837A46EE86
:10D79000E35A47EE637A06EE906A9FED237A26EE0F
:10D7A000877A46EE234AB4EE447AF1EE10FA48BF87
:10D7B000B0EE447AB0EE006AC6EE076AF5EEC04AF3
:10D7C000F1EE10FA48BFF1EE666A9FED186A26EE98
:10D7D000857A27EE067A84ED007A26EEA57A66EE43
:10D7E000A76A27EE067A66EE866A84ED017AC4EDB2
:10D7F000026AC3E90512C3E9037001221A77286897
:10D8000069680B4A03C2A86842F8040B2068616883
:10D8100003C2A0681060FFF78DFD00205AE700BF2B
:10D82000BD378635A02700206F12833AE12E65426E
:10D83000C82700202DE9F74FDDF830A007468846BD
:10D8400091461C4626F089FA4FEAEA7B05460E46C9
:10D8500026F083FA401B61EB0601504571EB0B018A
:10D8600017DB082011F0F0FA40B1124BC0E9053483
:10D8700003230374002343748374C3740E49002389
:10D880004FF4C45228F052F94FF0FF3003B0BDE816
:10D89000F08F0DF107034A4641463846FFF706FD73
:10D8A00018B99DF80730A342F0D0052026F07BFA86
:10D8B000CEE700BF412707009C80060070B5114DE0
:10D8C0002B78ADF5027D5E1C144680012E708DF81C
:10D8D00001000025261D01A88DF800208DF80230DA
:10D8E0008DF8035029F01CFC3146684626F017FAE3
:10D8F000621D0DF806006946284606F025FA0DF56A
:10D90000027D70BDC8BB002030B5ADF50D7D0C4665
:10D9100005460F2200210DF1160029F00FFCFD2312
:10D920008DF81430230A8DF819408DF81A30112221
:10D93000230C05A9240E02208DF81C408DF81550EB
:10D940008DF81B30FFF7BAFF041E18DA082011F01B
:10D950007BFA50B11D4B43611D4BC0E906350423D2
:10D960000374002343748374C3741A4900234FF46F
:10D97000015228F0DBF820460DF50D7D30BD322335
:10D98000009304AA022303A90AA8FFF753FF40B992
:10D99000049B012B05D9039B1B78FC2B01D1002490
:10D9A000E9E7082011F050FA40B10B4BC0E905350A
:10D9B00003230374002343748374C3740549002351
:10D9C0004FF4C45228F0B2F8E9E700BF652707001A
:10D9D0004F2A07009C8006008527070038B5164DA2
:10D9E0004FF0FF304FF0FF31FFF79CFC95F84430CB
:10D9F000F3B100210520FFF787FF95F845301BB1F3
:10DA000000210720FFF780FF0024062085F844400E
:10DA100011F01AFA30B1094B4361022303744474C4
:10DA20008474C474064900234FF4865228F07EF8AB
:10DA3000BDE83840FFF77EBCA0270020AB270700D9
:10DA40009C800600F8B507462DED028B0E46F0EEE1
:10DA5000408AB0EE608A4FF0FF304FF0FF31FFF7A1
:10DA600061FCF4EE488AF1EE10FA48BFB0EE688A25
:10DA7000F7EE008A88EE887AB4EEE87AF1EE10FAD2
:10DA800051D4DFED2A7AB4EE677AF1EE10FAC8BF0E
:10DA9000B0EE677ADFED266AC6EE877A40F6C413E9
:10DAA0000520FCEEE77A17EE904A9C4238BF1C46F0
:10DAB0002146FFF729FF054678BB07EE904A9FED08
:10DAC0001D7A1D4BF8EE677A082067EE877AC3ED62
:10DAD000027AC3ED007AC3ED017AC7ED007A93EDC7
:10DAE000028A86ED008A11F0AFF9044670B1C8EEE3
:10DAF000887A124B436117EE900AE9F7FDFDC4E9FD
:10DB00000601042323746574A574E5740C4900238D
:10DB10004FF40352204628F009F8FFF70BFCBDEC48
:10DB2000028B2846F8BDB0EE687AB3E70000C84320
:10DB300000247449BD378635A0270020BB27070085
:10DB40009C80060008B5062011F07EF938B1084B1C
:10DB5000436102230374002343748374C37405492F
:10DB600000234FF4845227F0E1FF4FF0FF3008BD4F
:10DB7000D22707009C80060030B5ADF5097DF9235A
:10DB800004460D46022203A90020ADF80C30FFF731
:10DB900095FE002822DBC823009305AA002304A9D0
:10DBA00006A8FFF747FE002818DB059B032B03D9C7
:10DBB000049B1A78F82A16D0062011F045F938B1DE
:10DBC000194B436102230374002343748374C374A9
:10DBD000164900234FF4845227F0A8FF4FF0FF307E
:10DBE0000DF5097D30BD5A7822709B782B70247812
:10DBF000082044EA032411F027F940B10C4BC0E996
:10DC0000053403230374002343748374C3740749E6
:10DC100000234FF4C652853C27F088FF012C8CBFAF
:10DC20006FF001000020DBE7002807009C80060061
:10DC30001F2807002DE9F0432DED048B0646ADF5B6
:10DC4000097D4FF0FF300D464FF0FF31F0EE608A56
:10DC5000B0EE418AFFF766FB0A2011F0F5F80446A2
:10DC600098B1B04B436118EE900AE9F745FDC4E95D
:10DC7000060118EE100AE9F73FFD0623C4E9080182
:10DC8000237400236374A374E3742046A64900231D
:10DC90004FF4435227F04AFF00274FF0FF344FF074
:10DCA0000108012203A910468DF80C80FFF706FE3B
:10DCB000B0F1000923DA082011F0C6F850B19B4BEF
:10DCC00043619B4BC0E9063904230374002343746A
:10DCD0008374C37400234FF40152934927F026FF45
:10DCE00017B9FFF72FFF40B1FFF724FB20460DF5D2
:10DCF000097DBDEC048BBDE8F0830127D1E7062048
:10DD000011F0A2F838B18B4B436102230374002356
:10DD100043748374C374844900234FF4865227F0FC
:10DD200005FF4FF4967026F03EF84FF448730093C9
:10DD300005AA002304A906A8FFF77CFD041E11DA3A
:10DD4000082011F081F848B17B4B4361784B836127
:10DD500003230374002343748374C37400234FF4B8
:10DD6000C252BAE70DF10F010DF10E00FFF704FFEB
:10DD7000041E14DA082011F067F848B16F4B4361B4
:10DD80006B4B836103230374002343748374C37454
:10DD9000654900234FF4C25227F0C8FEA4E7F4EE11
:10DDA000488AF1EE10FA48BFB0EE688AF7EE008AB2
:10DDB00088EE887AB4EEE87AF1EE10FA22D4DFED3C
:10DDC000607AB4EE677AF1EE10FAC8BFB0EE677A07
:10DDD0009FED5C9AC9EE077A40F6C4130520FCEE6D
:10DDE000E77A17EE907A9F4238BF1F463946FFF711
:10DDF0008BFD041E09DA082011F026F80028C7D090
:10DE0000514BBCE7B0EE687AE2E75049504C07202E
:10DE1000FFF77AFD804600286ED10123062084F8A2
:10DE2000453011F011F848B14A4B436102230374A5
:10DE300080F8118080F8128080F8138000234FF45E
:10DE40008652394927F072FE4FF49673009305AA63
:10DE5000032304A906A8FFF7EDFC002811DA062029
:10DE600010F0F2FF38B13C4B4361022303740023EE
:10DE700043748374C3742C4900234FF4845227F0F5
:10DE800055FE07EE907AF8EE677A082089EE278A29
:10DE9000C8EE887AC4ED027AC4ED007AC4ED017A46
:10DEA000C6ED007AA3682B60012384F844302B4B25
:10DEB00023642B4B0025A5622577C3E901556563D3
:10DEC000C3E9045510F0C0FF044660B1254B43611F
:10DED00018EE100AE9F710FCC4E9060104232374C4
:10DEE0006574A574E57420460F4900234FF403526E
:10DEF00027F01CFE0024F7E64FF00008062084F807
:10DF0000458010F0A1FF48B1174B43610223037411
:10DF100080F8118080F8128080F8138000234FF47D
:10DF200084528EE7322807009C800600592807009B
:10DF3000612A07007328070095280700BB280700FF
:10DF40000000C84300247449DE28070040420F0047
:10DF5000A0270020F7280700332907000000C84148
:10DF6000C82700204C290700122907002DE9F04F8F
:10DF7000ADF23C4D00AF0368B0F80490FB61C7E917
:10DF8000022102230646CA463B61A54B7B61002362
:10DF9000BB61AAF108039BB27B607B6913F8015B4C
:10DFA0007B617B686F2B01D8554553D1082010F059
:10DFB0004BFF40B19B4BC0E905350323037400239D
:10DFC00043748374C374984900234FF4C65227F0F6
:10DFD000ADFDFB693B62BD8425F0BFFE10F5966880
:10DFE00041F1000B25F0B9FE404571EB0B0146DB1A
:10DFF00007F128044FF00208F92306212046BB85CB
:10E00000C7F8288025F08BFE072387F82E00C7F875
:10E010003042C7F8343287F83882FB69F8699A6869
:10E0200097F8383243EA080387F8383294682B4669
:10E03000012207F50C71A04760B925F08EFE10F59E
:10E04000C87441F1000825F088FEA04271EB080178
:10E05000C0F2BD80BB697BB13B69012B07D00123B6
:10E060003B61A9F108036F2B4FF0000A8DD9A6F888
:10E0700004904FF0FF308AE00123BB618DE707F584
:10E080000C7107F1200025F076FE002803DA32201B
:10E0900025F089FEA6E797F8313297F830221C0266
:10E0A00004F47C541443221FB2F5FE7F01D90A20E8
:10E0B000EEE7642C97F834826ED90A2010F0C4FE83
:10E0C00050B15A4BC0E90748C0E905350523037430
:10E0D000002343748374C374534900234FF42352C1
:10E0E00027F024FDE84688B06A46514B5361514BF6
:10E0F00093614FF4007393834F4B42F8103F07F541
:10E100000D794B464D49484811F07EF897F8352275
:10E1100097F834C2931C9C42C5462ED30020BCF114
:10E12000F80F27D1012A25D907F2372313F80080E9
:10E1300007F236231C5C082010F086FE58B144EA32
:10E140000824C0E906453E4B4361042303740023C1
:10E1500043748374C37400234FF4035233E019F8FB
:10E16000022019F803C0911C19448C42184604D3AC
:10E170000B46D4E75A1C9442F1D8FA68B5800023C4
:10E180001370BB6813B1304605F0B2FD142007F2DE
:10E190003C47BD46BDE8F08F0A20FB6110F054FEFD
:10E1A00070B1FB69274AC0F824809B09C0E9073495
:10E1B000C0E9052506230374002343748374C374E4
:10E1C00000234FF44352184927F0B0FCD5E707F578
:10E1D0000C7107F1200025F0CEFD002803DA142091
:10E1E00025F0E1FD2FE797F831B297F830324FEA8A
:10E1F0000B2B0BF47C5B4BEA030BABF10403B3F585
:10E20000FE7F0AD8082010F01FFE0028A3D00E4B76
:10E21000C0F81CB0C0E9053597E70A20E0E700BF69
:10E220004D2A07006D2907009C80060084290700FD
:10E23000D59F0600BC29070003000001C01C000395
:10E24000CA290700F92907002D2A07004FF0834348
:10E250000360014B0B6070470000FA4408B50620CC
:10E2600010F0F2FD38B1084B436102230374002320
:10E2700043748374C374054900234FF4845227F018
:10E2800055FC002008BD00BF8C260700A4800600B6
:10E2900070B5104D2B78C2B05E1C14462E708DF8F0
:10E2A00002000025261D01A88DF800208DF80330FE
:10E2B0008DF8015028F034FF3146684625F083FD83
:10E2C000621D0DF806006946284605F03DFD42B086
:10E2D00070BD00BFC9BB00202DE9F84F0546884638
:10E2E00017460146042200201E4605F06FFD002857
:10E2F0001BDB6C782B78240204F47C541C43B4F5AB
:10E30000807F16D9082010F09FFD40B1224BC0E954
:10E31000053403230374002343748374C3741F49B7
:10E3200000234FF4C45227F001FC4FF0FF30BDE84A
:10E33000F88F05F1040A621C5146002005F046FDE5
:10E340000028F2DB04F1040B5946284625F03BFD7A
:10E3500015F80BB05845814617D0082010F074FD11
:10E3600050B10F4BC0F81CB0C0E905390423037449
:10E37000002343748374C374084900234FF402528A
:10E3800027F0D4FB6FF00100D1E7C8F800A03C6093
:10E39000AB7833700020CAE7742A0700A480060017
:10E3A0008A2A070002460B4601481FF0CFB800BF7B
:10E3B000C80D002001481FF099B900BFC80D00200A
:10E3C0002DE9F0410D46C6B006464FF0FF314FF043
:10E3D000FF300024FFF7E6FF1423B5FBF3F5AC4252
:10E3E00005D3FFF7E7FF204646B0BDE8F0810DF109
:10E3F000070303AA02A904A8FFF76EFF0028F0DBB9
:10E400009DF80730032BEAD1039B042BE7D9029A2E
:10E410001378072B0DD12B4B93F845100029DED034
:10E42000B2F9012007EE902AFAEEEF7AC3ED107AE6
:10E43000D5E7052BD3D1501C25F0DBFC501D10EE89
:10E44000108A25F0D6FC02F1090010EE107A25F0B2
:10E45000D0FC02F10D0010EE101A25F0CAFCD378A2
:10E460009FED197A642213FB02F340F6C412002BCD
:10E4700008BF134607EE903AF8EEE77A142267EEEB
:10E48000877A6243F4EE477A10EE100AF1EE10FA42
:10E49000B7EE007A48BFF0EE477AB050B31817EEE7
:10E4A000902AD9601A61C3F804809F60054B01343B
:10E4B0000122A4B283ED030AC3F810805F61996161
:10E4C0001A778CE7E82700206F12833A10B54FF0D7
:10E4D000FF3104464FF0FF30FFF764FF044B03CBDE
:10E4E000206061601868A060BDE81040FFF762BF5F
:10E4F0001028002010B54FF0FF3104464FF0FF30D8
:10E50000FFF750FF044B03CB206061601868A060E8
:10E51000BDE81040FFF74EBF1C28002008B54FF0A3
:10E52000FF302DED028B4FF0FF31FFF73BFF054B26
:10E5300093ED108AFFF73EFFB0EE480ABDEC028B68
:10E5400008BD00BFE8270020F8B506462DED048B76
:10E550000F464FF0FF304FF0FF3115461C46FFF7D6
:10E5600021FF142303FB06F03B183A581E6909EEFD
:10E57000902A5A6809EE102A9A68DB6829EE090A7F
:10E5800009EEA90A08EE902A08EEA80A08EE103A49
:10E5900008EE080A22F02AFB9FED574AB4EEC40A9F
:10E5A000F1EE10FA05D5FFF705FF0120BDEC048B55
:10E5B000F8BDF7EE007AC7EE805A002329EEA57A5F
:10E5C00068EEA57A69EE256A28EE256A67EE275A75
:10E5D00056EE865A17EE107A75EEA55A16EE900A88
:10E5E000C5ED005A67EE265A47EE865A17EE901A86
:10E5F00075EEA55A16EE102AC5ED015A66EEA65A1A
:10E6000057EE075A47EEE75A46EE065AC5ED025A4C
:10E6100023606360A360394B93F81CC0BCF1000F0A
:10E6200053D093ED042AD3ED032A93ED053AD3EDAD
:10E63000063A27EE025A16EEA25A66EE824A47EED4
:10E64000224A06EE435A66EE025A47EE834A07EE26
:10E65000A35A47EEA25A67EE827A56EE227A47EE26
:10E66000435A46EE837A46EEE35A47EE637A06EE65
:10E67000906A9FED237A26EE877A46EE234AB4EE1F
:10E68000447AF1EE10FA48BFB0EE447AB0EE006A78
:10E69000C6EE076AF5EEC04AF1EE10FA48BFF1EE99
:10E6A000666A9FED186A26EE857A27EE067A84ED73
:10E6B000007A26EEA57A66EEA76A27EE067A66EE5F
:10E6C000866A84ED017AC4ED026AC3E90512C3E9E2
:10E6D000037001221A77286869680B4A03C2A86888
:10E6E00042F8040B2068616803C2A0681060FFF75D
:10E6F00061FE00205AE700BFBD378635E8270020BD
:10E700006F12833AE12E6542102800202DE9F74F61
:10E71000DDF830A00746884691461C4625F071FB7F
:10E720004FEAEA7B05460E4625F06BFB401B61EB8A
:10E730000601504571EB0B0117DB082010F084FB3C
:10E7400040B1124BC0E90534032303740023437422
:10E750008374C3740E4900234FF4C45227F0E6F9C2
:10E760004FF0FF3003B0BDE8F08F0DF107034A46CC
:10E7700041463846FFF7B0FD18B99DF80730A3426F
:10E78000F0D0052025F04BFBCEE700BF4127070066
:10E79000A480060030B5CDB00C4605460F220021FE
:10E7A0000DF1160028F0CAFCFD238DF81430230A61
:10E7B0008DF819408DF81A301122230C05A9240E6A
:10E7C00002208DF81C408DF815508DF81B30FFF796
:10E7D0005FFD041E17DA082010F036FB50B11D4B08
:10E7E00043611D4BC0E906350423037400234374C1
:10E7F0008374C374194900234FF4015227F096F92A
:10E8000020464DB030BD3223009304AA022303A951
:10E810000AA8FFF77BFF40B9049B012B05D9039B96
:10E820001B78FC2B01D10024EAE7082010F00CFB38
:10E8300040B10B4BC0E90535032303740023437437
:10E840008374C374054900234FF4C45227F06EF952
:10E85000E9E700BF652707002E2B0700A48006000C
:10E860008527070038B5164D4FF0FF304FF0FF31C8
:10E87000FFF798FD95F84430F3B100210520FFF72C
:10E8800089FF95F845301BB100210720FFF782FF73
:10E890000024062085F8444010F0D6FA30B1094B28
:10E8A00043610223037444748474C47406490023CE
:10E8B0004FF4865227F03AF9BDE83840FFF77ABDA9
:10E8C000E8270020B02A0700A4800600F8B5074614
:10E8D0002DED028B0E46F0EE408AB0EE608A4FF0CE
:10E8E000FF304FF0FF31FFF75DFDF4EE488AF1EEA7
:10E8F00010FA48BFB0EE688AF7EE008A88EE887A90
:10E90000B4EEE87AF1EE10FA51D4DFED2A7AB4EEE3
:10E91000677AF1EE10FAC8BFB0EE677ADFED266ACB
:10E92000C6EE877A40F6C4130520FCEEE77A17EEB0
:10E93000904A9C4238BF1C462146FFF72BFF0546F4
:10E9400078BB07EE904A9FED1D7A1D4BF8EE677A73
:10E95000082067EE877AC3ED027AC3ED007AC3ED33
:10E96000017AC7ED007A93ED028A86ED008A10F0F5
:10E970006BFA044670B1C8EE887A124B436117EE09
:10E98000900AE8F7B9FEC4E906010423237465740C
:10E99000A574E5740C4900234FF40352204627F078
:10E9A000C5F8FFF707FDBDEC028B2846F8BDB0EEB9
:10E9B000687AB3E70000C84300247449BD37863540
:10E9C000E8270020BB270700A480060030B5C9B0A7
:10E9D000F92304460D46022203A90020ADF80C30AD
:10E9E000FFF756FC002822DBC823009305AA00236A
:10E9F00004A906A8FFF78AFE002818DB059B032B55
:10EA000003D9049B1A78F82A15D0062010F01CFAB6
:10EA100038B1194B43610223037400234374837498
:10EA2000C374164900234FF4845227F07FF84FF047
:10EA3000FF3049B030BD5A7822709B782B70247813
:10EA4000082044EA032410F0FFF940B10C4BC0E960
:10EA5000053403230374002343748374C374074988
:10EA600000234FF4C652853C27F060F8012C8CBF80
:10EA70006FF001000020DCE700280700A4800600FA
:10EA80001F2807002DE9F0412DED048B0646CAB082
:10EA90004FF0FF300D464FF0FF31F0EE608AB0EEE0
:10EAA000418AFFF77FFC0A2010F0CEF9044698B1A6
:10EAB000924B436118EE900AE8F71EFEC4E9060186
:10EAC00018EE100AE8F718FE0623C4E908012374BB
:10EAD00000236374A374E3740023204688494FF431
:10EAE000435227F023F8042207A9002005F06EF90D
:10EAF000322025F094F9022204A90120ADF810007B
:10EB0000FFF7C6FBC82025F08AF94FF4167300936F
:10EB100006AA002305A908A8FFF7F8FD041E1BDAC2
:10EB2000082010F091F948B1764B4361764B836130
:10EB300003230374002343748374C3747049002354
:10EB40004FF4C25226F0F2FFFFF734FC20464AB0E1
:10EB5000BDEC048BBDE8F0810DF10F010DF10E004D
:10EB6000FFF734FF041E06DA082010F06DF90028C4
:10EB7000E4D0664BD9E7F4EE488AF1EE10FA48BFCC
:10EB8000B0EE688AF7EE008A88EE887AB4EEE87A0A
:10EB9000F1EE10FA22D4DFED5E7AB4EE677AF1EE90
:10EBA00010FAC8BFB0EE677A9FED5A9AC9EE077A9D
:10EBB00040F6C4130520FCEEE77A17EE907A9F42E8
:10EBC00038BF1F463946FFF7E5FD041E09DA082065
:10EBD00010F03AF90028B1D04F4BA6E7B0EE687AB2
:10EBE000E2E74E494E4C0720FFF7D4FD804600284F
:10EBF0006ED10123062084F8453010F025F948B184
:10EC0000484B43610223037480F8118080F812801E
:10EC100080F8138000234FF48652394926F086FF8E
:10EC20004FF49673009306AA032305A908A8FFF7DB
:10EC30006DFD002811DA062010F006F938B13A4BC4
:10EC4000436102230374002343748374C3742C4907
:10EC500000234FF4845226F069FF07EE907AF8EE15
:10EC6000677A082089EE278AC8EE887AC4ED027A8E
:10EC7000C4ED007AC4ED017AC6ED007AA3682B607A
:10EC8000012384F84430294B2364294B0025A562D5
:10EC90002577C3E901556563C3E9045510F0D4F83D
:10ECA000044660B1234B436118EE100AE8F724FDD7
:10ECB000C4E90601042323746574A574E574204631
:10ECC0000F4900234FF4035226F030FF00243BE7A6
:10ECD0004FF00008062084F8458010F0B5F848B1E0
:10ECE000154B43610223037480F8118080F8128071
:10ECF00080F8138000234FF484528EE7C42A070063
:10ED0000A4800600EF2A0700442B0700BB28070059
:10ED10000000C84300247449DE28070040420F0069
:10ED2000E8270020F7280700332907000000C84122
:10ED300010280020092B0700122907004FF08443F8
:10ED40000360014B0B60704700007A4513B5062342
:10ED500004466A461F21002005F0DEF898B108201D
:10ED600010F072F848B1144B4361144B83610323D4
:10ED70000374002343748374C374114900234FF454
:10ED8000C25226F0D3FE9FED0F7A6A46204604F168
:10ED90000C011478537843EA04231BB207EE903A2F
:10EDA000F8EEE77A023267EE877AE0EC017A814288
:10EDB000EFD102B010BD00BFB50407000E2C070054
:10EDC000AC8006000000003A13B5062304466A46EC
:10EDD0002521002005F0A0F898B1082010F034F8A3
:10EDE00048B1144B4361144B836103230374002324
:10EDF00043748374C374114900234FF4C25226F044
:10EE000095FE9FED0F7A6A46204604F10C011478B6
:10EE1000537843EA04231BB207EE903AF8EEE77A00
:10EE2000023267EE877AE0EC017A8142EFD102B0DC
:10EE300010BD00BFB5040700FB2B0700AC80060027
:10EE400000007A3D07B5022301AA1D21002005F02C
:10EE500063F898B108200FF0F7FF48B1104B4361F9
:10EE6000104B836103230374002343748374C374BE
:10EE70000D4900234FF4C25226F058FEBDF804306D
:10EE80009FED0A7ADBBA07EE903AF8EEE77A87EE62
:10EE9000870AF3EE097A30EE270A03B05DF804FB27
:10EEA000B5040700E82B0700AC800600E17A0443B4
:10EEB0002DE9F04F132987B080460E464FF000052C
:10EEC00056D9DFF8F4B0DFF8F4A0A946022305AA6A
:10EED0002E21002005F020F8BDF81420039053BA2D
:10EEE0009BB2002A44D007EE903A9BED007AF8EEF0
:10EEF000E77A142747EE877AB6FBF7F7FCEEE77A56
:10EF000017EE903A9CB2BC4236D804EB84039B00C7
:10EF10009BB21422009230214246002005F098F85E
:10EF2000039B034359EA030913D008200FF08CFF19
:10EF300048B11E4B43611E4B8361032303740023BE
:10EF400043748374C37400234FF4C252514626F0B5
:10EF5000EDFD142303FB0488C4EB0433C4EB8303EB
:10EF600006EB830325449EB2ADB20CB1132EADD88F
:10EF7000284607B0BDE8F08F08200FF065FF48B1C4
:10EF80000C4B43610323E41B03740023846143742B
:10EF90008374C37400234FF4C452514626F0C6FD57
:10EFA00007EB87039B009BB23C46B2E7B504070022
:10EFB000222C0700CD04070058600020AC8006001A
:10EFC0002DE9F04300EB80008400A4B21E460B5DE7
:10EFD0007E2B87B00D46174603D9012007B0BDE848
:10EFE000F08304F1010888444FF000093D490622EE
:10EFF0004046CDE90099CDE90299CDE9049928F080
:10F000007FF8F8B104F1110142462944684653786B
:10F0100011F801CB92F800E01B044FEA0C2C43EAF4
:10F020000E630CF4704C43EA0C0307EE903A09F1BE
:10F030000109F8EEE77AB9F1030FE0EC017A02F189
:10F040000202E4D1E01D05EB0009264906224846EC
:10F0500028F056F800283DD011342544484603AC2A
:10F060000022417815F8013B90F800C009041B0309
:10F0700041EA0C619BB2194307EE901A0132F8EE97
:10F08000E77A032AE4EC017A00F10200E9D1DFED2E
:10F09000166A9FED167A694603AA0323D1ED007A1A
:10F0A00067EEA67A013BE1EC017AD2ED007A67EED9
:10F0B000877AE2EC017AF1D16C4603CC03AA38607E
:10F0C00020687960B86003CA30601068B060716011
:10F0D000184683E703490622404628F011F8002825
:10F0E000D5D17AE7692C0700000080320000FA359C
:10F0F00010B508200FF0A8FE48B1094B4361094B39
:10F10000836103230374002343748374C374BDE8D1
:10F110001040054900234FF4C25226F007BD00BF3E
:10F12000B5040700492C0700AC800600084A08B562
:10F13000FF231370074A112113700020012224F0CD
:10F14000D8FF18B1BDE80840FFF7D2BF08BD00BF27
:10F15000C10C0020C00C002010B508200FF074FE78
:10F1600048B1094B4361094B8361032303740023B6
:10F1700043748374C374BDE81040054900234FF401
:10F18000C25226F0D3BC00BFB5040700D42B070041
:10F19000AC8006002DE9F0472DED048B894BB5EED0
:10F1A000C00AF1EE10FAD3ED009AB0EE608A07467D
:10F1B0000E4637D9DFED847AB4EE670AF1EE10FA25
:10F1C00030D0B7EE007AC7EE007A804901230846B6
:10F1D000FDEEE77AF8EEE77A87EEA97AFDEEC77AD8
:10F1E00017EE902A31F8024FA24207DC01330C2BB4
:10F1F000F8D1002A02DC4FF0000811E0013B744A0C
:10F2000030F8130012F80380E8F764FA02460B4660
:10F2100000207049E8F7F2FBE8F7BEFD00EE100AA7
:10F22000032504E09FED6C0A4FF000080125B5EEC0
:10F23000C08AF1EE10FA80EE299A36D9DFED627AB3
:10F24000B4EE678AF1EE10FA00F09B80B7EE007A18
:10F25000C7EE087A5D4901230846FDEEE77AF8EE2D
:10F26000E77A87EEA97AFDEEC77A17EE902A31F891
:10F27000024F944206DB01330C2BF8D1002A01DC4B
:10F28000002410E0013B524A30F81300D45CE8F748
:10F2900021FA02460B4600204E49E8F7AFFBE8F79B
:10F2A0007BFD08EE100A032203E0002422469FEDB6
:10F2B0004A8ADFF83CA1DFF83C919AF800304345D8
:10F2C000C8EE298A03D199F80010A14277D0FF2B0C
:10F2D00014D099F80010FF2910D0003B18BF01236B
:10F2E000B8F1000018BF0120834207D1003918BFD0
:10F2F0000121231E18BF0123994245D045EA82020D
:10F300004E21002024F0F5FE0546FA2027F09BFD53
:10F310004246502100208AF8008089F8004024F0FD
:10F32000E8FE224605434F21002024F0E2FE05437B
:10F3300013D008200FF088FD48B1284B4361284BBB
:10F34000836103230374002343748374C3742549C6
:10F3500000234FF4C25226F0E9FBB5EE409AF1EEDD
:10F3600010FA87ED009AF5EE408AC6ED008A0DD1BD
:10F37000F1EE10FA13D01C4B93ED007AC7EE287A09
:10F3800015E00024012292E70025C1E7F1EE10FA12
:10F3900005D1154B93ED007AC7EE097A07E0B4EE7C
:10F3A000E89AF1EE10FAF4D4E5DCDFED0B7A0F4BBE
:10F3B0000020C3ED007ABDEC048BBDE8F08701208E
:10F3C000F9E700BFE80600200000807F4C9A0600A5
:10F3D000782C07000000F03F00000000B504070093
:10F3E000352C0700AC800600E406002058600020A1
:10F3F000C10C0020C00C002013B52D210DF1070217
:10F40000002004F0E5FD002204466521104624F0AA
:10F4100070FE472204435021002024F06AFE02229D
:10F4200004434E21002024F064FE00224D210443B9
:10F43000104624F05EFE0443012024F01AFD04224D
:10F440007621002024F055FE082204434A210020A2
:10F4500024F04FFE082204434B21002024F049FEF3
:10F4600008224C210443002024F043FE04430120E1
:10F4700024F0FFFC00227621104624F03AFE0722F9
:10F4800066210443002024F034FE0443322024F09B
:10F49000F0FC01225721002024F02BFE044313D05E
:10F4A00008200FF0D1FC48B1094B4361094B83613F
:10F4B00003230374002343748374C3740649002335
:10F4C0004FF4C25226F032FB332002B010BD00BF11
:10F4D000B5040700C12B0700AC8006002DE9F043FE
:10F4E0002DED048B002283B005460E461046784968
:10F4F000B0EE408AF0EE608AB0EE419A04F002FC71
:10F500009FED747ADFED747A744B002808BFF0EE3B
:10F51000477AC3ED007A40231A464C21002004F0BC
:10F520006FFD0023044610226421184604F068FD94
:10F53000B5EEC08AF1EE10FA44EA000421DD9FED39
:10F54000687A684BC8EE077A012276210020C3ED65
:10F55000007A24F0CEFD042207467B21002024F00F
:10F56000C8FD002207437621104624F0C2FD274340
:10F57000042307431A464D21002004F041FD47EAC9
:10F580000004DFF87C81584FFF23F0EE490AB0EE0B
:10F59000680A3146284688F800303B70FFF7FAFDCC
:10F5A0000443012024F065FC13225F21002024F095
:10F5B000A0FD402204431621002024F09AFDB5EE60
:10F5C000C08AF1EE10FA44EA00044EDD0A2024F06D
:10F5D00050FC022301AA2E21002004F09DFCBDF85E
:10F5E0000490B9F1000F5CD106200FF02DFC48B15A
:10F5F0003E4B43610223037480F8119080F812900F
:10F6000080F813903A4900234FF4845226F08EFA82
:10F61000344B4FF07E521A6076210122002024F0F4
:10F6200068FD002281467B21104624F062FD002205
:10F6300049EA00097621104624F05BFD49EA0404FA
:10F640000023044304224D21184604F0D9FCFF2373
:10F65000044331462846F0EE490AB0EE680A88F8BD
:10F6600000303B70FFF796FD04439CB108200FF07B
:10F67000EBFB48B11F4B43611F4B836103230374B2
:10F68000002343748374C374194900234FF4C25296
:10F6900026F04CFA04EAE47003B0BDEC048BBDE83C
:10F6A000F08308200FF0D0FB58B1144B436199FA56
:10F6B00099F39BB28361032303740023437483741F
:10F6C000C3740B4900234FF4C65226F02FFACCE73F
:10F6D00000366E0117B7D138A69B443AE4060020E5
:10F6E0000000FA46E8060020C00C00205F2B07004F
:10F6F000AC800600B50407005B2C07009A2B0700BE
:10F70000C10C00204FF083430360014B0B60704736
:10F710000000FA4413B5062304466A461F21002060
:10F7200004F0FAFB98B108200FF08EFB48B1144B9F
:10F730004361144B83610323037400234374837474
:10F74000C374114900234FF4C25226F0EFF99FED24
:10F750000F7A6A46204604F10C011478537843EA84
:10F7600004231BB207EE903AF8EEE77A023267EE16
:10F77000877AE0EC017A8142EFD102B010BD00BF80
:10F78000B5040700BD2C0700B48006000000003A55
:10F7900013B5062304466A462521002004F0BCFB6D
:10F7A00098B108200FF050FB48B1144B4361144B43
:10F7B000836103230374002343748374C374114966
:10F7C00000234FF4C25226F0B1F99FED0F7A6A463A
:10F7D000204604F10C011478537843EA04231BB249
:10F7E00007EE903AF8EEE77A023267EE877AE0ECBD
:10F7F000017A8142EFD102B010BD00BFB50407000D
:10F80000AF2C0700B480060000007A3D07B5022344
:10F8100001AA1D21002004F07FFB98B108200FF001
:10F8200013FB48B1104B4361104B836103230374F6
:10F83000002343748374C3740D4900234FF4C252F0
:10F8400026F074F9BDF804309FED0A7ADBBA07EEB2
:10F85000903AF8EEE77A87EE870AF3EE097A30EE0F
:10F86000270A03B05DF804FBB5040700A12C0700CC
:10F87000B4800600E17A04432DE9F04F132987B0E4
:10F8800080460E464FF0000556D9DFF8F4B0DFF899
:10F89000F4A0A946022305AA2E21002004F03CFB77
:10F8A000BDF81420039053BA9BB2002A44D007EE4F
:10F8B000903A9BED007AF8EEE77A142747EE877AC4
:10F8C000B6FBF7F7FCEEE77A17EE903A9CB2BC4233
:10F8D00036D804EB84039B009BB2142200923021A3
:10F8E0004246002004F0B4FB039B034359EA03099A
:10F8F00013D008200FF0A8FA48B11E4B43611E4BED
:10F90000836103230374002343748374C37400234B
:10F910004FF4C252514626F009F9142303FB048820
:10F92000C4EB0433C4EB830306EB830325449EB28C
:10F93000ADB20CB1132EADD8284607B0BDE8F08F9C
:10F9400008200FF081FA48B10C4B43610323E41BFC
:10F9500003740023846143748374C37400234FF4DD
:10F96000C452514626F0E2F807EB87039B009BB296
:10F970003C46B2E7B5040700CC2C0700CD040700D5
:10F980005C600020B48006002DE9F04300EB8000AD
:10F990008400A4B21E460B5D7E2B87B00D46174631
:10F9A00003D9012007B0BDE8F08304F101088844C1
:10F9B0004FF000093D4906224046CDE90099CDE9C6
:10F9C0000299CDE9049927F09BFBF8B104F11101EC
:10F9D000424629446846537811F801CB92F800E07A
:10F9E0001B044FEA0C2C43EA0E630CF4704C43EA00
:10F9F0000C0307EE903A09F10109F8EEE77AB9F144
:10FA0000030FE0EC017A02F10202E4D1E01D05EB04
:10FA1000000926490622484627F072FB00283DD0FF
:10FA200011342544484603AC0022417815F8013BC7
:10FA300090F800C009041B0341EA0C619BB2194312
:10FA400007EE901A0132F8EEE77A032AE4EC017A25
:10FA500000F10200E9D1DFED166A9FED167A6946E2
:10FA600003AA0323D1ED007A67EEA67A013BE1EC0D
:10FA7000017AD2ED007A67EE877AE2EC017AF1D171
:10FA80006C4603CC03AA386020687960B86003CA6A
:10FA900030601068B0607160184683E70349062241
:10FAA000404627F02DFB0028D5D17AE7FF2C070030
:10FAB0000000003200007A3510B508200FF0C4F9BC
:10FAC00048B1094B4361094B83610323037400234D
:10FAD00043748374C374BDE81040054900234FF498
:10FAE000C25226F023B800BFB5040700E92C070076
:10FAF000B4800600084A08B5FF231370074A112195
:10FB000013700020012224F0F4FA18B1BDE8084077
:10FB1000FFF7D2BF08BD00BFC30C0020C20C0020FD
:10FB200010B508200FF090F948B1094B4361094B1B
:10FB3000836103230374002343748374C374BDE897
:10FB40001040054900234FF4C25225F0EFBF00BF1B
:10FB5000B5040700922C0700B48006002DE9F04799
:10FB60002DED048B894BB5EEC00AF1EE10FAD3ED02
:10FB7000009AB0EE608A07460E4637D9DFED847AE8
:10FB8000B4EE670AF1EE10FA30D0B7EE007AC7EEA5
:10FB9000007A804901230846FDEEE77AF8EEE77A1D
:10FBA00087EEA97AFDEEC77A17EE902A31F8024F58
:10FBB000A24207DC01330C2BF8D1002A02DC4FF003
:10FBC000000811E0013B744A30F8130012F803807A
:10FBD000E7F780FD02460B4600207049E7F70EFF6D
:10FBE000E8F7DAF800EE100A032504E09FED6C0A4E
:10FBF0004FF000080125B5EEC08AF1EE10FA80EE54
:10FC0000299A36D9DFED627AB4EE678AF1EE10FAFE
:10FC100000F09B80B7EE007AC7EE087A5D490123B9
:10FC20000846FDEEE77AF8EEE77A87EEA97AFDEE70
:10FC3000C77A17EE902A31F8024F944206DB01335F
:10FC40000C2BF8D1002A01DC002410E0013B524AC1
:10FC500030F81300D45CE7F73DFD02460B46002068
:10FC60004E49E7F7CBFEE8F797F808EE100A0322B3
:10FC700003E0002422469FED4A8ADFF83CA1DFF82A
:10FC80003C919AF800304345C8EE298A03D199F88F
:10FC90000010A14277D0FF2B14D099F80010FF2953
:10FCA00010D0003B18BF0123B8F1000018BF01209D
:10FCB000834207D1003918BF0121231E18BF012339
:10FCC000994245D045EA82024E21002024F011FAE3
:10FCD0000546FA2027F0B7F84246502100208AF85E
:10FCE000008089F8004024F004FA224605434F21A1
:10FCF000002024F0FEF9054313D008200FF0A4F8EB
:10FD000048B1284B4361284B8361032303740023CC
:10FD100043748374C374254900234FF4C25225F001
:10FD200005FFB5EE409AF1EE10FA87ED009AF5EE78
:10FD3000408AC6ED008A0DD1F1EE10FA13D01C4BAB
:10FD400093ED007AC7EE287A15E00024012292E7AD
:10FD50000025C1E7F1EE10FA05D1154B93ED007ABD
:10FD6000C7EE097A07E0B4EEE89AF1EE10FAF4D49F
:10FD7000E5DCDFED0B7A0F4B0020C3ED007ABDEC24
:10FD8000048BBDE8F0870120F9E700BFF0060020F2
:10FD90000000807F669A06000E2D07000000F03FED
:10FDA00000000000B5040700DA2C0700B48006004C
:10FDB000EC0600205C600020C30C0020C20C002078
:10FDC00013B52D210DF10702002004F001F90022E6
:10FDD00004466521104624F08CF927220443502163
:10FDE000002024F086F9022204434E21002024F052
:10FDF00080F900224D210443104624F07AF904438F
:10FE0000012024F060F804227621002024F071F90A
:10FE1000082204434A21002024F06BF908220443FD
:10FE20004B21002024F065F908224C2104430020D6
:10FE300024F05FF90443012024F045F800227621E4
:10FE4000104624F056F9072266210443002024F0CE
:10FE500050F90443322024F036F8012257210020C3
:10FE600024F047F9044313D008200EF0EDFF48B109
:10FE7000094B4361094B83610323037400234374DB
:10FE80008374C374064900234FF4C25225F04EFE1A
:10FE9000332002B010BD00BFB5040700842C07005A
:10FEA000B48006002DE9F0432DED048B002283B0D1
:10FEB00006460F4610467249B0EE408AF0EE608A60
:10FEC000B0EE419A03F01EFF9FED6E7ADFED6E7A81
:10FED0006E4B002808BFF0EE477AC3ED007A40234E
:10FEE0001A464C21002004F08BF8B5EEC08AF1EEE2
:10FEF00010FA044621DD9FED667A664BC8EE077A5C
:10FF0000012276210020C3ED007A24F0F2F80422C9
:10FF100005467B21002024F0ECF8002205437621E1
:10FF2000104624F0E6F82543042305431A464D21E4
:10FF3000002004F065F845EA0004DFF87091DFF86E
:10FF40007081FF23F0EE490AB0EE680A3946304668
:10FF500089F8003088F80030FFF700FE04430120E4
:10FF600023F0B1FF10225F21002024F0C2F84022CC
:10FF700004431621002024F0BCF8B5EEC08AF1EE4F
:10FF800010FA44EA000449DD0A2023F09CFF022312
:10FF900001AA2E21002003F0BFFFBDF80450002D60
:10FFA00058D106200EF050FF30B13B4B4361022385
:10FFB000037445748574C574384900234FF4845222
:10FFC00025F0B4FD334B4FF07E521A6076210122AA
:10FFD000002024F08EF8002205467B21104624F0F4
:10FFE00088F8002205437621104624F082F82C433D
:10FFF0000023044304224D21184604F001F8FF2396
:020000024000BC
:10000000044339463046F0EE490AB0EE680A89F8F2
:10001000003088F80030FFF7A1FD04439CB10820B0
:100020000EF012FF48B11E4B43611E4B8361032348
:100030000374002343748374C374184900234FF47A
:10004000C25225F073FD04EAE47003B0BDEC048BEA
:10005000BDE8F08308200EF0F7FE50B1124B43616B
:100060006BBA9BB2836103230374002343748374CC
:10007000C3740A4900234FF4C65225F057FDCDE75B
:1000800000366E0117B7D138A69B443AEC06002023
:100090000000FA46F00600205F2B0700B48006003F
:1000A000B5040700F62C07009A2B0700C30C0020AC
:1000B000C20C00204FF084430360014B0B6070477B
:1000C00000007A4530B5002285B02121104624F089
:1000D00010F800221D21104624F00BF80DF1070244
:1000E0001921002003F074FF002204461621104657
:1000F00023F0FFFF282204431B21002023F0F9FFF7
:10010000022204431021002023F0F3FF002548F2CF
:10011000A5130443ADF8083002AA03237C21284626
:100120008DF80A5003F010FF174B02930723044386
:100130008DF80C3002AA05237C21284603F004FF29
:10014000142204432321284623F0D3FF0E22044324
:100150001721284623F0CDFF044312D008200EF0CB
:1001600073FE40B1094B4361094B83610323037460
:1001700045748574C574074900234FF4C25225F0B5
:10018000D5FC332005B030BDA27E0707B5040700BB
:1001900075330700BC80060013B500210446062312
:1001A0006A46084603F0B8FE98B108200EF04CFEEF
:1001B00048B1144B4361144B836103230374002340
:1001C00043748374C374114900234FF4C25225F061
:1001D000ADFC9FED0F7A6A46204604F10C011478BD
:1001E000537843EA04231BB207EE903AF8EEE77A1D
:1001F000023267EE877AE0EC017A8142EFD102B0F9
:1002000010BD00BFB5040700B6330700BC80060070
:100210000000003A13B5062304466A46194600203A
:1002200003F07AFE98B108200EF00EFE48B1144B90
:100230004361144B83610323037400234374837469
:10024000C374114900234FF4C25225F06FFC9FED97
:100250000F7A6A46204604F10C011478537843EA79
:1002600004231BB207EE903AF8EEE77A023267EE0B
:10027000877AE0EC017A8142EFD102B010BD00BF75
:10028000B5040700A6330700BC80060000007A3DD5
:100290002DE9F04F2DED048BB64BB5EEC00AF1EE13
:1002A00010FAD3ED008A85B0B0EE608A80460F4622
:1002B00035D9DFEDB17AB4EE670AF1EE10FA2ED03F
:1002C000B7EE007AC7EE007AAC4901230846FDEE8E
:1002D000E77AF8EEE77A87EEA87AFDEEC77A17EEAE
:1002E000902A31F8024FA24206DC01330A2BF8D1E2
:1002F000002A01DC002510E0013BA14A30F8130080
:10030000D55CE7F7E7F902460B4600209D49E7F781
:1003100075FBE7F741FD00EE100A032603E09FEDB1
:100320009A0A00250126B5EEC08AF1EE10FAC0EE59
:10033000289A36D9DFED907AB4EE678AF1EE10FA9A
:1003400000F01081B7EE007AC7EE087A8B490123DE
:100350000846FDEEE77AF8EEE77A87EEA87AFDEE3A
:10036000C77A17EE902A31F8024FA24206DC013319
:100370000A2BF8D1002A01DC002410E0013B804A5E
:1003800030F81300D45CE7F7A5F902460B460020CD
:100390007C49E7F733FBE7F7FFFC08EE100A03237D
:1003A00003E0002423469FED788ADFF8FCA1DFF804
:1003B000FC919AF80020AA4288EE289A04D199F874
:1003C0000010A14200F0D380FF2A14D099F8001049
:1003D000FF2910D0003A18BF0122281E18BF0120A3
:1003E000824208D1003918BF0121221E18BF012204
:1003F000914200F0BA800A2046EA830B01930EF086
:1004000023FD58B1019B614AC0E90736C0E9052BBD
:1004100005230374002343748374C37400235C496D
:100420004FF4235225F082FB5A461021002023F07E
:1004300060FE4FF0000B0646FA2023F054FD0DF14C
:100440000F02102158468DF80FB003F0C1FD9DF842
:100450000F300193064308200EF0F6FC58B1019BC3
:100460004C4A836103234261037480F811B080F821
:1004700012B080F813B0464900234FF4C65225F05D
:1004800055FB0A208AF8005089F800400EF0DCFC89
:1004900058B1414B4462C0E90535C0E90754062311
:1004A0000374002343748374C374002338494FF4E6
:1004B000435225F03BFB2A461B21002023F019FE66
:1004C000224605461C21002023F013FE45EA0004C5
:1004D00000250DF10E021B2128468DF80E508DF8D7
:1004E0000F5003F075FD344304430DF10F021C213E
:1004F000284603F06DFD044308209DF80E909DF8FA
:100500000F600EF0A1FC40B1244BC661C0E9053973
:100510000423037445748574C5741D4900234FF486
:10052000035225F003FB9CB108200EF08DFC48B16E
:100530001B4B43611B4B83610323037400234374F0
:100540008374C374124900234FF4C25225F0EEFAAB
:10055000C8ED009A002087ED009A05B0BDEC048B31
:10056000BDE8F08F002401231DE7002689E7012064
:10057000F3E700BFF80600200000807F809A0600A5
:10058000113407000000F03F000000001A2D0700A2
:10059000BC800600512D07006D2D0700B92D070006
:1005A000B5040700D7330700C60C0020C50C002097
:1005B0002DE9F04385B007468846022303AA12219D
:1005C000002003F0A9FC3E4EBDF80C404FF000099E
:1005D000054686F80090002C3FD064BAA4B21423DC
:1005E000B8FBF3F8A04517D208200EF02DFC60B13F
:1005F000344B4361A4EB080403238461037480F843
:10060000119080F8129080F813902F4900234FF436
:10061000C45225F08BFA444604EB840314219B005A
:100620009BB200913A46002003F012FD55EA000308
:1006300017D008200EF008FC48B1244B4361244B2E
:10064000836103230374002343748374C3741E49BA
:1006500000234FF4C25225F069FA204605B0BDE8E8
:10066000F08333703A461846194685B2A54219D32D
:100670000029F2D007EE101A07EE903ADFED156A66
:10068000154BB8EEC77AF8EEE77A27EE267AC7EE72
:10069000876AF3EE097A76EEA77AC3ED007A012332
:1006A0003370DAE7157805F0FD05782D05D1B2F83D
:1006B0000D500131EDBA2B4489B201301432D4E728
:1006C000CABB0020CD040700BC800600B5040700AB
:1006D000C733070000000043F40600202DE9F04F67
:1006E00000EB80008400A4B21E4611F8048008F0DC
:1006F000FD03782B8DB00D46174616D008200EF05E
:10070000A3FB40B1744BC0E90538032303740023F5
:1007100043748374C374714900234FF4C45225F0A9
:1007200005FA01200DB0BDE8F08F6D4BD3F80090B5
:10073000E31DB9F1020F01EB030A30DC0819CA5CB2
:10074000037A0193C37A817A90F809B00293037B0C
:1007500005920E20049103930EF076FBA8B1614B35
:10076000059A0499C0F81C80C0E90539019B026212
:10077000C0E9093B029B0363039B43630A230374A1
:100780000023C16243748374C374002345F2C00222
:10079000524925F0CBF9524A13680133136004F132
:1007A0000109A9444FF000084F4906224846CDE907
:1007B0000688CDE90888CDE90A8826F0A1FC50BB5F
:1007C00049490622504626F09BFC8046002843D12A
:1007D000464C2368042B16DC06200EF035FB48B18E
:1007E000434B43610223037480F8118080F8128028
:1007F00080F81380002339494FF4845225F096F98C
:1008000023680133236038490622484626F078FCE5
:1008100000283DD185E704F111014A46294406A884
:10082000537811F801CB92F800E01B044FEA0C2C2E
:1008300043EA0E630CF4704C43EA0C0307EE903A63
:1008400008F10108F8EEE77AB8F1030FE0EC017A5D
:1008500002F10202E4D1B3E7E21D11342A44002080
:10086000254409AC537815F8011B92F800C01B040D
:10087000090343EA0C6389B20B4307EE903A013057
:10088000F8EEE77A0328E4EC017A02F10202E9D1FA
:1008900009ABDFED186A9FED187A06A903221C4602
:1008A000D1ED007A67EEA67A013AE1EC017AD3ED58
:1008B000007A67EE877AE3EC017AF1D106AB03CBDD
:1008C0003860186879602346B86003CB30601868D8
:1008D000B0607160104625E7F92D0700BC80060066
:1008E000646000202D2E07000234070060600020A5
:1008F000772E0700000080320000FA3510B508207E
:100900000EF0A2FA48B1094B4361094B83610323FE
:100910000374002343748374C374BDE81040054915
:1009200000234FF4C25225F001B900BFB5040700FF
:10093000E8330700BC80060007B5022301AA0C219A
:10094000002003F0E9FA98B108200EF07DFA48B1D2
:100950000E4B43610E4B83610323037400234374E6
:100960008374C3740B4900234FF4C25225F0DEF8A0
:10097000BDF80430DBBA00EE103ABAEEEC0AF3EE42
:10098000097A30EE270A03B05DF804FBB5040700CE
:1009900096330700BC800600044B1B780BB9FFF7A9
:1009A000CBBF034B93ED000A704700BFCABB0020CA
:1009B000F406002010B508200EF046FA48B1094BA5
:1009C0004361094B836103230374002343748374DD
:1009D000C374BDE81040054900234FF4C25225F00E
:1009E000A5B800BFB504070085330700BC8006002A
:1009F00010B508200EF028FA48B1094B4361094BA5
:100A0000836103230374002343748374C374BDE8B8
:100A10001040054900234FF4C25225F087B800BFAB
:100A2000B50407002A330700BC80060037B50B4D1C
:100A30002B788BB100238DF807304FF47A740DF1C9
:100A40000701182023F0BBFA013C03D09DF80730C2
:100A5000DB07F4D400232B7003B030BDCEBB0020E5
:100A600037B5FFF7E3FF00242A4B8DF803400DF163
:100A700003020125102120461D7003F0A9FA9DF8FC
:100A8000032012F00C0FC2F381000CD122F00C02F3
:100A900042F0040210218DF8032023F02AFB0446C3
:100AA000284623F0D9FA43F6A043ADF804301023CA
:100AB0008DF8063001AA03237C21002003F044FABC
:100AC000172204433021002023F013FB02230443A8
:100AD0000F223521002003F093FA044313D008209D
:100AE0000EF0B2F948B10C4B43610C4B8361032308
:100AF0000374002343748374C374094900234FF4BF
:100B0000C25225F013F8074803F012F9204603B04B
:100B100030BD00BFC40C0020B504070040330700FF
:100B2000BC8006000C8806002DE9F04F89B0012A30
:100B3000129E01930746144602D1731E0E2B18D93C
:100B40000A200EF081F958B1A14B4361A14B066216
:100B5000C0E9063405230374002343748374C3740B
:100B600000234FF421529C4924F0E0FF4FF0FF3462
:100B7000A7E0DFF894B291F800909BF80030002BCA
:100B800034D0964B1B78834240F09F80944B1B7867
:100B90004B4540F09A80934B1B78B34240F09580D0
:100BA000002307A918208DF81C3023F008FA9DF8BF
:100BB0001C30D90764D5C82407A9182023F0FFF9F1
:100BC000013C59D106200EF03FF930B1864B43610C
:100BD0000223037444748474C47400234FF4845255
:100BE0007D4924F0A3FF00238BF8003019237343C1
:100BF00050330393F3B2029366F06F03DBB24FF00E
:100C000003080493022207A90E208DF81C908DF88A
:100C10001D7023F0D7F904990446062023F0FEF94D
:100C200041210443162023F0F9F90443039823F0EB
:100C30005AF900238DF81A304FF47A7A0DF11A011F
:100C4000182023F0BCF9BAF1010A44EA00043FD1AC
:100C500008200EF0F9F858B1644A42615D4A826199
:100C60000322027480F811A080F812A080F813A06B
:100C700000234FF4C25276E79DF81C30DA079BD46C
:100C80009DF81C4004F03203022B10D008200EF017
:100C9000DBF840B1564BC0E905340323037400234D
:100CA00043748374C37400234FF4C45298E70199CA
:100CB00032461B2023F05DF941210446162023F023
:100CC000ADF9204609B0BDE8F08FFFF7AFFE8DE724
:100CD0009DF81A5015F00102B0D115F0300A0592B6
:100CE0002FD0B8F101084FF0080016D00EF0ACF884
:100CF00048B1404B059AC561C0E905370423037428
:100D000042748274C274344900234FF4025224F0B6
:100D10000DFF052023F0A0F974E70EF095F860B1FF
:100D2000354B43612B4B80F81180C0E90635042315
:100D3000037480F8128080F8138000234FF401526E
:100D400011E715F0020806D108200EF07DF8002802
:100D5000F3D02A4BE5E70DF11B011A2023F02FF900
:100D60009DF81B20D30744EA000416D50A200EF094
:100D70006BF870B1224A4261164AC0F82090C0E96F
:100D800006270522027480F811A080F812A080F8CE
:100D900013A000234FF42452E5E6019932461B20AC
:100DA00023F0E7F804438CD1164B1B78002B88D135
:100DB0004121162023F032F901238BF80030074B34
:100DC000029A1F70064B83F80090064B1A7078E762
:100DD000A22E070050330700BC800600CDBB0020C8
:100DE000CCBB0020CBBB0020CF2E07002B2F070051
:100DF000FA2E0700412F0700712F07008C2F0700E4
:100E0000B02F0700C40C0020CEBB00202DE9F04F0E
:100E10008DB0062A80460591164612D908200EF09C
:100E200013F850B17E4B43617E4BC0E90636042374
:100E30000374002343748374C37400234FF401527A
:100E400056E0794B1B780493784B93F800A0784BCD
:100E50001B780193774B1B780293FFF7E7FD1E2366
:100E600073433C33039366F07F03DBB203274FF0F9
:100E7000000B069302220AA90E208DF828B08DF8E7
:100E8000298023F09FF8324605990546332023F048
:100E900099F806990543062023F0C0F8412105433F
:100EA000162023F0BBF80543039823F01CF84FF4F9
:100EB0007A798DF826B00DF12601182023F07FF8FD
:100EC000B9F1010945EA00051BD108200DF0BCFF6E
:100ED00058B1594A4261534A82610322027480F830
:100EE000119080F8129080F8139000234FF4C252B2
:100EF000524924F01BFE4FF0FF3528460DB0BDE8E7
:100F0000F08F9DF8264014F00102D4D114F030097E
:100F100007922AD0013F4FF0080016D00DF094FF41
:100F200048B1474B079AC461C0E9053804230374EC
:100F300042748274C274414900234FF4025224F077
:100F4000F5FD052023F088F894E70DF07DFF0028DB
:100F50003FF473AF3B4B4361324B4774C0E90634F7
:100F6000042303748774C77467E714F0020610D172
:100F700008200DF069FF00283FF45FAF324B43615A
:100F8000284B4674C0E90634042303748674C6747F
:100F900053E70DF127011A2023F011F89DF82720BF
:100FA000D30745EA000514D508200DF04DFF60B1C8
:100FB000264A42611B4A80F81190C0E906280422A3
:100FC000027480F8129080F8139000234FF40452BA
:100FD0008EE7049B002B90D0002D8ED10222019B26
:100FE0008DF82C300BA90E208DF82DA022F0EAFFF1
:100FF000029B062043F0900123F010F841211620B7
:1010000023F00CF8084B01221A70084B019A83F860
:1010100000A0074B1A70074B029A1A706DE700BFC9
:10102000DA2F070065330700CEBB0020CDBB0020C0
:10103000CCBB0020CBBB002002300700BC800600E8
:1010400019300700712F07004A3007006F30070082
:101050002DE9F04F9C4B9D4A00272DED048B1F700E
:101060009B4B1F709B4B1A609B4B87B03A460546C3
:101070000E46384699491F70B0EE408AF0EE608AFD
:10108000B0EE419A02F03EFE0DF10B02722138469D
:101090008DF80B7002F09CFF044608209DF80B8031
:1010A0000DF0D2FE38B18E4B4774C0E905380323EA
:1010B00003748774C77400238A494FF4C65224F01E
:1010C00035FD9DF80B30E92B1CD0E72B1AD00820FA
:1010D0000DF0BAFE48B1844B4361844B8361032316
:1010E0000374002343748374C3747E4900234FF454
:1010F000C25224F01BFD4FF0FF3007B0BDEC048B53
:10110000BDE8F08FB5EEC08AF1EE10FA14DD9FED68
:10111000787A784BC8EE077A062231210020C3ED99
:10112000007A22F0E6FF202307461A4626210020F7
:1011300002F066FF07433C4343F6A023ADF81430AA
:1011400091238DF8163005AA03237C21002002F09C
:10115000FBFE3B238DF81530242304438DF8163015
:1011600005AA03237C21002002F0EEFE3C238DF82B
:101170001530102304438DF8163005AA03237C2173
:10118000002002F0E1FE172204433021002022F06B
:10119000B0FF022304430F223521002002F030FF6C
:1011A00046F2A273ADF81430022304438DF81630D2
:1011B00005AA03237C21002002F0C6FE0443082078
:1011C0000DF042FE48B14C4B43610F238361032372
:1011D0000374002343748374C374424900234FF49F
:1011E000C65224F0A3FC0F221021002022F081FF20
:1011F000044306200DF028FE38B1404B4361022322
:101200000374002343748374C374364900234FF47A
:10121000865224F08BFC00271E2022F01DFF03AA1B
:10122000192138468DF80C7002F0D2FE04430820D4
:101230009DF80C800DF008FE38B1314B4774C0E9C1
:101240000538032303748774C7744FF4C6522549C5
:10125000DFF8B8802B4F002324F068FCFF23F0EE6A
:10126000490AB0EE680A3146284688F800303B70DB
:10127000FFF70EF84FF000090DF10D0104434AF29B
:10128000A6408DF80D908DF80E9022F041FE0DF1E4
:101290000E0183464AF27B5022F03AFE5BEA000BD5
:1012A00036D008200DF0D0FD50B1174B80F81190CA
:1012B000C0E9053B0323037480F8129080F8139073
:1012C00000234FF4C452A1E0C40C00200000C84128
:1012D000CEBB0020F4060020CABB002000366E0101
:1012E00095300700BC800600BC300700F7330700CC
:1012F0000000FA46F8060020D73007000631070044
:101300002C310700C50C002050310700C60C00200E
:101310009DF80D309DF80E20019323F0600A22F015
:1013200003090C204AF0200A009249F001090DF04F
:101330008BFD90B1019B009ACB494161C0E9063A0F
:10134000C0E9092901230362C3620823037480F8FA
:1013500011B080F812B080F813B0002344F2C0023C
:10136000C24924F0E3FB51464AF2A64022F0BDFDFB
:10137000494682464AF27B5022F0B7FD5AEA000AFB
:1013800012D008200DF060FD40B1B94BC0E9053A1C
:1013900003230374002343748374C374B349002389
:1013A0004FF4C45224F0C2FB4FF0000A0DF10F01BC
:1013B0004AF2A6408DF80FA08DF810A022F0A8FDEB
:1013C00004A981464AF27B5022F0A2FD59EA0009A5
:1013D00048D10A209DF80FB09DF810A00DF034FD03
:1013E00088B1A44B80F81190C0E9053BCBF34113C1
:1013F000C0E9073A0AF0030343620623037480F846
:10140000129080F8139000234FF44352974924F030
:101410008DFB4FF000090DF10D014AF2AC408DF843
:101420000D908DF80E9022F073FD0DF10E018346A4
:101430004AF2835022F06CFD5BEA000B24D00820B6
:101440000DF002FD50B18C4B80F81190C0E9053BC6
:101450000323037480F8129080F8139000234FF454
:10146000C45290E008200DF0EFFC00283FF428AFB4
:10147000824B80F811A0C0E905390323037480F87A
:1014800012A080F813A01BE79DF80D309DF80E20E8
:10149000019323F0070A22F007090C204AF0010A01
:1014A000009249F001090DF0CFFC90B1019B009A28
:1014B00073494161C0E9063AC0E909290123036281
:1014C000C3620823037480F811B080F812B080F86A
:1014D00013B0002344F2C002644924F027FB5146B4
:1014E0004AF2AC4022F001FD494682464AF283505E
:1014F00022F0FBFC5AEA000A12D008200DF0A4FCEE
:1015000040B1604BC0E9053A0323037400234374E0
:101510008374C374554900234FF4C45224F006FB6E
:101520004FF0000A0DF10F014AF2AC408DF80FA008
:101530008DF810A022F0ECFC04A981464AF28350F9
:1015400022F0E6FC59EA000940F0A8800A209DF844
:101550000FB09DF810A00DF077FC88B14A4B80F8D1
:101560001190C0E9053B0BF00703C0E9073A0AF008
:10157000070343620623037480F8129080F81390E7
:1015800000234FF44352394924F0D0FA47221D2159
:10159000002022F0AEFD0F2204432121002022F082
:1015A000A8FDB5EEC08AF1EE10FA44EA000442DD6F
:1015B000062022F051FD022304AA1221002002F08D
:1015C000ABFCBDF81090B9F1000F79D106200DF0F9
:1015D0003BFC48B12D4B43610223037480F811900A
:1015E00080F8129080F81390204900234FF4845221
:1015F00024F09CFA264B4FF07E521A6000223121D3
:10160000104622F076FD002381462022262118462E
:1016100002F0F6FCFF2349EA000931462846F0EEC5
:10162000490AB0EE680A88F800303B70FEF730FED9
:1016300049EA040404439CB108200DF005FC48B1BC
:10164000144B4361144B83610323037400234374DD
:101650008374C374054900234FF4C25224F066FA20
:1016600004EAE47049E500BF72310700BC8006005F
:10167000BC310700DB3107003D3207001A3207009A
:101680005F320700A9320700C83207005F2B07004E
:10169000F8060020B5040700F733070008200DF016
:1016A000D3FB00283FF4DAAE114B80F811A0C0E95B
:1016B00005390323037480F812A080F813A0CDE647
:1016C00008200DF0C1FB60B10A4B436199FA99F90A
:1016D0001FFA89F383610323037400234374837423
:1016E000C374054900234FF4C65224F01FFAA2E741
:1016F000073307009A2B0700BC80060010B5FFF7E0
:1017000095F90C4AFF2313700B4A13700B4B0C4ACC
:101710001A600C4B002002227F21187022F0E9FC95
:101720000446022022F098FC1CB1BDE81040FFF7EF
:10173000E5B810BDC60C0020C50C0020F406002042
:101740000000C841CABB0020B2EE007AB4EEC70A5E
:10175000F1EE10FA47DCF1EE007AB4EEE70AF1EEB2
:1017600010FA44DCB0EE007AB4EEC70AF1EE10FADB
:10177000CCBF08230023C8BFB0EE677ADFED207A24
:10178000204AF4EEE70AF1EE10FA137031DCDFEDD7
:101790001E6AF4EEE60AF1EE10FA2EDCDFED1B7A9B
:1017A000F4EEE70AF1EE10FACCBF04230023C8BF21
:1017B000F0EE667A164ADFED176A137067EE266A56
:1017C000154BDFED165AC3ED006ADFED156A154BB8
:1017D00067EEA66A86EEA56A83ED006A80ED007A60
:1017E000C1ED007A70470423B3EE007AC6E70C23FC
:1017F000C4E7DFED0D7A0C23DCE70823DAE700BF4E
:1018000000007A44C80C00200000FA4300007A432C
:10181000C70C00200000003808070020002474498D
:1018200000000C42040700200000FA4430B5C0EB71
:10183000C00080B20C5C013004BB1E4C2478012C2B
:1018400002D11D4C2478DCB11C4C014403F10C0086
:101850004D7811F8022B42EA052212B207EE902AC7
:10186000F8EEE77AC3ED007A94ED007A67EE277A16
:10187000E3EC017A9842EBD1002030BD012CE0D19D
:101880000F4C014402F10C004D7811F8023B43EA81
:1018900005231BB207EE903AF8EEE77AC2ED007A24
:1018A00094ED007A67EE277AE2EC017A9042EBD170
:1018B000E2E700BFD0BB0020CFBB00200407002020
:1018C000080700202DE9F04F2DED028BB5EEC00A80
:1018D00083B0F1EE10FA8246009140F27481DFEDA0
:1018E000D17AB4EE670AF1EE10FA00F06C81B7EE2F
:1018F000007AC7EE007AFDEEE77A17EE902A002A0A
:1019000000F06281DFEDC88AB4EEE80AF1EE10FA69
:1019100000F15D81DFEDC57AB4EEE70AF1EE10FA71
:1019200000F15981DFEDC28AB4EEE80AF1EE10FA57
:1019300000F15381DFEDBF7AB4EEE70AF1EE10FA61
:1019400000F14F81DFEDBC8AB4EEE80AF1EE10FA47
:1019500000F14981DFEDC87AB4EEE70AF1EE10FA42
:1019600000F14381DFEDC57AB4EEE70AF1EE10FA3B
:1019700000F13D81DFEDB17AB4EEE70AF1EE10FA45
:1019800000F13981DFEDBE8A0D2AB4BF102220227A
:10199000A8BFF0EE678AF5EEC00AF1EE10FA40F249
:1019A0002E81DFEDA07AF4EE670AF1EE10FA00F076
:1019B0002981B7EE007AC7EE207AFDEEE77A17EEBE
:1019C000904A002C00F01C819FED978AF4EEC80A23
:1019D000F1EE10FA00F11C81DFED947AF4EEE70AE3
:1019E000F1EE10FA00F11A819FED918AF4EEC80A27
:1019F000F1EE10FA00F14681DFED8E7AF4EEE70A9F
:101A0000F1EE10FA00F144819FED8B8AF4EEC80AE2
:101A1000F1EE10FA00F14081DFED977AF4EEE70A7B
:101A2000F1EE10FA00F13C81DFED947AF4EEE70A72
:101A3000F1EE10FA00F138819FED808AF4EEC80AC9
:101A4000F1EE10FA00F136810C2C4FF0000427461D
:101A500040F336812025DFF818E2DFF818C29EF83F
:101A6000003077485BB99CF80030BB4207D103785F
:101A7000934204D1734B1B78AB4200F04181AA42E0
:101A8000934638BFAB46ABEB0508C8F30718B8F16F
:101A9000050F00F21981B8F1010F8CBF08F102089F
:101AA00008F101085FFA88F8ABEB0206C6F30716E7
:101AB000052E00F20C81012E8CBF02360136F6B2E3
:101AC000F4EEC88AF1EE10FA40F10381F5EE408A97
:101AD000F1EE10FA14BFC8EE287A01234FF000018E
:101AE0001FBFB6EE007A77EE877AFCEEE77ACDED8F
:101AF000017A18BF9DF80430027052488CF80070CB
:101B000005705148017051490B70514B1B784FF0D3
:101B100000091A43102148468EF8009022F0E9FA95
:101B20004A4601901521484622F0E3FA494A019BB2
:101B3000127803432A4311214846019322F0D9FA2F
:101B4000019B3A4643EA00051621484622F0D1FAA5
:101B5000224605431321484622F0CBFA46EAC80242
:101B600045EA0004D2B20821484622F0C2FA4FEA00
:101B70005B02044342F006020A21484622F0B9FA09
:101B8000044315D008200DF05FF958B1324B436182
:101B9000324B83610323037480F8119080F8129014
:101BA00080F813902E4900234FF4C25223F0BEFF59
:101BB000009BCAED008A002083ED008A03B0BDECD3
:101BC000028BBDE8F08F0022DFED268AE3E6DFED31
:101BD000268AA022DFE69022DDE68022F0EE678AE8
:101BE000D9E67022D7E66022F8E75022D3E6DFED8F
:101BF000228A4022CFE6DFED218A3022CBE6002484
:101C0000274601E0402480279FED168A002522E721
:101C100000249FED168A2746A0251CE700242746AE
:101C2000902518E70000807F52499D3952491D3A9E
:101C300052499D3A52491D3B52499D3B52491D3DD7
:101C4000CD0C0020CC0C0020CFBB0020D0BB00204E
:101C5000C80C0020C70C0020B5040700633407003F
:101C6000E48006000000000052491D39A0711D39B2
:101C7000CF0C0020CE0C002052491D3C52499D3C07
:101C80000AD7A33D002427468025B0EE678AE2E606
:101C9000002427467025DEE6002427466025F4E769
:101CA000002427465025D6E600241FED0D8A27463E
:101CB0004025D0E600241FED0F8A27463025CAE6CE
:101CC0001FED118A1025C6E64FF00008ECE600264D
:101CD000F6E6B5EE408AF1EE10FA14BFC8EE887A47
:101CE00001234FF001011FBFB6EE007A77EE877A2D
:101CF000FCEEE77ACDED017A18BF9DF80430FBE6E3
:101D000001205BE770B500222DED028B05460E46E3
:101D100010462549B0EE608AF0EE418A01F0F2FFEC
:101D200074221221002022F0E4F9044698B1082020
:101D30000DF08AF848B11D4B43611D4B83610323AD
:101D40000374002343748374C3741A4900234FF44B
:101D5000C25223F0EBFE184AFF231370174A314694
:101D60002846F0EE680AB0EE480A1370FFF7AAFDA5
:101D7000044313D008200DF067F848B10B4B4361C2
:101D80000B4B836103230374002343748374C37474
:101D9000084900234FF4C25223F0C8FEBDEC028B69
:101DA00004EAE47070BD00BF80969800B504070097
:101DB00076340700E4800600CD0C0020CC0C002017
:101DC0002DE9F04F85B0062901900F464FF000062F
:101DD0005FD93546022303AA3A21002002F09CF87D
:101DE0009DF80D309DF80C201B0203F4E06342EADD
:101DF00003041A4345EA00054BD04FF003094FF0A6
:101E00000708B4FBF9F4B7FBF8F8444515D90820E6
:101E10000DF01AF850B1454B4361A4EB08040023C0
:101E2000846180F8109043748374C3744049002324
:101E30004FF4C45223F07AFE4446019B4FF0000B4E
:101E400003F1010A5C4528DC9DB108200CF0FCFF81
:101E500048B1384B4361384B83610323037400233B
:101E600043748374C374324900234FF4C25223F085
:101E70005DFE019AC4EBC4031A44C4EB443304EB83
:101E8000C3033B44264401929FB2B6B20CB1062F65
:101E9000A0D8304605B0BDE8F08F022303AA3C214C
:101EA000002002F039F89DF80D309DF80C801B02DF
:101EB00003F4407348EA030845EA00090325B8FB28
:101EC000F5F505EB4505A8EB0505ADB2E5B1062036
:101ED0000CF0BAFF40B1194B43614FF00203037499
:101EE000002343748374C374114900234FF4845254
:101EF00023F01CFE6B0003AA3E21002002F00CF828
:101F0000013C49EA0009A4B203235246B8FBF3F8A6
:101F10003E210AF8018C0623002001F0FDFF0BF1A1
:101F2000010B49EA00050AF1070A8BE7CD04070017
:101F3000E4800600B5040700513407001B34070095
:101F400013B51A4B1A788318013B93FBF2F3034441
:101F500003EB43039BB28DF80430C3F302238DF8E7
:101F6000053001AA02230621002001F0EDFF08221E
:101F700004460D21002022F0BCF8044313D00820B1
:101F80000CF062FF48B10A4B43610A4B83610323A3
:101F90000374002343748374C374074900234FF40C
:101FA000C25223F0C3FD332002B010BDD0BB0020CD
:101FB000B50407003E340700E480060010B55C223B
:101FC0001021002022F095F810220446152100204F
:101FD00022F08FF8742204431721002022F089F8A0
:101FE000102204435821002022F083F801220443E8
:101FF0005B21002022F07DF8044300214FF4C570DE
:102000001DF0AAFA90225821002022F072F8202216
:1020100004435E21002022F06CF830220443122198
:10202000002022F066F8044313D008200CF00CFFC7
:1020300048B1094B4361094B8361032303740023B7
:1020400043748374C374064900234FF4C25223F0CF
:102050006DFD332010BD00BFB50407002C34070010
:10206000E4800600B2EE007AB4EEC70AF1EE10FA90
:1020700047DCF1EE007AB4EEE70AF1EE10FA44DC48
:10208000B0EE007AB4EEC70AF1EE10FACCBF082326
:102090000023C8BFB0EE677ADFED207A204AF4EE65
:1020A000E70AF1EE10FA137031DCDFED1E6AF4EE90
:1020B000E60AF1EE10FA2EDCDFED1B7AF4EEE70A09
:1020C000F1EE10FACCBF04230023C8BFF0EE667A0D
:1020D000164ADFED176A137067EE266A154BDFEDBF
:1020E000165AC3ED006ADFED156A154B67EEA66A56
:1020F00086EEA56A83ED006A80ED007AC1ED007A74
:1021000070470423B3EE007AC6E70C23C4E7DFED83
:102110000D7A0C23DCE70823DAE700BF00007A44DD
:10212000CA0C00200000FA4300007A43C90C0020CA
:1021300000000038080700200024744900000C4209
:10214000040700200000FA442DE9F84F2DED028B22
:10215000C94BB5EEC00AF1EE10FAD3ED006A824623
:10216000894640F23681DFEDC57AB4EE670AF1EEBA
:1021700010FA00F02E81F7EE007A87EE807ABDEE3D
:10218000C77AB8EEC77AC7EE267AFDEEE77A17EE81
:10219000905A002D00F01E81DFEDB97AB4EEE70A07
:1021A000F1EE10FA00F119819FEDB67AB4EEC70A8C
:1021B000F1EE10FA00F11581DFEDB37AB4EEE70A23
:1021C000F1EE10FA00F10F819FEDB07AB4EEC70A7C
:1021D000F1EE10FA00F10B81DFEDAD7AB4EEE70A13
:1021E000F1EE10FA00F105819FEDAA7AB4EEC70A6C
:1021F000F1EE10FA00F1FF80DFEDA77AB4EEE70A06
:10220000F1EE10FA00F1F9809FEDA47AB4EEC70A5E
:10221000F1EE10FA00F1F580DFEDA17A0D2DB4BFDB
:1022200010252025A8BFF0EE477AF5EEC00AF1EEA2
:1022300010FAC7EEA68A40F2E880DFED907AF4EE5D
:10224000670AF1EE10FA00F0E380F7EE007A87EE0D
:10225000A07ABDEEC77AB8EEC77AC7EE267AFDEE51
:10226000E77A17EE904A002C00F0D080DFED847AF8
:10227000F4EEE70AF1EE10FA00F1D0809FED817ADA
:10228000F4EEC70AF1EE10FA00F1CE80DFED7E7AAF
:10229000F4EEE70AF1EE10FA00F1CA809FED7B7AC6
:1022A000F4EEC70AF1EE10FA00F1C880DFED787A9B
:1022B000F4EEE70AF1EE10FA00F1C4809FED757AB2
:1022C000F4EEC70AF1EE10FA00F1C080DFED727A89
:1022D000F4EEE70AF1EE10FA00F1BC80DFED6F7A60
:1022E000F4EEE70AF1EE10FA00F1BA800C2C4FF090
:1022F0000004274640F3BA8020266A486A4990F8CD
:1023000000C06A4A6A4B87EEA68ABCF1000F0CD166
:1023100091F800C0BC4508D192F800C0AC4504D18A
:1023200093F800C0B44500F0A5801E70614B157095
:102330001A780F704FF0000880F800802A431021AF
:10234000404621F0D6FE424683461521404621F004
:10235000D0FE594B1A784BEA000B3243112140460C
:1023600021F0C7FE3A464BEA000B1621404621F009
:10237000C0FE22464BEA000B1321404621F0B9FE75
:1023800046EA15124BEA00040921404621F0B1FE4D
:10239000044315D008200CF057FD58B1474B43615A
:1023A000474B83610323037480F8118080F8128007
:1023B00080F81380434900234FF4C25223F0B6FB48
:1023C000CAED008A002089ED008ABDEC028BBDE8D1
:1023D000F88F0025DFED3C7A27E7DFED3C7AA0257A
:1023E00023E7902521E78025F0EE477A1DE7702549
:1023F0001BE76025F8E7502517E7DFED267A402533
:1024000013E7DFED257A30250FE70024274601E0AA
:1024100040248027DFED2C7A00266EE70024DFEDD4
:102420002C7A2746A02668E700242746902664E7F2
:10243000002427468026F0EE477A5EE700242746F0
:1024400070265AE7002427466026F4E70024274632
:10245000502652E70024DFED0F7A274640264CE74E
:102460000024DFED0D7A2746302646E7DFED0C7AB3
:10247000102642E70120A8E7FC0600200000807F2C
:1024800052499D3952491D3A52499D3A52491D3B84
:1024900052499D3B52491D3C52499D3C52491D3D6C
:1024A0000AD7A33DCF0C0020CE0C0020CD0C00207D
:1024B000CC0C0020CA0C0020C90C0020B504070079
:1024C000C7340700EC8006000000000052491D39A7
:1024D000A0711D3938B540220546012130B30020D6
:1024E00021F007FE102204461421002021F001FEF5
:1024F000002204430121104621F0FBFD204398B146
:1025000008200CF0A1FC48B10E4B43610E4B8361D7
:1025100003230374002343748374C3740B4900239F
:102520004FF4C25223F002FB002038BD21F0E1FD40
:10253000082204461421284621F0DBFD2A460443E4
:10254000D8E700BFB50407008B340700EC80060015
:10255000F0B52DED028B002283B006460F461046E3
:102560003349B0EE608AF0EE418A01F0CBFB742271
:102570001221002021F0BDFD054698B108200CF085
:1025800063FC48B12B4B43612B4B836103230374E2
:10259000002343748374C374284900234FF4C25248
:1025A00023F0C4FA264AFF231370264A63211370CE
:1025B00000200DF1070201F00BFD9DF90730DFED62
:1025C000226A07EE103AB8EEC77AF7EE007A47EEC5
:1025D000267A1E4B04463946F0EE680AB0EE480AE9
:1025E0003046C3ED007AFFF7AFFD062204430A210F
:1025F000002021F07EFD2C43044313D008200CF072
:1026000023FC48B10B4B43610B4B836103230374E1
:10261000002343748374C374084900234FF4C252E7
:1026200023F084FA04EAE47003B0BDEC028BF0BD41
:1026300080969800B5040700DA340700EC800600A5
:10264000CD0C0020CC0C0020A69BC43AFC06002038
:102650002DE9F74F4FF00009DFF8E4A007460D46DB
:102660004E46062D03D8484603B0BDE8F08F02233E
:1026700001AA3A21002001F04FFC9DF805209DF8A9
:102680000430120202F4407253EA020B46EA0006DA
:1026900043EA0204E7D04FF00708B5FBF8F84445D9
:1026A00015D908200CF0D0FB50B1224B4361ABEBA5
:1026B0000803836103230374002343748374C37486
:1026C00000234FF4C452514623F030FA44464FF0F1
:1026D0000008C8EBC80207233A447821002001F023
:1026E0001BFC08F10108444546EA0006F1DC9EB1F6
:1026F00008200CF0A9FB48B10F4B43610F4B8361DD
:1027000003230374002343748374C37400234FF4BE
:10271000C252514623F00AFAC4EBC4031F44C4EB6F
:10272000443304EBC3032B444C449DB21FFA84F999
:1027300097E700BFCD040700B5040700B5340700D4
:10274000EC80060008B5024801F0F2FA002008BD4E
:102750008088060010B55C221021002021F0C9FC01
:10276000102204461521002021F0C3FC80220443DE
:102770001421002021F0BDFCF42204431721002085
:1027800021F0B7FC102204435621002021F0B1FCB7
:10279000012204435B21002021F0ABFC0443002113
:1027A0004FF4C5701CF0D8FE80225821002021F083
:1027B000A0FC202204435E21002021F09AFC30225C
:1027C00004431221002021F094FC044313D008207C
:1027D0000CF03AFB48B1094B4361094B8361032379
:1027E0000374002343748374C374064900234FF4B5
:1027F000C25223F09BF9332010BD00BFB50407007F
:10280000A3340700EC800600B2EE007AB4EEC70AEB
:10281000F1EE10FA55DCF1EE007AB4EEE70AF1EED3
:1028200010FA52DCB0EE007AB4EEC70AF1EE10FAFC
:10283000CCBF01230023C8BFB0EE677ADFED2A7A50
:102840002A4AF4EEE70AF1EE10FA13703FDCDFEDEE
:10285000286AF4EEE60AF1EE10FA3CDCDFED257AA8
:10286000F4EEE70AF1EE10FA37DCDFED236AF4EE5E
:10287000E60AF1EE10FA34DCDFED207AF4EEE70A36
:10288000F1EE10FACCBF01230023C8BFF0EE667A48
:102890001B4ADFED1C6A137067EE266A1A4BDFEDE8
:1028A0001B5AC3ED006ADFED1A6A1A4B67EEA66A7F
:1028B00086EEA56A83ED006A80ED007AC1ED007AAC
:1028C00070470323B3EE007AB8E70223B6E7DFEDE3
:1028D000127A0C23DCE70423DAE70323F0EE667AAE
:1028E000D6E70223D4E700BF0000FA44D20C002050
:1028F00000007A440000FA4300007A430000FA42E4
:10290000D10C002000000038080700200024744982
:1029100000000C420407002000007A452DE9F04F2A
:102920002DED028BB5EEC00AF1EE10FA83B006462B
:102930000D463FD9DFED867AB4EE670AF1EE10FA64
:1029400038D0B7EE007AC7EE007A82490022FDEE59
:10295000E77A13460B2B02F1010208D0F1EC016A71
:10296000B8EEE76AB4EEE66AF1EE10FAF1D97A4A07
:10297000D45C7A4A02EB8303D3ED006AC7EE267A71
:10298000774BF5EEC00A93ED007AF1EE10FAC7EE40
:10299000878A40F2D780DFED6E7AF4EE670AF1EEB7
:1029A00010FA0BD16F4B93F800904FF0040ADFED53
:1029B0006E7A25E0DFED6C7A0024E1E7F7EE006A3D
:1029C000C6EEA07A63490022FDEEE77A13460B2B90
:1029D00002F1010208D0B1EC016AF8EEE75AF4EE18
:1029E000C65AF1EE10FAF1D95B4A12F803905B4A2D
:1029F00002EB830393ED006AC6EE867A4FF0000A7D
:102A00005A48584B07785A495A4A87EE878A4FB92D
:102A10000F78574506D11778A74203D11F784F4545
:102A200000F094804FF0000B80F800B044EA0917E2
:102A30000C2081F800A0147083F8009049EA0A186D
:102A4000FFB20CF001FA80B14B4BC0F82C90C0E9FA
:102A500007B4C0E9098AC0E905340823037480F883
:102A600011B080F812B080F813B00023434944F24B
:102A7000C00223F05BF822461021002021F039FB30
:102A8000424604461121002021F033FB3A4604431C
:102A90000921002021F02DFB002704430DF1050240
:102AA000102138468DF805708DF806708DF8077086
:102AB00001F08EFA0DF1060204431121384601F0AF
:102AC00087FA0DF1070204430921384601F080FA24
:102AD00004430A209DF805A09DF806909DF8078004
:102AE0000CF0B2F948B1264B4774C0E90798C0E929
:102AF000053A052303748774C774204900234FF4F3
:102B0000235223F013F89CB108200CF09DF948B132
:102B10001C4B43611C4B83610323037400234374E8
:102B20008374C374154900234FF4C25222F0FEFF90
:102B3000C6ED008A002085ED008A03B0BDEC028B53
:102B4000BDE8F08F4FF00009CA4630E70120F4E7F6
:102B50000000807FC48806004C3B0700C088060048
:102B600000070020CC0C002000000000CF0C00204B
:102B7000CE0C0020CD0C0020EF340700F4800600BE
:102B80004A350700B5040700273B070038B5402247
:102B90000546012130B3002021F0ABFA1022044693
:102BA0001421002021F0A5FA00220443012110463F
:102BB00021F09FFA204398B108200CF045F948B164
:102BC0000E4B43610E4B8361032303740023437454
:102BD0008374C3740B4900234FF4C25222F0A6FF42
:102BE000002038BD21F085FA2A46044614212846E3
:102BF00021F07FFA2A460443D8E700BFB504070056
:102C00008E3A0700F480060013B5062304466A4690
:102C10002821002001F080F998B108200CF014F967
:102C200048B1364B4361364B836103230374002361
:102C300043748374C374334900234FF4C25222F0A7
:102C400075FF314B1B78712B30D1BDF9003007EE89
:102C5000903ABDF90230F8EEE77AC4ED027A07EE59
:102C6000903ABDF90430F8EEE77AC4ED017A07EE48
:102C7000903AF8EEE77AC4ED007A244BD4ED007A6E
:102C800093ED007A67EE877AC4ED007A93ED007ACF
:102C9000D4ED017A67EE877AC4ED017AD4ED027A39
:102CA00067EE877AC4ED027A02B010BD9DF801206C
:102CB0009DF8003043EA02231BB207EE903A9DF8DC
:102CC00003209DF80230F8EEE77A43EA02231BB2B4
:102CD0009DF80520C4ED007A07EE903A9DF8043087
:102CE000F8EEE77A43EA02231BB2C4ED017A07EE5D
:102CF000903AF8EEE77AC4ED027ABEE7B504070031
:102D0000E93A0700F4800600D00C002008070020F4
:102D100037B5062304466A462221002001F0FCF85C
:102D200098B108200CF090F848B1154B4361154B51
:102D3000836103230374002343748374C3741249AF
:102D400000234FF4C25222F0F1FE204604F10C01A0
:102D50000E4C6A46557812F8023B43EA05231BB233
:102D600007EE903AF8EEE77AC0ED007A94ED007A3B
:102D700067EE277AE0EC017A8142EBD103B030BDF7
:102D8000B5040700DB3A0700F480060004070020C2
:102D900007B5022301AA2021002001F0BDF898B157
:102DA00008200CF051F848B10E4B43610E4B836183
:102DB00003230374002343748374C3740B490023F7
:102DC0004FF4C25222F0B2FEBDF9043000EE103AC8
:102DD000BAEECC0AF3EE097A30EE270A03B05DF8BA
:102DE00004FB00BFB5040700CD3A0700F4800600DD
:102DF00013B51A4B8DF805001A78194B1B789A42B7
:102E000094BF00220122C0F3012343EA42138DF84C
:102E1000043001AA02230B21002001F095F8402282
:102E200004460D21002021F064F9044313D008204A
:102E30000CF00AF848B10B4B43610B4B8361032341
:102E40000374002343748374C374084900234FF44C
:102E5000C25222F06BFE332002B010BDCC0C002019
:102E6000CD0C0020B5040700BE3A0700F480060030
:102E700010B508200BF0E8FF48B1094B4361094B3E
:102E8000836103230374002343748374C374BDE814
:102E90001040054900234FF4C25222F047BE00BF44
:102EA000B5040700363B0700F480060010B50B4C54
:102EB000237893B140220121002021F01AF9002249
:102EC0001421104621F015F900220121104621F0AD
:102ED00010F921F0DFF80023237010BDD4BB0020CF
:102EE000022A2DE9F34105460E4611D008200BF0C9
:102EF000ABFF48B15D4B43615D4B836103230374BA
:102F0000002343748374C37400234FF4C25278E0E7
:102F1000FFF7CCFF40220121002021F0EAF86B00EE
:102F20008DF8043033788DF80530A02304468DF8F1
:102F3000063001AA03231521002001F005F872785C
:102F400004432121002021F0D4F844220443142119
:102F5000002021F0CEF8002204430121104621F088
:102F6000C8F80DF1020204432921002001F030F8D5
:102F7000002304438DF8033021F07EF810F10A0895
:102F800041F100079DF8030010F0010641D04022F6
:102F90000121002021F0ADF8002344EA00068DF85D
:102FA000033021F069F810F10A0441F100079DF99E
:102FB0000330002B3ADA00221421104621F099F850
:102FC000044621F067F800220121104621F091F813
:102FD0009DF803303443204313F0040433D0082019
:102FE0000BF032FF50B1234B4361214BC0E9063552
:102FF00004230374002343748374C37400234FF4C5
:1030000004521D4922F092FD4FF0FF3002B0BDE89E
:10301000F08121F031F84045B941B8DA0DF10302F1
:103020001E21304600F0D4FF0443ABE721F024F822
:10303000A042B941BFDA0DF103022221002000F0C5
:10304000C7FF0643B3E71B06E0D408200BF0FCFEE5
:1030500000283FF459AF094B4361054B83610323BB
:10306000037444748474C4744EE700BF933507003E
:10307000803A0700A9350700F4800600D435070020
:103080002DE9F04F89B0012A129D06461446984654
:1030900002D16B1E072B16D908200BF0D5FE48B1C4
:1030A000A84B4361A84B836103230374002343743B
:1030B0008374C374A54900234FF4C25222F036FD35
:1030C0004FF0FF3423E0A24B0F781B781BB3A14BCA
:1030D0001B7883421FD1A04B1B78BB421BD19F4B57
:1030E0001B789D4217D121464022002021F001F893
:1030F0002B46064642460221002000F00DFF00222A
:1031000006432146104620F0F4FF40EA060420461C
:1031100009B0BDE8F08FFFF7C9FE40220121002071
:1031200020F0E7FF730043F00103DBB201938DF859
:103130001830EBB2039365F05F03DBB204460293F1
:103140008DF81A3006AA0323152100208DF8197076
:1031500000F0FAFE442204431421002020F0C9FFAD
:10316000002204430121104620F0C3FF0DF1150297
:1031700004432921002000F02BFF002304438DF895
:10318000163020F079FF10F10A0941F1000B9DF88B
:1031900016A01AF0010A4FD000238DF8163020F047
:1031A0006BFF10F10A0941F1000B9DF816A01AF00F
:1031B000010A4FD040220121002020F09AFF4FF059
:1031C000000A83460DF11702222150468DF817A000
:1031D00000F0FEFE52461421504620F08AFF44EAD9
:1031E0000B0B40EA0B0920F055FF9DF8174014F037
:1031F00004043DD008200BF027FE60B1584B43611A
:10320000514B80F811A0C0E906360423037480F8FE
:1032100012A080F813A000234C494FF4045222F06E
:1032200085FC00220121104620F063FF2A46002180
:10323000404623F083FF43E720F01EFF484571EB33
:103240000B01A9DA0DF116021E21504600F0C0FE56
:1032500004439CE720F010FF484571EB0B01A9DA0D
:103260000DF116024821504600F0B2FE04439CE7DF
:103270009DF816A01AF0010A06D108200BF0E4FD13
:103280000028C8D0374BBAE72B46424602212046D9
:1032900000F042FE224649EA00090121204620F0C2
:1032A00028FF59EA00047FF432AF2F4B1B78002B24
:1032B0007FF42DAF40220121204620F01AFF019B10
:1032C0008DF81C30029B8DF81E308046032307AA20
:1032D000152120468DF81D7000F036FE042248EAC4
:1032E00000081421204620F004FF224648EA000886
:1032F0000121204620F0FDFE58EA00087FF407AFC8
:10330000134A01231370134B039A1E70124B1F7044
:10331000124B0A201A700BF097FD58B1134B436102
:10332000134B4474C0E90875C0E9063606230374DC
:103330008474C474054900234FF4445222F0F6FB10
:10334000E5E600BFE63507006D3A0700F4800600A9
:10335000D4BB0020D3BB0020D2BB0020D1BB0020B7
:103360000136070026360700CB0C00205236070036
:10337000543A0700B0B500AF6C4688B06A461C4BA3
:10338000C2E905304FF4007393831A4B42F8103FA3
:10339000002319484FF4E4510BF036FF0022A546F4
:1033A0000A21104620F0A5FE044620F073FE0622F6
:1033B0000A21002020F09DFE044320F06BFE0F4BFD
:1033C00000251D7094B108200BF03EFD40B10C4B60
:1033D00043610C4B83610323037445748574C57486
:1033E000054900234FF4C25222F0A0FBBD46B0BDF8
:1033F0009B36070003000001F4800600D5BB0020C7
:10340000AE360700093B070070B5C0EBC00080B2C4
:103410000D5CED08052D76D8DFE805F070560370D9
:1034200070704A4B1B78712B3AD1014488784B78E5
:1034300043EA00231BB207EE903AF8EEE77AC2EDBA
:10344000027A0879CB7843EA00231BB207EE903A60
:10345000F8EEE77AC2ED017A88794B7943EA0023E6
:103460001BB207EE903AF8EEE77AC2ED007A384BDD
:10347000D2ED007A93ED007A67EE877AC2ED007A9A
:1034800093ED007AD2ED017A67EE877AC2ED017A88
:10349000D2ED027A67EE877AC2ED027A002070BD23
:1034A0000130014402F10C0410464D7811F8023B42
:1034B00043EA05231BB207EE903AF8EEE77AE0EC18
:1034C000017A8442F1D1D2E70130224C014403F168
:1034D0000C004D7811F8022B42EA052212B207EED9
:1034E000902AF8EEE77AC3ED007A94ED007A67EE61
:1034F000277AE3EC017A9842EBD1CFE7164B002212
:103500001A700120CBE7144E34780134E4B20A205B
:1035100034700BF099FC58B1104B4361104B0462AE
:10352000C0E9063505230374002343748374C37410
:1035300000230C494FF4245222F0F8FA3378032B7D
:10354000DFD90948FFF716FFDBE700BFD00C0020EA
:103550000807002004070020D5BB0020C53607005F
:10356000F83A0700F4800600013707002DE9F3411F
:10357000022380460F4601AA1B21002000F0CCFC4C
:103580000446C0B108200BF05FFC48B1374B4361E3
:10359000374B836103230374002343748374C37420
:1035A000344900234FF4C25222F0C0FA00263046BC
:1035B00002B0BDE8F0819DF805209DF8045013028B
:1035C00003F440731D43F1D0130614D506200BF00D
:1035D0003BFC30B1284B4361022303744474847470
:1035E000C474244900234FF4845222F09FFA2348E4
:1035F000FFF7C0FEDAE70723B7FBF3F7AF42AEB23F
:1036000014D208200BF020FC40B11D4BC761C0E96B
:1036100005350423037444748474C4741549002369
:103620004FF4025222F082FA1648E1E7C6EBC603D5
:103630009BB24246782100F06FFCA0B108200BF04D
:1036400003FC40B1104B4361094B836103230374B6
:1036500044748474C474074900234FF4C25222F0A6
:1036600065FA0A48C4E70A4B1870A0E71F3707003D
:10367000193B0700F48006003E3707006837070053
:103680007A370700B8370700D7370700F437070045
:10369000D5BB002010B540220121002020F029FDDB
:1036A000002204461421104620F023FD00220121AF
:1036B0000443104620F01DFD044320F0EBFC0822DB
:1036C0001021002020F015FD0443052020F0E6FC29
:1036D00058220321002020F00CFD044313D00820C1
:1036E0000BF0B2FB48B10D4B43610D4B83610323DB
:1036F0000374002343748374C3740A4900234FF492
:10370000C25222F013FA084B084800241C70084BE0
:1037100001221A7000F00CFB204610BDB504070012
:10372000A23A0700F4800600D4BB0020808806007F
:10373000CB0C002038B5FFF7B9FB3C4B3C4A0025C9
:103740001D70FF2313703B4A13703B4A13703B4AB2
:103750000D21137028462A4620F0CBFC2A46044649
:103760005E21284620F0C5FC2A4604435021284605
:1037700020F0BFFC2A4604430921284620F0B9FC6A
:103780002A4604430A21284620F0B3FC2A46044373
:103790001121284620F0ADFCE222044317212846DF
:1037A00020F0A7FC472204431021284620F0A1FC6A
:1037B000502204431821284620F09BFC1022044389
:1037C0005621284620F095FC04225B21044328461C
:1037D00020F08FFC04430B2020F060FC802250215D
:1037E000284620F086FC202204435E21284620F053
:1037F00080FC182204430321284620F07AFC04436D
:1038000012D008200BF020FB40B10D4B43610D4B53
:1038100083610323037445748574C5740A490023C6
:103820004FF4C25222F082F9332038BDD5BB0020BC
:10383000CF0C0020CE0C0020CD0C0020CC0C0020A2
:10384000B5040700B03A0700F48006002DE9F04FF8
:103850002DED048B87B0CDE900010620F0EE608AE3
:10386000B0EE419A0BF0F0FA38B12B4B43610223D2
:103870000374002343748374C374002327494FF4F3
:10388000865222F053F900222549104600F03AFAF8
:10389000244B00251D70244B8DF80F500DF10F02A5
:1038A0000F2128461D7000F093FB044608209DF868
:1038B0000F600BF0C9FA38B11C4B4574C0E90536EE
:1038C000032303748574C57400234FF4C65213494F
:1038D00022F02CF99DF80F30A3F17002012A2BD9A8
:1038E00008200BF0B1FA48B1114B4361114B8361D1
:1038F00003230374002343748374C37407490023B0
:103900004FF4C25222F012F94FF0FF3007B0BDEC75
:10391000048BBDE8F08F00BF0A380700F480060072
:1039200080969800D4BB0020CB0C002022380700E2
:10393000BC300700433B0700C84A062013700BF059
:1039400083FA38B1C64B43610223037400234374E6
:103950008374C3740023C3494FF4865222F0E6F8FF
:1039600003221021002020F0C4FB032280461121F5
:10397000002020F0BEFB48EA000848EA04080024C2
:1039800004AA102120468DF810408DF8114000F057
:103990001FFB0DF1110248EA00081121204600F03A
:1039A00017FB48EA00060A209DF810709DF8115098
:1039B0000BF04AFA58B1AC4B43610323C0E9063718
:1039C000C0E908350623037444748474C474A5499B
:1039D00000234FF4435222F0A9F89EB108200BF0C7
:1039E00033FA48B1A14B4361A14B836103230374B4
:1039F000002343748374C3749A4900234FF4C25262
:103A000022F094F806200BF01FFA38B1994B43616D
:103A100002230374002343748374C3749149002305
:103A20004FF4865222F082F81E2020F037FB924B92
:103A30001D7845F020052A461521002020F059FB6D
:103A4000012204461621002020F053FB8B4B93F8F3
:103A50000080044342461721002020F04AFB3443F3
:103A6000044308221821002020F043FB4FF00009F6
:103A700004430DF11202152148468DF812908DF87D
:103A800013908DF814908DF8159000F0A1FA0DF1B7
:103A9000130204431621484600F09AFA05AA04438B
:103AA0001721484600F094FA0DF11502044318213D
:103AB000484600F08DFA04430C209DF812709DF8E2
:103AC00013609DF814B09DF815A00BF0BDF980B1FE
:103AD0006B49C0F82CA0C0E90515C0E90776C0E91C
:103AE000098B0823037480F8119080F8129080F8F5
:103AF00013905C49002344F2C00222F017F89CB1F5
:103B000008200BF0A1F948B15E4B4361584B83612B
:103B100003230374002343748374C3745149002343
:103B20004FF4C25222F002F8574AFF231370574A4B
:103B3000137000F003F9002814BF58221822032143
:103B4000002020F0D6FA0DF1160205464F21002084
:103B500000F03EFA9DF916804D4B07EE908AB8EEC4
:103B6000E77ADFED4C7AB7EE008A07EE278A054345
:103B70000A202C4383ED008A0BF066F9054670B1EC
:103B8000454BC0E9053818EE100AE3F7B5FD0623EA
:103B9000C5E908012B7400236B74AB74EB7400232C
:103BA0004FF4435228462F4921F0C0FFF0EE490A56
:103BB000B0EE680ADDE90001FEF7B0FE062204431C
:103BC0000A21002020F095FA0025344B8DF817507B
:103BD00004430DF117020A2128461D7000F0F8F980
:103BE000044308209DF817600BF02EF948B12C4BC8
:103BF00043610623C0E906360423037445748574C3
:103C0000C574184900234FF4035221F08FFFB4B15B
:103C100008200BF019F948B1224B4361144B836122
:103C200003230374002343748374C37400234FF489
:103C3000C2520C4921F07AFF04EAE47066E60620DD
:103C40000BF002F930B1184B436102230374447442
:103C50008474C47400234FF48652EAE7D00C002029
:103C600049380700F480060079380700C03807009B
:103C7000433B0700E8380700D10C0020D20C00209D
:103C80001039070083390700CD0C0020CC0C002030
:103C900000070020C364AA3AB3390700D5BB00204F
:103CA000DE390700063A0700343A07000C4B0D4A8C
:103CB000002010B518700C4B1870FF2313700B4ABE
:103CC00012211370012220F014FA0446022020F081
:103CD000E5F91CB1BDE81040FFF7CAB810BD00BF40
:103CE000D4BB0020CD0C0020D5BB0020CC0C002084
:103CF000024B1860024B01221A707047946000203A
:103D0000E0BB002010B503460648C05C38B9064C3D
:103D100054F823406160054941F8232010BD4FF05D
:103D2000FF30FBE7E0BB00209C6000208C6000209F
:103D3000014B1860704700BF88600020014B186875
:103D4000704700BF886000207FB5194B1C5C012CB8
:103D500011D0022C1FD044BB164BC3E900121649E8
:103D600001234B60154B53F82000224604B0BDE8F8
:103D7000704020F0A3B9124B53F8203018689B888C
:103D8000CDE9011202228DF80C2001A9224620F073
:103D9000A1F904B070BD0B4B1B6833B10A481B6816
:103DA000007804B0BDE8704018474FF0FF30F0E7EE
:103DB000E0BB002078600020140700209C600020F9
:103DC0009460002088600020DFBB002030B5174BD6
:103DD0000C46195C85B029B1012917D04FF0FF308E
:103DE00005B030BD124B134D1D60134DDA6055F810
:103DF0002050124AC3E9015402235360104B53F878
:103E0000200005B0BDE8304020F058B90D4B53F804
:103E1000203018689B88CDE9014203228DF80C20E0
:103E20000A4601A920F056F9DAE700BFE0BB0020FE
:103E300068600020D6BB00208C6000200C070020AA
:103E40009C6000209460002070B5274D2D5C86B0EA
:103E5000012D0A9C1ED0022D32D0002D41D1234DC0
:103E6000234EC5E90012234901254D60224D2E60E5
:103E7000224EEC6056F820601644214AC5E90163E1
:103E8000022353601F4B53F8200006B0BDE870407A
:103E900020F014B91C4D55F820502868AD88CDE9A4
:103EA0000012CDE90334002207238DF808208DF895
:103EB000143002222B46694620F00CF906B070BD82
:103EC0001248006868B1057AA5423CBF104C2478BE
:103ED0000A9444680F480078A44606B0BDE87040D4
:103EE00060474FF0FF30E9E7E0BB0020786000203A
:103EF000D6BB002014070020686000208C600020E2
:103F00000C0700209C600020946000208860002046
:103F1000DEBB0020DFBB00201FB58DF80F10094964
:103F2000095C29B99DF80F1061F07F018DF80F1021
:103F300000930DF10F0113460122FFF785FF05B035
:103F40005DF804FBE0BB002030B51C461B4B8BB07A
:103F500015461A5C8DF807102AB1012A14D04FF0CB
:103F6000FF300BB030BD164B0DF107011960012178
:103F7000C3E901151349DC6002234B60124B53F86F
:103F8000200020F09BF8ECE7104B9DF8071053F849
:103F900020308DF80F100DF10F0118689B88CDE9C6
:103FA000041200228DF8182004A90222CDE907543A
:103FB0008DF8242020F08EF8D3E700BFE0BB00206E
:103FC00078600020140700209C600020946000208E
:103FD0001FB51346094A8DF80F10125C22B9CAB2F8
:103FE00062F07F028DF80F20012200920DF10F0187
:103FF000FFF72AFF05B05DF804FB00BFE0BB00201F
:104000002DE9F341114F98463B5C05460C46164698
:104010000BB941F080040DF1070221462846FFF755
:10402000D7FF80B99DF8073023EA060206EA0806A2
:104030003243934207D07B5D0BB904F07F042146E5
:10404000284620F056F802B0BDE8F081E0BB002021
:104050002DE9F8431646124A89461D46115C089B15
:1040600040F2FF3443F6FF72002908BF14460746AA
:10407000B4FBF3F44FF000085C4315B94046BDE8CB
:10408000F883AC4228BF2C46324623464946384680
:10409000FFF742FF264448EA00082D1BEDE700BF6A
:1040A000E0BB00202DE9F04F9DB017460E4607906B
:1040B000414BD7E90001002255EC124B5BEC11ABF0
:1040C0008DED000BE3F7BAF9DDE90023C7E9000144
:1040D00010461946E3F768FB5246CDE902015B46FC
:1040E00050465946E3F760FB2246CDE904012B46D2
:1040F00020462946E3F758FBDDE90423804689463C
:10410000DDE90201E3F79AF942464B46E3F796F9F7
:1041100041EC100B1CF094FCD6E9000153EC102B81
:10412000E3F78CF99DED027B8DED087B9DED047B23
:10413000C6E9000152465B46504659468DED0A7B62
:10414000CDE90C89E3F77AF922462B468046894669
:10415000E3F72AFBDDE90023CDE90E0110461946FD
:10416000E3F76CF922462B4606460F46E3F71CFBA5
:104170005246CDE910015B4630463946E3F714FB61
:104180002246CDE912012B4620462946CDE9146787
:10419000CDE91689E3F752F9074B0022CDE9180162
:1041A000CDE91A23079801230A2208A91FF0B0FFBE
:1041B0001DB0BDE8F08F00BF0000F03F2DE9F04FCB
:1041C00095B08DED060B05904FF490708DED081BAA
:1041D0000D461CF001FADFF830A3DFF83083CAF88F
:1041E00000000A27002606222B461146CDE901666B
:1041F00000971FF0DFFFC0201CF0EEF90624C8F87E
:1042000000002B462146CDE90164042200971FF0EF
:10421000D1FFC0201CF0E0F9DFF8F4922B46C9F87A
:1042200000002246CDE90146042100971FF0C2FF9D
:1042300080201CF0D1F9A84E042230602B46114694
:10424000CDE9014400971FF0B5FFDDE90823DDE962
:104250000601E3F7D3FBCDE9100130689F4D04213F
:1042600000F0C6FC04213068EAF7E2FFC0201CF031
:10427000B3F928600194D9F8003000930423316821
:104280001A46E9F729FE3068954E22F013FFD9F857
:10429000000022F00FFF4FF490701CF09DF9306089
:1042A00001942B680093D8F800108E4D2246042309
:1042B000E9F712FED8F8000022F0FCFE4FF49070EF
:1042C0001CF08AF9DAF80070D6F8009028600446ED
:1042D000B84607F5907AF8E80201F9E80223E3F717
:1042E000ABF8D045E4E80201F5D1384622F0E2FE11
:1042F00030687D4F7D4C22F0DDFE4FF490701CF055
:104300006BF90026C0E90267C0E90467C0E90C67E1
:10431000C0E91067C0E91867C0E91A67744F2060E8
:10432000002200230026C0E90023C0E90623C0E9DB
:104330000823C0E90A23C0E90E23C0E91223C0E91B
:104340001423C0E91623C0E91C23C0E91E23C0E9D9
:104350002023C0E92223C0E92423C0E92623C0E9A1
:104360002823C0E92C23C0E92E23C0E93023C0E96B
:104370003223C0E93423C0E93623C0E93A23C0E937
:104380003C23C0E92A67C0E93867C0E93E23C0E999
:104390004023C0E94223C0E94423C0E946674FF403
:1043A00090701CF019F9534F0626386001962B685F
:1043B0000093216833463246E9F78EFD20684E4C63
:1043C00022F078FE28684D4D22F074FE4FF4907074
:1043D0001CF002F93246014628603868EAF778FF97
:1043E00030201CF0F9F8206030201CF0F5F8444A29
:1043F00010606422CDE900620346226829683868AB
:1044000000F0B4FE386822F055FED4F800B0DA4669
:10441000FAE8026701250024FAE8028932463B46A1
:1044200040464946E3F750FC10B146464F462C46FD
:104430000135062DF0D1584622F03CFE304B314D6F
:10444000186822F037FE30201CF0C6F82B4A28608E
:104450000346106800EBC404D4E90067C3E90067B1
:10446000D4E90C67C3E90267D4E91867C3E90467B4
:10447000D4E92467C3E90667D4E93067C3E908676C
:10448000D4E93C67C3E90A6722F014FE2C6894ED76
:10449000047B8DED067B94ED067B8DED087B94ED22
:1044A000087BD4E900898DED0A7B94ED0A7B4246B6
:1044B0004B46404649468DED0C7BD4E902ABE3F711
:1044C00073F9524606460F465B4650465946E3F797
:1044D0006BF902460B461DE0FC600020F8600020EE
:1044E000F4600020F06000200000E03F0C6100203C
:1044F0000000D0BFEC600020E0600020E4600020FD
:10450000DC600020D86000200861002004610020E9
:104510000061002030463946E2F790FFDDE90623CE
:1045200006460F4610461946E3F73EF902460B468B
:1045300030463946E2F782FFDDE9082306460F469A
:1045400010461946E3F730F902460B463046394625
:10455000E2F774FFDDE90A2306460F4610461946C6
:10456000E3F722F902460B4630463946E2F766FF8A
:10457000DDE90C2306460F4610461946E3F714F909
:1045800002460B4630463946E2F758FF41EC100B25
:104590001CF056FA57EC106B404632463B464946F3
:1045A000E3F72CFA8046894632463B465046594648
:1045B000C4E90089E3F722FA32463B46CDE90E0111
:1045C000C4E90201DDE90601E3F718FA32463B4689
:1045D000CDE90601C4E90401DDE90801E3F70EFABB
:1045E00082468B4632463B46C4E906ABDDE90A010A
:1045F000E3F704FA32463B46CDE90801C4E9080175
:10460000DDE90C01E3F7FAF906460F46C4E90A674B
:104610000022002340464946E3F738FBF8B109F190
:10462000004363600E9BA3600F9BC4F8008003F1FE
:104630000043E360069B2361079BC4F818A003F1C5
:10464000004363610BF10043E361089B2362099B14
:10465000A66203F10043636207F10043E362202096
:104660001BF0BAFFB14EB24F3060012301933B689B
:10467000B04C00932168DFF8D082AF4D04220623AE
:10468000E9F72AFC2068AD4C22F014FD18201BF03D
:10469000A3FFC8F8000048201BF09EFF20605020B8
:1046A0001BF09AFF034628603868D0E900ABC3E9E5
:1046B00000ABD0E902ABC3E902ABD0E904ABC3E97C
:1046C00004ABD0E906ABC3E906ABD0E908ABC3E95C
:1046D00008ABD0E90AABC3E90AAB22F0EBFC3068C7
:1046E0002B68D0E9006202F10047C3E90C67D0E90A
:1046F000026202F10047C3E90E67D0E9046202F1E9
:104700000047C3E91067D0E9066202F10047C3E938
:10471000126722F0CFFC28682368894DD0E9006732
:10472000C3E90067D0E90A67C3E90267D0E908670F
:10473000C3E90467D0E90A67C3E90667D0E90267FD
:10474000C3E90867D0E90667C3E90A67D0E90867E3
:10475000C3E90C67D0E90667C3E90E67D0E90467CF
:10476000C3E91067D0E90C67D8F80030C3E90067E7
:10477000D0E90E67C3E90267D0E91067C3E90467AF
:1047800090ED127B8DED0A7B22F094FC18201BF03B
:1047900023FF286048201BF01FFF6A4F2368386002
:1047A000024603F14801F3E802898B42E2E80289FC
:1047B000F9D1032100F01CFA0126634C3868DFF8B8
:1047C0009881DFF898910321EAF732FD019623687A
:1047D00000930323396828681A46E9F77DFB2068AF
:1047E000564C22F067FC3868584F22F063FC2B6867
:1047F000D3E9000202F10041C3E90001D3E902025A
:1048000002F10041C3E90201D3E9040202F10041CF
:10481000C3E9040118201BF0DFFE386001962B6805
:104820000093032321681A46E9F756FB01963B687B
:1048300000932968464D0323324612A8E9F74CFB42
:104840003868444F22F036FC48201BF0C5FE032296
:10485000014628602068EAF73BFD48201BF0BCFEBB
:1048600048220021386022F069FC18201BF0B4FEB9
:10487000C8F8000018201BF0AFFE03266422C9F818
:104880000000CDE900620346D8F8002029682068BE
:1048900000F06CFC206822F00DFCD8F80040D7F83E
:1048A000008094ED000B1CF0CBF888ED000B94ED2C
:1048B000020B1CF0C5F888ED080B94ED040B1CF0FE
:1048C000BFF8204688ED100B22F0F4FBD9F8000069
:1048D00022F0F0FB2C6894ED067BD4E900AB8DED63
:1048E000067B94ED0C7B52465B46504659468DED57
:1048F000087BE2F759FFDDE906238046894610462A
:104900001946E2F751FF02460B4640464946E2F798
:1049100095FDDDE908238046894610461946E2F7F1
:1049200043FF02460B464046494619E0D46000204A
:10493000D8600020F8600020D0600020CC6000200B
:10494000C4600020C8600020E8600020C060002033
:10495000BC600020B0600020B8600020B46000207F
:10496000E2F76CFD41EC100B1CF06AF859EC108B6F
:10497000504642464B465946E3F740F84246C4E9A2
:1049800000014B46DDE90601E3F738F84246C4E989
:1049900006014B46DDE90801E3F730F894ED087BAA
:1049A000D4E902AB8DED067B94ED0E7BC4E90C01DE
:1049B00052465B46504659468DED087BE2F7F4FEC1
:1049C000DDE906238046894610461946E2F7ECFEEB
:1049D00002460B4640464946E2F730FDDDE9082332
:1049E0008046894610461946E2F7DEFE02460B462F
:1049F00040464946E2F722FD41EC100B1CF020F83E
:104A000059EC108B504642464B465946E2F7F6FFAA
:104A10004246C4E902014B46DDE90601E2F7EEFF3A
:104A20004246C4E908014B46DDE90801E2F7E6FF2A
:104A300094ED0A7BD4E904AB8DED067B94ED107BFD
:104A4000C4E90E0152465B46504659468DED087B3F
:104A5000E2F7AAFEDDE9062380468946104619469C
:104A6000E2F7A2FE02460B4640464946E2F7E6FC64
:104A7000DDE908238046894610461946E2F794FE90
:104A800002460B4640464946E2F7D8FC41EC100B83
:104A90001BF0D6FF59EC108B504642464B46594608
:104AA000E2F7ACFF4246C4E904014B46DDE90601EA
:104AB000E2F7A4FF42464B46C4E90A01DDE90801DA
:104AC000E2F79CFFC4E9100148201BF085FDDFF8E8
:104AD0001C81434CC8F8000048201BF07DFD20607D
:104AE00001963B680093324633462968E9F7F4F9AA
:104AF000386822F0DFFA286831461FF005FD01967C
:104B00002B6800932168D8F8000033463246E9F755
:104B1000E3F92868334D22F0CDFA206822F0CAFA72
:104B200048201BF059FDDDE90A2328600446DDE931
:104B30001201E2F781FC41EC100B1BF081FFD8F869
:104B4000008057EC106BC14608F1480ADDE91023DC
:104B5000F9E80201E2F728FE32463B46E2F74EFF53
:104B6000CA45E4E80201F1D11F4C404622F0A2FA06
:104B70002368D3E90001E3F70FF9059B1860246867
:104B8000D4E90201E3F708F9059B5860D4E9040170
:104B9000E3F702F9059B9860204622F08BFA059C0A
:104BA00008262B68334453E90201E3F7F5F8E06087
:104BB0002F6807EB0608D8E90001E3F7EDF820615C
:104BC000D8E90201E3F7E8F81836502E606104F1E5
:104BD0000C04E6D1384622F06DFA15B0BDE8F08F2E
:104BE000AC600020A4600020C4600020A860002009
:104BF0002DE9F04F8BB0CB000193083305910446AB
:104C0000089305460027059B9F42A04603DB002032
:104C10000BB0BDE8F08FFB0009930026B742D5E941
:104C200000AB24D10022002350465946E3F738F860
:104C3000002851D14BEC10AB1BF002FF2E4653EC79
:104C4000102BA6EC020B26490020E2F7D7FE019BB1
:104C5000CDE906012344049398460137049B9E4204
:104C600036D0099BA246C34608EB03091DE0F8E8CD
:104C7000022310461946E2F797FD02460B465046BE
:104C80005946E2F7D9FB0136C5E90001C6E7FAE863
:104C90000223FBE80201E2F787FD02460B46DDE94D
:104CA0000201E2F7C9FBC9E9000199ED007BAA45C1
:104CB0008DED027BEBD153EC172BDDE90601E2F71A
:104CC00073FD019BC9E900019844E6E80201C5E7CC
:104CD000089B34461D4496E74FF0FF3098E700BF2D
:104CE0000000F03F2DE9F84F4D1CED00DFF844B017
:104CF00004460E4600F10803A5F108094FF000082C
:104D00004F1E4FF0000A474508DC002ED8BF002791
:104D100005FB0744C4E900ABBDE8F88F43E902ABEB
:104D200018464A46002122F009FA034608F1010814
:104D30002B44E8E70000F03F2DE9F04F85B0154621
:104D4000109F02930A2301FB02F497FBF3F203FB8B
:104D500012776B1E0393DB0000EBC40403F1080B16
:104D600004EB0B0AE218064688464FEAC109019295
:104D7000DAE90001002F43D10B4602990246D1E93E
:104D80000001E2F75BFB029BC3E9000109F108099E
:104D9000AF422ADDA5EB080505F10055023D04EB05
:104DA000C50354F83500039D5B6854F83520019C19
:104DB000646823F0004124F00043E2F73FFB0E9CBF
:104DC00002460B46C4E90023E2F7EEFC0F9BC3E961
:104DD000000100221C4BD4E90001E2F7E5FC234668
:104DE000C3E9000105B0BDE8F08FD6E90001DAE9BA
:104DF0000023E2F721FB0137C6E900014E44C7E773
:104E0000A4EB0904E51802460B46D5E90001E2F7D8
:104E100015FB0E9BC3E90001DAE90023D5E9000187
:104E2000E2F7C2FC019B5C44D3E9002306460F462F
:104E3000D4E90001E2F7B8FC0B4602463946304699
:104E4000E2F7FAFA0F9BCBE70000F83F2DE9F04FAD
:104E50001D46A9B09346941EEA0025926FF0070202
:104E6000A2EBC50263430392ABF1030200EBC30361
:104E7000521B03EBC2060BEB050203EBC2070BEB65
:104E80004502013A8DED0E0B8DED261B03EBCB0A8F
:104E900003EBC203099024910893249B9C4221DADE
:104EA000A11C01FB05F22598099FD30003EBC40365
:104EB0000830E6003B444FF000084FF00009594528
:104EC00040F3DA802A4406EBC203099A1A44E11C33
:104ED000134600260027594540F3D380204629B0C9
:104EE000BDE8F08F1AED047BDDE90E2351EC170BC2
:104EF0008DED007BE2F7A0FADDE90023E2F754FC38
:104F0000DDE92623E2F79AFA57E90423E2F776FD72
:104F10005AE90223E2F792FA17ED027BCDE90A0182
:104F200053EC172BDDE900018DED047BE2F786FAE7
:104F3000DDE90E23E2F780FA089B93ED007B0A9BE4
:104F400010930B9B23F00043CDE9113021F0004377
:104F50001393DDE9122380468946DDE910018DEDCA
:104F6000067BE2F76BFA069B1493079B23F0004342
:104F70001593DDE91423E2F761FA02460B46CDE909
:104F80000C01DDE90A01E2F739FDDDE90C23CDE989
:104F90000A0140464946E2F731FDDDE90C2380462F
:104FA0008946DDE90601E2F729FD249B9C423FF496
:104FB00077AF5AF8183C16935AF8143C23F0004384
:104FC000CDE9173829F00043CDE9193021F000432D
:104FD0001B93DDE91A23DDE91801E2F72FFA0246F7
:104FE0000B46DDE91601E2F7DFFB33681C937368BB
:104FF00023F000431D93009B1E93019B23F000436D
:105000001F93DDE91E23CDE90601DDE91C01E2F76E
:1050100015FA049B2093059B23F000432193DDE9BF
:105020002023E2F70BFA0A9B22930B9B23F0004309
:105030002393CDE90001154B0022DDE92201E2F7BF
:10504000B3FB02460B46DDE90001E2F7ADFB0B4680
:10505000039902468A4403980E440F440899014478
:105060000891DDE9060104F1FF38E2F719FE002896
:105070007FF416AF444610E7C3E9008901310344C9
:105080001DE7C3E900670131034424E70000B03C99
:105090002DE9F04F2DED028B1C468246D0E900032E
:1050A00089B0E50006910AEBC40623F0004105F142
:1050B000080303920793B0460127A74213DB2A4B4C
:1050C0000022E2F771FB039B41EC180B04F1FF3B5C
:1050D0001D4400260027BBF1000F19DA09B0BDEC12
:1050E000028BBDE8F08F06EB050BC146D94504D114
:1050F000079B2E4401379844DFE7F9E8022323F0A9
:10510000004304920593DDE90423E2F797F9EDE704
:1051100075E9028932463B4640464946E2F7ACFD16
:1051200068B1B0EE480AF0EE680A039A0699009456
:105130005B465046E9F740FB0BF1FF3BCBE73246BD
:105140003B4640464946E2F7A1FD0028F4D0B0EEC8
:10515000480AF0EE680A039A069900945B465046A6
:10516000E9F712FDE8E700BF0000B03C2DE9F04F81
:1051700093B09346984600220023CDE910231C9B50
:1051800005914FEAC3095C1EC9F1000305460D9362
:10519000002C70DB04FB09530C930C9A04F10053B0
:1051A000013B02EBC3030E936FF00703A3EB09036C
:1051B0004FF0010A0F933FE03B6806937B6823F0B2
:1051C00000430793A7EB09031A685B68089223F072
:1051D00000430993BB680A93FB6823F000430B93D9
:1051E000DDE90A23DDE90801E2F728F92C4B00226A
:1051F000E2F7DAFA0B460F9902460F44DDE90601A1
:10520000E2F74EFD30B9049B0D9A1344013E04931E
:10521000002ED1D1A31B17D0012B1FD010AB0193AF
:105220001C9BCDF808A000930599234632462846DA
:105230001FF0D3F80AF1010A1D9B9A452DDC0C9B47
:105240000E9F04932646E3E79DED100B049833462A
:10525000424659461EF0C9FF013C99E71C9B00934A
:10526000013C9DED100B0599019443465A46284692
:10527000E8F7E6FEF0E71C9B424659462846FFF752
:1052800007FF1C9B00932846059943465A46E9F7B9
:10529000D7FB002013B0BDE8F08F4FF0FF30F9E7E7
:1052A0000000B03C2DE9F04F99B0044605911092F2
:1052B0000C93A3887E2B00F20081002623680193C3
:1052C000B346334637460396109AB24222DCA5888D
:1052D000A5F108036F2B04D9059B1B78FF2B00F069
:1052E000EB80082009F0B0FD40B1754BC0E90535F1
:1052F00003230374002343748374C37400234FF4A3
:10530000C452704920F012FC0023059AA380FF23A9
:105310001370CEE703990C9A525C0A92229A3A448F
:105320000D92229AD25D0692239AD25C08920133A2
:105330000B930C9B0A9A0B44049313440E93A2887C
:105340000E990498A2F1080381429BB212D1039BEB
:105350000A9A01331A44069B03920137089A1F44A4
:105360000B9B9344134401220699914200F39D80C4
:105370000136A9E704996F2B11F8018F049101D828
:105380009045DCD10DF14F030022019841461FF0FA
:1053900007F90D9B0793229B069ADDF82C90CDF818
:1053A00024B03B4413440F93089B0293A8F11003CD
:1053B000DBB21193079B0F9A9342C0D0079B13F85F
:1053C00001AF0793059B1B78FF2B01D0534533D1C9
:1053D000BAF1400F20D1119B032B1DD840F24B1383
:1053E000ADF8503014AB1593022316938DF85C3052
:1053F000019B01989A689DF85C3043F002038DF898
:105400005C3095684346012215A9A847002896D12B
:10541000422000211AF0A0F8019815AB52464146EF
:105420001FF0BEF80546002889D1239B9DF8542023
:105430004B440299A9420CD1029B029A9944099BC0
:1054400013440993239B13F80930029309F10109CE
:10545000B0E713F8011B914225D1059BA4F8048005
:105460000A2083F800A0019209F0EEFC60B1164B0F
:10547000019AC0F81CA0C0E9053805230374002375
:10548000026243748374C37400230E494FF42352A1
:1054900020F04CFB099B2B441D46249B53F8250010
:1054A00019B0BDE8F08F0135C3E72399C95C01331A
:1054B0000B448B44013257E7A3804FF0FF30EFE7F6
:1054C000F93B070014820600B13B070007EE900A83
:1054D000F8EEE76ADFED1C7A86EEA77AF8B51B4B8B
:1054E0001B4F05460A202DED028BD3ED007A87EE87
:1054F000278AFDEEC87A17EE903A1EB23E8009F078
:10550000A3FC044670B1134B436118EE100AE2F796
:10551000F3F80523C4E906012374002326626374AB
:10552000A374E3740C4900234FF42352204620F067
:10553000FDFA0A4B38881B685B6A9847084B1D6068
:10554000BDEC028BF8BD00BF00007A44486100202A
:10555000C0800020483C0700FC8106003C0700207A
:105560002C07002070B50C4B002408201D6A1C700D
:1055700009F06AFC38B1094B4474C0E905350323CE
:1055800003748474C474BDE87040054900234FF46B
:10559000C65220F0CBBA00BF50050020643C070083
:1055A000FC81060070B5124C2378C3B9114D2C78DC
:1055B000CCB9114819F0CCF9062009F045FC30B1FE
:1055C0000E4B43610223037444748474C474BDE8B5
:1055D00070400B4900234FF4865220F0A7BA0120F7
:1055E0001FF00BF8E0E701201FF007F8DFE700BF2E
:1055F000F0BB0020E9BB0020202900208D3C0700E3
:10560000FC81060010B5094C23785BB121F028FD20
:10561000074BC3E90001002323700648BDE8104092
:1056200019F0FCBF0123237010BD00BFE8BB0020B0
:10563000082A0020202900201FB5064B0293064BA4
:105640000193064B00930222054BFFF72BFE05B09A
:105650005DF804FBF08806007D49070095490700C6
:105660009B490700044B1B68002BA6BF034A52F856
:1056700023000348704700BF440700204008002073
:10568000A53C0700014B1878704700BFF1BB002014
:10569000044B1B68002BA6BF034A52F823000348A3
:1056A000704700BF4007002094070020BB3C070064
:1056B000044B1B68002BA6BF034A52F82300034883
:1056C000704700BF480700209C080020BB3C070033
:1056D0002DE9F0412F4B304F1B68304EB3F8922428
:1056E0001AB1BA8093F896243270B3F894242C4CF3
:1056F0002C4D1AB1A28093F897242A7093F899340C
:10570000D3B1A38803F07F037F2B15D1062009F0C6
:105710009BFB38B1244B4361022303740023437481
:105720008374C374002321494FF4865220F0FEF99C
:105730000023A380FF232B700820BF88367809F050
:1057400083FB48B11A4BC661C0E9053704230374D3
:10575000002343748374C374144900234FF4035229
:1057600020F0E4F90820A6882C7809F06DFB48B1F8
:10577000104BC461C0E9053604230374002343744D
:105780008374C374BDE8F041084900234FF4035209
:1057900020F0CCB9D00600208C070020D40C0020CB
:1057A0007C610020D30C0020C03C0700FC81060077
:1057B000F73C07001D3D0700094B0A4A1B68928809
:1057C000A3F89224084A9288A3F89424074A1278EE
:1057D00083F89624064A127883F89724F2F7B2B831
:1057E000D00600208C0700207C610020D40C002013
:1057F000D30C0020054B1B680022A3F89224A2F5CD
:105800008032C3F89424F2F79DB800BFD006002080
:105810002DE9F0472DED028BB24D82B000AF2B7811
:10582000002B40F08E80B04E3378002B40F02C815E
:1058300001242C70FFF74CFF00239FEDAC0A7B6026
:10584000391D204604F0C0FC804610BB97ED018A4C
:10585000B5EE408AF1EE10FA1BD0082009F0F4FAF8
:10586000044678B1A24B436118EE100AE1F744FFF9
:10587000C4E906010423237484F8118084F812809B
:1058800084F813809B4900234FF40352204620F0F4
:105890004DF932201EF0B3FE97499848DFF8C082D8
:1058A000DFF8C0920122F8F761FB041E1BDA062024
:1058B00009F0CAFA38B1924B436102230374002302
:1058C00043748374C3748B4900234FF4865220F0D1
:1058D0002DF989498948FFF7AFFE041EC0F2D68032
:1058E0008648FEF705FA162C2FDD062009F0ACFAE3
:1058F00038B1844B436102230374002343748374DF
:10590000C3747C4900234FF4845220F00FF9FFF751
:1059100071FF00240820C8F800902C7009F094FA58
:1059200040B1794B4361794B836103230374447421
:105930008474C4746F4900234FF4C25220F0F6F807
:10594000BEE001201EF059FE69E7714BEA4688B0BF
:1059500053F824306A466F49C2E905134FF40073C7
:1059600093836D4B42F8103F002362484FF4E65199
:1059700009F04AFC694B53F82430D546002BC6D0B9
:105980004B45C4D00620C8F8003009F05DFA38B1A4
:10599000634B436102230374002343748374C37411
:1059A000544900234FF4845220F0C0F8062009F037
:1059B0004BFA38B15B4B43610223037400234374F9
:1059C0008374C3744B49DFF8A081DFF8A0910023F2
:1059D0004FF4845220F0AAF8534B544A1A60002323
:1059E00088F80030FFF7E8FE514B1C60514B4FF038
:1059F000FF321A60504B1B6893F8993489F80030D5
:105A0000E3B198F800A0BAF1000F67D1062009F0C1
:105A10001BFA48B1494B43610223037480F811A07B
:105A200080F812A080F813A0002332494FF484526A
:105A300020F07CF899F80030002B4DD1404998F8BF
:105A40000000404B404A002818BF1346E8468AB081
:105A50006A463E48D3613E4B13623E4BC2E90501A4
:105A600042F8103F234800234FF4235109F0CCFBA8
:105A70004FF0FF312046C546EEF79AF8012000218D
:105A80003070297004F028F800201FE0082009F089
:105A9000DBF948B1304B43611C4B83610323037432
:105AA000002343748374C374002312494FF4C25219
:105AB00020F03CF8FFF79EFE0023C8F800902B7002
:105AC0000121084604F008F84FF0FF300837BD46C2
:105AD000BDEC028BBDE8F0872049B0E71F491A4BA7
:105AE000B4E700BFF0BB0020F1BB0020000000477E
:105AF0004C3D0700FC810600D40C00208C070020E0
:105B0000693D0700823D0700B43D0700C347070019
:105B100040080020973D070003000001E407002033
:105B2000CA3D0700EB3D070038070020408906000A
:105B30004407002040070020D0060020043E070054
:105B4000E3D4060056BB060052BB06003E3E0700EB
:105B50000002010304000002A03D0700E9870700DE
:105B60003C07002060890600EEBB0020EDBB002052
:105B700008B503F013F9FFF74BFED8B1F7F7E2FFD2
:105B800005201EF03CFD062009F05EF938B10B4BF4
:105B9000436102230374002343748374C37400239A
:105BA0004FF4865206491FF0C1FF064B00229A802F
:105BB000FFF72EFEBDE8084003F0EAB85F3E07009D
:105BC000FC8106008C0700202DE9F14F062009F02A
:105BD0003BF938B16E4B43610223037400234374D5
:105BE0008374C3746B496C4E6C4F00234FF4865220
:105BF0001FF09CFF0025336803EB85030E20D3F8CC
:105C000044A1D3F85091D3F85C81D3F868B109F07E
:105C10001BF90446D0B147615046E1F76DFDC4E978
:105C200006014846E1F768FDC4E908014046E1F78E
:105C300063FDC4E90A015846E1F75EFD0A23C4E9A1
:105C40000C01237400236374A374E374514900238B
:105C500045F2C002204601351FF068FF032DCAD16E
:105C600033680C20D3F8FC80D3F80071D3F80451CA
:105C700009F0EAF80446B0B1494B43614046E1F708
:105C80003BFDC4E906013846E1F736FDC4E90801E9
:105C90002846E1F731FD0823C4E90A0123740023F3
:105CA0006374A374E37400233A4944F2C0022046AB
:105CB0001FF03CFF3B4B1B78002B4CD03A4B1B7822
:105CC000002B48D0062009F0BFF838B1374B4361AC
:105CD00002230374002343748374C3742D49002387
:105CE0004FF486521FF022FF00252F46336803EB46
:105CF00085030E20D3F814B1D3F820A1D3F82C914A
:105D0000D3F8388109F0A0F80446D0B1234B4361A1
:105D10005846E1F7F1FCC4E906015046E1F7ECFC16
:105D2000C4E908014846E1F7E7FCC4E90A01404636
:105D3000E1F7E2FCC4E90C010A2323746774A77439
:105D4000E7741449002345F2C002204601351FF0D4
:105D5000EDFE032DCAD1336893F88031A3B106203C
:105D600009F072F838B1124B436102230374002327
:105D700043748374C374074900234FF4865201B0FF
:105D8000BDE8F04F1FF0D2BE01B0BDE8F08F00BFFC
:105D90005EDD0600FC810600D006002074DD0600F2
:105DA00019E60600EEBB0020EDBB002090FA0600CD
:105DB000793E070010B50D4B1B78B3B10C4B0D4C61
:105DC0001B78206833B1002380F88031BDE8104093
:105DD000F1F7B8BD084B00F281109B689847074A5D
:105DE0002368126883F88021F0E710BDF2BB002021
:105DF000EBBB0020D0060020A0860600480700204C
:105E0000F0B585B00023CDE90133039328B10368D1
:105E100001934368029383680393174B01A81B6A9D
:105E20009847FFF7C7FF0C20019F029E039D09F0D2
:105E30000BF80446B0B1114B43613846E1F75CFC06
:105E4000C4E906013046E1F757FCC4E908012846D9
:105E5000E1F752FC0823C4E90A01237400236374A8
:105E6000A374E3740649002344F2C00220461FF0E5
:105E70005DFE05B0F0BD00BFA08606008F3E0700A6
:105E8000FC810600B0B52B4B82B01A78824200AF7D
:105E900004461AD12849294B6C4688B0002A18BFFD
:105EA0000B466A462649C2E905134FF400739383F3
:105EB000244B42F8103F244800234FF4E65109F0E8
:105EC000A3F9A5460837BD46B0BD204A204B6D4614
:105ED00088B0002808BF13466A461E49C2E9051368
:105EE0004FF400739383174B42F8103F164800237A
:105EF0004FF4E65109F088F9FC71174C2168FA1D3E
:105F0000AD46012301F29941252003F02DFF134BEB
:105F1000134901221A702368D3F88009884202BF0E
:105F2000062183F87919A3F87A29002003F05EFA94
:105F3000C8E700BFEDBB0020E9870700E3D40600F7
:105F4000CA3E070003000001FC810600C03E0700B6
:105F5000B73E0700E23E0700D0060020EBBB002062
:105F60005453524C014B1878704700BFEDBB0020D2
:105F7000014B1878704700BFEEBB0020024B196838
:105F8000024B1868EDF714BE4007002044070020BC
:105F9000054B1B780BB1FFF733BF044A126882F838
:105FA0008031F1F7CFBC00BFF2BB0020D00600204B
:105FB000054B01221A70054A00231360044A13603E
:105FC000044B00221A607047E2BB002034610020BD
:105FD000306100202C61002010B5044C237803B9F7
:105FE00010BD01201EF009FBF8E700BFE9BB00204F
:105FF000044B01221A70044B1B780BB1FFF7D2BA85
:10600000704700BFEFBB0020E9BB00202DE9F04F37
:10601000834E337889B00546002B61D0002800F00C
:10602000FA80804B1B78002B5AD07F4B1B68002BCB
:1060300056D17E4B1B78002B52D17D4B93F80080BC
:10604000B8F1000F4CD17B4F7B4C1EF0C8FA3B6877
:106050004FF0030993FBF9F202EB42029A1A04EBA8
:10606000C20C0133022B44F832003B60CCF8041020
:1060700040F3B08093FBF9F202EB42029B1A04EB6F
:10608000C30254F833305268B0EB030A4EF6602373
:1060900061EB020B9A457BF1000380F09B800A20A4
:1060A00008F0D2FE60B1654B80F81180C0E908AB02
:1060B000C0E905390623037480F8128080F8138044
:1060C00000234FF443525E491FF030FD00230022AD
:1060D0003B600023C4E90023C4E90223C4E904238C
:1060E000FFF786FF002004F06BFD56480CF0B4F873
:1060F000062008F0A9FE38B1534B43610223037414
:10610000002343748374C37400234D494FF48652B3
:106110001FF00CFD464B00241C703470CDB14B4B6E
:106120004B4A9C804B4B9C80FF2313704A4A0620AD
:10613000137008F089FE30B1484B436102230374A9
:1061400044748474C4743E4900234FF486521FF093
:10615000EDFC4FF000084FF0000900240727CDE9BF
:106160000689CDE90374CDE901443D4B3D490094D6
:106170004FF40062334818F0E3F94FF0FF33314831
:106180004FF0FF3219F0D0FB3378FBB1F5B1364B4D
:1061900034492C480094CDE90689CDE90374CDE952
:1061A00001444FF4006218F0CBF9062008F04CFED1
:1061B00030B12E4B43610223037444748474C4745D
:1061C0001F4900234FF486521FF0B0FC307880F056
:1061D000010021E0264AD2E9004740F2DC53041BCB
:1061E00061EB07079C4277F10003BFF479AF082009
:1061F00008F02AFE48B11F4BC761C0E905340423EB
:106200000374002343748374C3740D4900234FF453
:1062100002521FF08BFC002009B0BDE8F08F00BFD8
:10622000F1BB0020F4BF002068610020F3BF002014
:10623000EFBB002064610020182A0020003F070007
:10624000FC81060020290020883F07008C070020E1
:10625000D40C00207C610020D30C00209E3F07005E
:10626000715B040000F40020C9650400B43F07001E
:10627000382A0020363F070070B500201F4EFFF778
:10628000C5FE34780546ACB910BB02F087FD337803
:106290003BB91B4B1B685B689847BDE8704002F038
:1062A00077BD184B1B78002BF3D0174B1B685B682E
:1062B0009847EEE702F072FD337833B1114B1B784B
:1062C0001BB1114B1B685B689847002DE5D1E0E7D7
:1062D000082008F0B9FD40B10C4B43610C4B8361C1
:1062E0000323037444748474C474BDE87040094982
:1062F00000234FF4C2521FF019BC00BFEEBB0020B8
:106300003C070020EDBB002038070020C83F0700F5
:10631000A7470700FC81060010B50020FFF776FEB6
:1063200050B902F03BFD0F4B1B689B6A984704462F
:1063300002F02EFD204610BD082008F085FD48B172
:10634000094B4361094B83610323037400234374A6
:106350008374C374064900234FF4C2521FF0E6FB56
:106360000024E7E73C070020E73F070096470700C7
:10637000FC81060010B50D4B1B78B3B10C4818F02A
:1063800065FE062008F060FD38B10A4B4361022328
:106390000374002343748374C374BDE8104006493A
:1063A00000234FF486521FF0C1BB10BDEFBB00208D
:1063B000202900200B400700FC81060000B52DEDD0
:1063C000048B214B1B7883B0ABB3204BD3ED008AF9
:1063D0001F4B93ED009A1F4B93ED008AB5EEC08AD8
:1063E000F1EE10FA2CDDF2EE047AB4EEE78ADFED7E
:1063F0001A7AF1EE10FA58BFB0EE678A01A9684622
:10640000F5F748FF154BB0EE680A1B68B0EE481A66
:10641000F0EE490A98479DED000AB5EEC00AF1EE8C
:1064200010FA03DDDDED010AF5F72EFF0C4B00201D
:106430000021C3E9000103B0BDEC048B5DF804FB4F
:106440009FED058ADAE700BFF4BF00205861002005
:106450005C610020546100200AD7A33CA08606009E
:10646000102A002008B5FFF7A9FF094B1B7833B1AC
:106470000020FFF78DFDBDE80840FFF79BBC054AF3
:10648000126882F88031BDE80840F1F75BBA00BFBE
:10649000F2BB0020D0060020044B1B781BB1044B3C
:1064A00093ED000A7047034BFAE700BFEABB0020F8
:1064B0003407002030070020074BD3ED007AF5EEBB
:1064C000C07AF1EE10FAC6BFB7EE007A87EE270A5F
:1064D0009FED020A704700BF5C6100200000C842C7
:1064E000074BD3ED007AF5EEC07AF1EE10FAC6BF95
:1064F000B7EE007A87EE270A9FED020A704700BFC9
:10650000586100200000C8432DE9F041431E1B4C98
:106510001E2B4FF001030546237028BF0A251EF0ED
:106520005EF84FF47A736B430026C4E90201C4E9B4
:106530000436A6612662FFF7BFFF0C20D4F81C804A
:1065400010EE107A08F080FC044670B10C4BC0E9E4
:1065500005353846E1F7D0F8C4E908010723C4F847
:10656000288023746674A674E67420460549BDE845
:10657000F04100234FF463521FF0D8BA50050020B9
:1065800021400700FC810600024B1B780BB1FEF78F
:10659000E9BF70475005002038B50A4C257815B979
:1065A0000025284638BD1EF01AF8D4E90232C01A78
:1065B00061EB0201D4E9042390429941F1DBFFF73A
:1065C000E3FFEDE75005002008B5034B1B780BB146
:1065D000E8F786FF08BD00BFF1BB00209FED010A70
:1065E000704700BF000000009FED010A704700BF28
:1065F0000000000038B5284C206820F028FC38B98D
:106600006FF00100254AB0FA80F35B09137038BDC2
:10661000234D284620F01BFC0028F1D06B68A968A8
:106620001B682A6958040ED41E491F4A1F484FF49C
:106630007F731EF0CDFD1E481EF0CAFD1A484FF4B0
:106640007F7102F0C1FB136843F4804313600B6851
:10665000184A0E21284698470028D3D10146142213
:1066600004F10C0020F06AFD04F12002124962617D
:106670004FF40062C4E90112022221460123A26103
:1066800040F20E7251F8040B2361A283A377836852
:106690001B689847B6E700BFA8080020F5BF002098
:1066A000947B06009441070063410700D241070034
:1066B000EF41070007000A000404034010B5164B21
:1066C0001B782BB3154B59681A69096849040ED415
:1066D0001349144A144840F28D631EF079FD1348A3
:1066E0001EF076FD0F4840F28D6102F06DFB1268DE
:1066F000520448BF80F0010038B19B68DB6807484E
:10670000BDE810404FF4804118479B681B69F6E7CD
:106710006FF0010010BD00BFF5BF0020947B0600A4
:106720009441070063410700D2410700EF41070091
:1067300073B5144B1B780BB3134D294651F80C0B52
:1067400083685B6898470023AB77A8B92B68B5F9D5
:1067500020409B6828791B892E7F634301A9019300
:106760000EF028FE08B9019C34410848084A00236D
:1067700084FB0001E1F7BEFC02B070BD6FF00100C8
:10678000FAE700BFF5BF0020A8080020700A170034
:1067900030C8070038B505460120FFF78FFF0446D3
:1067A00028B115B14FF0FF332B60204638BDFFF7FD
:1067B000BFFF04460020FFF781FF05B12C60002CCD
:1067C000F3DB20460249BDE838401DF04FBF00BF53
:1067D000969A060070B520F043FC084B1B68D3E97D
:1067E0000A24D3E90856521B64EB0604121844EB42
:1067F0000104C3E90A24C3E9080170BDD0060020E2
:1068000070B5064606F2F315FFF7E4FF4FF4FA728F
:10681000284B95FBF2F5C5EB451205EB82051B688D
:10682000AD00002000212DB2002EC3E90A01C3E90A
:106830000E011E835E831D863BDB0E2008F004FBE9
:10684000044668B31C4B43613046E0F743FF1B4BE3
:106850000022E1F7D3F8C4E906012846E0F73AFF41
:10686000164B0022E1F7CAF8C4E90801A5F5FA7051
:10687000E0F730FF114B0022E1F7C0F8C4E90A014C
:10688000A6F5FA70E0F726FF0C4B0022E1F7B6F808
:106890000A23C4E90C01237400236374A374E37412
:1068A00020460749BDE87040002345F2C0021FF0B2
:1068B0003DB970BDD0060020AD4907000000594029
:1068C0000C8106001FB50D4B1B68B3F91810B3F906
:1068D0001A20881AB0F57A7F0DDBADF80220D3E9D3
:1068E0000A23ADF80010CDE90223002110236A46E7
:1068F000082003F039FA05B05DF804FBD00600204B
:106900002DE9F04F98208FB019F066FE00254FF06A
:10691000FF3A8146A0F108062F46AB46A8465446EA
:106920002022002106A820F009FC05F10900202200
:1069300006A980B203F074FABDF81820B2B30023A0
:10694000DDE90801E1F7D6FB4FFA85FAC71908F12E
:1069500001084BEB010B02460B46B4F1FF3F08BFA9
:1069600054465FFA88F846F8082F0135132D7360F6
:10697000D6D1B8F1010F01D9631C19D1062008F056
:1069800063FA38B1404B436102230374002343741C
:106990008374C3743D4900234FF484521FF0C6F83A
:1069A00048460FB0BDE8F04F20F084BB1346DAE74D
:1069B000242019F011FE24220021009020F0BEFBBB
:1069C000C4EB441304EB83039B009BB24246029347
:1069D0003846002359460AF10105E1F78BFB2D1BD0
:1069E000C5EB451605EB8606A5EB0805EA1705FB82
:1069F00001F302FB0033B600A5FB0052134436B28C
:106A0000EA194FF0000543EB0B030190039109EBEA
:106A1000C407A8464FEAE67B544515DB484620F0FC
:106A200049FB1B4B009A19681D202423403103F0B9
:106A30009BF9009820F03EFB164A137823F00803D8
:106A400013700FB0BDE8F08FD7E9001051EA000CC9
:106A500004BF01990398491940EB08080D4606FB4D
:106A600008F1A6FB050C05FB0B116144CDE90432CE
:106A7000E1F740FB029B1844009B083723F8140001
:106A8000DDE904320134C7E7104A07000C81060033
:106A9000D0060020F8BF002008B5054B186031B9BA
:106AA000044B186020F0DCFA034BC3E9000108BD79
:106AB000D0080020CC080020802A0020F8B583B23E
:106AC000044642F21070834272D83B4B3B4DB3F9FF
:106AD0000020A24203D1B5F900402046F8BD1C8039
:106AE0004FF4FA7394FBF3F35A1ED2B2112A07D86B
:106AF000334A116801EB4301B1F93E20002A3FD12E
:106B0000C3EB431203EB820242F2273192008C4224
:106B100090B212B212DD00F5FA7001B28A4219DCAD
:106B20004FF4FA7094FBF0F300FB13431BB2891A85
:106B30004B4393FBF0F313441CB21FE02049203376
:106B4000096831F913100029E5D003DB42F604137C
:106B50009942E3DD082008F077F948B1194B436109
:106B6000194B836103230374002343748374C37438
:106B7000164900234FF4C2521EF0D8FF2C80ACE718
:106B800042F22737BC4296B202DCB1F9401059B943
:106B900042F210718E42DDD80133C3EB431103EB97
:106BA00081039B0019B2B9E78642D3D80029CCE70C
:106BB0004FF0FF3491E700BFE80B0020E60B002008
:106BC000D00600206E4C0700035007000C81060021
:106BD000014B1868704700BFD0080020054B1B68A8
:106BE00041F29312A3F2DD50904294BF18464FF049
:106BF000FF307047CC080020014BB3F9000070470C
:106C0000EC0B0020014BD3E900017047802A0020E3
:106C10002DE9F041274F284D3C7814F0010488B04D
:106C200004D0D5E9000108B0BDE8F08100220023BE
:106C3000C5E90023092620220021684620F07EFABB
:106C400020226946304603F0EBF8BDF800206AB117
:106C50000023DDE90201E1F74DFAD5E900238018B0
:106C600043EB0103C5E900030134E4B20136B6B2D7
:106C70001C2EE0D1D4B1D5E90086C4F11400C317AD
:106C800000FB06F108FB0311A0FB080C00232246C1
:106C90006144E1F72FFA3B7810EB080046EB010165
:106CA00043F00103C5E900013B70BCE720462146E3
:106CB000B9E700BFF8BF0020682A00202DE9F041A5
:106CC000254F264D3C7814F0020488B004D0D5E955
:106CD000000108B0BDE8F08100220023C5E90023CF
:106CE000092620220021684620F028FA2022694641
:106CF000304603F095F8BDF8003053B1D5E90021D6
:106D0000049B9B18059A42EB0102C5E9003201344D
:106D1000E4B20136B6B21C2EE3D1D4B1D5E9008677
:106D2000C4F11400C31700FB06F108FB0311A0FB1C
:106D3000080C002322466144E1F7DCF93B7810EBB4
:106D4000080046EB010143F00203C5E900013B7076
:106D5000BFE720462146BCE7F8BF0020602A00209C
:106D60002DE9F041254F264D3C7814F0040488B0FD
:106D700004D0D5E9000108B0BDE8F081002200236D
:106D8000C5E90023092620220021684620F0D6F913
:106D900020226946304603F043F8BDF8003053B175
:106DA000D5E90021069B9B18079A42EB0102C5E931
:106DB00000320134E4B20136B6B21C2EE3D1D4B1B4
:106DC000D5E90086C4F11400C31700FB06F108FBE7
:106DD0000311A0FB080C002322466144E1F78AF965
:106DE0003B7810EB080046EB010143F00403C5E9D2
:106DF00000013B70BFE720462146BCE7F8BF0020FA
:106E0000582A002070B51D4E33781B0703D51C4B44
:106E1000D3E9000170BD1B4B1B4AD3E9001391421B
:106E200073F1000302D200200146F3E7FFF7F0FE02
:106E300050EA010304460D46F5D0144BB3F90000A7
:106E40000028F0DBFFF73AFE42F2107382B29A425A
:106E5000E9D8C317454304FB0355A0FB04010023F5
:106E600042F210722944E1F745F9054BC3E90001EC
:106E7000337843F008033370CCE700BFF8BF00203D
:106E8000502A0020782A002001001E00EC0B002070
:106E900070B50F4E0F4D337813F0100388B002D049
:106EA000286808B070BD2B6009242046202269465E
:106EB00002F0B6FF01342B68BDF80000A4B21844FC
:106EC0001C2C2860F1D1337843F010033370E8E7CD
:106ED000F8BF00208461002070B5104E104D33784B
:106EE00013F0200388B002D0287808B070BD2B7052
:106EF000092420226946204602F092FFBDF80030A6
:106F000013B12B7801332B700134A4B21C2CF0D1B7
:106F1000337843F020033370E6E700BFF8BF00206A
:106F2000F7BF00200A4B1A6800233E3232F9021FD5
:106F3000002907DDDBB2C3EB431203EB82039800A9
:106F400000B270470133122BF0D14FF0FF30704781
:106F5000D0060020094B1B681120643333F9022D41
:106F6000002A07DD0230C0EB401300EB83008000F5
:106F700000B270470138F1D2704700BFD006002040
:106F800030B52B4D2B788DB033B92A481EF0B6F8AA
:106F900001232B700DB030BD27481EF0AFF84FF025
:106FA000FF30FFF72DFC10220021684620F0C6F8C4
:106FB00010236A460021082002F0D6FE0924202270
:106FC000002104A820F0BAF820460134202304AAA6
:106FD0000021A4B202F0C8FE1C2CF0D1242019F02C
:106FE000FBFA24220021044620F0A8F8134B19686C
:106FF0002246242340311D2002F0B6FE204620F018
:1070000059F80F4B002406201C702C7007F01CFF51
:1070100030B10C4B43610223037444748474C47410
:10702000094900234FF486521EF080FDB2E700BFED
:10703000F6BF0020804C0700D24C0700D00600208D
:10704000F8BF0020ED4C07000C8106002DE9F04F41
:10705000A54CA64891B01EF051F82368A4491E8B98
:10706000A44BA54842F21075AE4288BF19461EF0E7
:1070700045F8A2481EF042F82368B3F918101B8B9C
:10708000AB4240F209819E481EF038F823685A8BC3
:10709000B3F91A1042F210739A4240F20A819948E9
:1070A0001EF02CF823681A8EB3F9301042F6041340
:1070B0009A4240F20B8194481EF020F82368934DC9
:1070C0009A6AD96A9248A2FB052305FB0133D20BC9
:1070D00042EA4342DB0B1EF011F823688D48D3E9E6
:1070E0000E21A2FB052305FB0133D20B42EA4342EA
:1070F000DB0B1EF003F888481EF000F8874BB3F94D
:107100000000E0F7E7FA864B0022E0F777FC024642
:107110000B4684481DF0F2FF42F210739E4230D8B5
:107120002368D3E90A21D3E90E03121A61EB0301A4
:10713000A2FB052305FB0133D20B42EA43427A4806
:10714000DB0B1DF0DBFF2568288EA0F5FA7000B27E
:10715000E0F7C0FA724B0022E0F750FC0646288B9D
:10716000A0F5FA7000B20F46E0F7B4FA6C4B0022BB
:10717000E0F744FC3246CDE900013B466B481DF088
:10718000BDFF6B48DFF8B891604F1DF0B7FF0025D9
:107190002E464FF00008202200210DEB02001FF0C8
:1071A000CDFF202205F109000DEB020180B202F0B3
:1071B00037FEBDF820A005F1010BBAF1000F2BD06E
:1071C0005846E0F787FA42464B46E0F7EDFA52465A
:1071D000CDE906010023DDE90A01E0F78BFFA0FB02
:1071E000070307FB0131C00B40EA4140C90BCDE961
:1071F0000401E8B2CDF808A0E0F75CFA42464B463D
:10720000E0F7D2FADDE90623CDE900014948294635
:107210001DF074FF0136F6B25D46142DBBD116B9D0
:1072200045481DF06BFF4548DFF8F490DFF828B1C2
:1072300000251DF063FF4FF000082B4605F12001EB
:10724000226832F911A0BAF1000F05F1010517DD2E
:107250002846E0F73FFA3A4B0022E0F7A5FA064647
:1072600050460F46E0F736FA42464B46E0F7C6FB7B
:107270003B46CDE90001324658461DF03FFF012351
:10728000122DDBD113B92F481DF038FF2E4811B055
:10729000BDE8F04F1DF032BF0846E0F71BFA204B67
:1072A0000022E0F7ABFB02460B4628481DF026FF04
:1072B000ECE60846E0F70EFA194B0022E0F79EFBD9
:1072C00002460B4622481DF019FFEBE60846E0F7A0
:1072D00001FA134B0022E0F791FB02460B461D48D2
:1072E0001DF00CFFEAE600BFD0060020194D070094
:1072F000034D0700094D0700394D07004C4D0700AD
:107300005D4D07009B4D0700D94D070040420F001F
:107310001B4E07003B4E07005D4E0700EC0B0020A4
:1073200000005940704E07008F4E0700D14E0700F5
:107330000B4F0700254F07005C4F07007D4F0700EC
:1073400000001440A64F0700E34F07007F4D0700E1
:10735000BD4D0700FD4D0700924F07002DE9F0419C
:107360000646082007F070FD40B1504BC0E90536D5
:1073700003230374002343748374C37400234FF402
:10738000C6524B491EF0D2FB1DF0C0F9494B0546D1
:107390009E4214BF34460124A5424FF008000FD18D
:1073A00007F052FD40B1444BC0E905350323037497
:1073B000002343748374C37400234FF4C65246E021
:1073C00007F042FD48B13D4BC461C0E905350423D7
:1073D0000374002343748374C374354900234FF44A
:1073E00003521EF0A3FB4FF080410123CB60D1F884
:1073F0001834DB0303D51DF089F90028F7D14FF0CD
:1074000080470025C7F80451D7F80431C7F818653C
:107410000123BB6036BBD7F80431002BFBD01DF035
:1074200075F98442054638D00A2007F00DFD58B1A1
:10743000234B4361234B0562C0E9063405230374E3
:10744000002343748374C37400234FF42152BDE8B6
:10745000F04117491EF06ABB4FF4967018F0C0F85F
:1074600005F59675D7F80431002BF5D0B5F57A7F80
:10747000D5D9082007F0E8FC40B1134BC0E9053529
:1074800003230374002343748374C37408490023E3
:107490004FF4C6521EF04AFBC1E7082007F0D4FCA7
:1074A000002889D0094BC0E905347FE74A5007001E
:1074B0002C810600010003006D5007009A50070060
:1074C000D850070044510700B1500700135107007E
:1074D00000B589B000220023CDE90623002308224D
:1074E000CDE90323CDE9013300930549054B064857
:1074F0004FF4007217F024F809B05DF804FB00BFE8
:1075000080FC002039470600882A0020064B074AE5
:107510001B68D3F88019914202BF012283F87909D0
:10752000A3F87A29704700BFD00600205453524C6C
:10753000D0E902322DE9F04F434C134400254FF0BF
:10754000020E4FF00108013BB3FBF2FC65452FD161
:107550003D4B0022C3F80425BFF34F8F02690AB3E5
:107560003A4A3B49C2F800160222C3F80425BFF389
:107570004F8F0269C3F80825D3F80024002AFBD0F6
:107580000122C3F80425BFF34F8F02462E4952F85B
:10759000105F0023446B9C424BD80023C1F8043594
:1075A000BFF34F8F2B4B2C4ADA60BFF34F8FFEE7B0
:1075B000C3684168264A03FB0511244BC3F8002623
:1075C000C6688268036805FB06F7D21B96428CBF2B
:1075D0000332B2083B4488BF920897000E4601EB85
:1075E0008202A3EB0109964201D10135AEE7D6F83C
:1075F00000B059F806A0D34506F10406F3D0C4F84C
:1076000004E5BFF34F8FC4F80815D4F80024002A0E
:10761000FBD0C4F80485BFF34F8F1F44C91ABB4287
:10762000E3D01A68CA50D4F80024002AFBD00433EF
:10763000F5E752F8044F45F82340D1F80044002CF8
:10764000FBD00133A6E700BF00E00140000001408D
:107650003546526E00ED00E00400FA0570B50546AF
:10766000124883689B68EBB14FF4805229469847D3
:107670000446D0B10A2007F0E7FB58B10C4B436138
:107680000C4B0462C0E906350523037400234374E0
:107690008374C374BDE87040074900234FF421523E
:1076A0001EF044BA6FF05704E4E770BDD87C0600C2
:1076B0005E5107005A5A0700548106002DE9F04137
:1076C000284DB5F85A40002C45D0A007EE6D04D0E7
:1076D000A5F6A873FF22A10740D1234F7B699E42E4
:1076E00003D93046FFF7BAFF7E612048204A8368FD
:1076F0003146D3F804802346C0470446A8B10A2087
:1077000007F0A2FB58B11B4B43611B4B0462C0E95D
:10771000063605230374002343748374C374174926
:1077200000234FF421521EF001FAEC6D10480023A3
:1077300004F580544FF48052FF21A5F85A30EC65CF
:107740001FF0FCFC2B6E7A6813449C4203D2204647
:10775000FFF784FF7C610020BDE8F08101341A55F9
:10776000B9E700BF683B0020682B0020D87C0600EA
:10777000C12B00208D510700695A07005481060073
:10778000024B1878003818BF01207047682B002082
:107790000C4B1878072810D8DFE800F01204041109
:1077A0000612120C0120704793F82800002808BF29
:1077B0000220704793F8280070471020704702207D
:1077C000704700BF682B002030B585B021238DF8AD
:1077D0000030ECF7E1F9184C8DF80100FFF7D8FF05
:1077E000E3898DF804301A0A23698DF803208DF897
:1077F0000530C3F307221B0C00258DF802008DF81D
:1078000007300C211B0A68468DF808308DF80620D9
:107810008DF80950ADF80A501CF090FF0D228DF83C
:107820000C0029466846EEF727FF1CF09DFFC4E9CF
:10783000080105B030BD00BF682B002010B5062040
:1078400092B007F001FB38B1264B43610223037469
:10785000002343748374C374002323494FF4865276
:107860001EF064F9412200210DF105001FF066FCB5
:1078700022238DF80430ECF78FF91C4B02934B2335
:107880008DF80C301A4B8DF80D30C3F307221B0C0A
:107890008DF80F301B0A00248DF805008DF80E209E
:1078A0008DF810302F22012312498DF811300DF17F
:1078B00013008DF81230ADF806401FF059FC272355
:1078C000412101A88DF844308DF843401CF036FF6B
:1078D00042228DF84500214601A8EEF7CDFE12B0F8
:1078E00010BD00BFBC51070054810600000CE45AD3
:1078F000585D0500D95107002DE9F04F3F2985B0AB
:10790000054600AF0C4617D8082007F09DFA50B185
:10791000A24B4361A24BC0E9063404230374002345
:1079200043748374C37400234FF401529D491EF0C5
:10793000FDF86FF015081CE09B4C2678F6B1B31FDC
:10794000012B1BD9082007F07FFA40B1974BC0E903
:10795000053603230374002343748374C37491496D
:1079600000234FF4C4521EF0E1F8FFF72DFF6FF033
:10797000770840461437BD46BDE8F08F3F212846C2
:107980001CF0DCFE95F83F804045064613D00A20E7
:1079900007F05AFA58B1864B4361814B0662C0E941
:1079A000063805230374002343748374C3740023CF
:1079B0004FF42152BAE7D5F80630B5F80AA0D5F849
:1079C000026095F80C80BB6005F10D09B5F83D50DB
:1079D000C7F804D09AFA9AFA6DBA1FFA8AF38EB0F1
:1079E000ADB2FB602D036A46724BC2E90536BB6837
:1079F000D361FB68C2E9083840F2046313866E4B1A
:107A0000C2E90A9542F8103F6648002344F2C0419B
:107A100007F0FAFBB8F1010FD7F804D01ED0082008
:107A200007F012FA50B1654B43615D4BC0E906386F
:107A300004230374002343748374C37459490023DB
:107A40004FF401521EF072F807232370102384F8BC
:107A500028306FF08508FFF7B7FE8AE7731EB3F58D
:107A60006D2F1BD30A2007F0EFF968B1544B436127
:107A70004B4BC0E906364FF46D23036205230374B4
:107A8000002343748374C37400234FF42152454987
:107A90001EF04CF80723237013231FE04949484682
:107AA000E0F7CFFB474983468046E0B18AB06A469B
:107AB000454B53613A4B1162C2E90639434B53625D
:107AC000434B42F8103F002336484FF4415107F032
:107AD0009BFB0723D7F804D02370112384F82830A8
:107AE000FFF772FE25E7B5F51C3F15D90A2007F010
:107AF000ABF90028C8D0374A4261294A80F811B052
:107B0000C0E906254FF41C3202620522027480F897
:107B100012B080F813B0B7E7E5B1AA19B2F56E2F2D
:107B200018D90A2007F090F980B12B4A42611C4A0B
:107B30000662C0E906254FF46E22426206220274F4
:107B400080F811B080F812B080F813B000234FF421
:107B500041529CE721481FF07AF9002842D1F86091
:107B6000082007F071F948B11D4A42610C4AFB68D0
:107B700082610322027443748374C374094900232D
:107B80004FF4C2521DF0D2FF07232370122384F852
:107B900028306FF00408FFF717FEEAE6F1510700FE
:107BA0008C5A070054810600682B002017520700EA
:107BB0004E5207008852070008000001D452070007
:107BC00003530700D9510700315307000103020492
:107BD0000500000269530700D0530700D87C060057
:107BE00009540700594841F2680200211FF0A6FA23
:107BF000BB68A4F80CA06660DFF870A1A360BDBBF1
:107C00004FF41C332F224946AAF6D770CAF86430C5
:107C10001FF0AEFA06F6FF794FEA1939C9F1EE0501
:107C20002D0306F51C339D42CAE917554FF00A0093
:107C300040D207F009F958B1454B4361454B056205
:107C4000C0E9063605230374002343748374C374A8
:107C5000414900234FF421521DF068FF0723237090
:107C6000132384F828306FF00B08FFF7ADFD80E692
:107C70002F224946AAF6D770CAF864501FF078FA46
:107C8000B5F51C3FC6D0082007F0DEF858B1334BDD
:107C900043614FF41C33C0E9063504230374002309
:107CA00043748374C3742C4900234FF402521DF0B3
:107CB0003DFFAFE707F0C8F850B1294BC0E90769AD
:107CC000C0E9053505230374002343748374C3742A
:107CD000214900234FF423521DF028FF062007F00E
:107CE000B3F838B11F4B436102230374002343747C
:107CF0008374C374184900234FF484521DF016FF97
:107D0000002002F05DFF0025FEF772F9FEF7B4FADD
:107D10000223237065611CF027FDC4E906010820D9
:107D200007F092F848B1104B4574C0E90536FB687E
:107D3000C361042303748574C574074900234FF499
:107D400003521DF0F3FEFFF73FFD12E6682B002003
:107D5000675407008C5A0700548106002F5407000F
:107D6000B0540700E754070017550700683B002090
:107D70002DE9F047594C2678B31E012B80460D465D
:107D800017D9082007F060F840B1554BC0E9053617
:107D900003230374002343748374C37400234FF4D8
:107DA000C45250491DF0C2FE6FF015052846BDE8CB
:107DB000F087042912D8082007F046F850B14A4B42
:107DC00043614A4BC0E9063504230374002343741E
:107DD0008374C37400234FF40152E2E74788E389B8
:107DE0007FBABFB2BB4207D0FB1A1B044CD4FFF7CB
:107DF000EBFC6FF00A05D9E7236966680D1FF61AD8
:107E0000AE424FF0030328BF2E4623701CF0ACFC9B
:107E1000C4E906014FF0000904F5805A4E4535D8F3
:107E200023691E446368266101379E42E7811ED3A1
:107E30002F4BB3F85A3023B1FFF740FC054600281A
:107E400044D108202669E58906F0FEFF48B1294B98
:107E5000C561C0E9053604230374002343748374A9
:107E6000C374204900234FF403521DF05FFE1CF041
:107E70007BFCD4E90832C01A61EB0201C82871F119
:107E8000000101DBFFF7A0FC00258FE7BAF85A00DC
:107E9000A6EB0905C0F580539D4228BF1D4609F198
:107EA000040159302A46414420441FF039F9BAF8F8
:107EB0005A302B449BB2B3F5805FAAF85A30A944DC
:107EC000ACD3FFF7FBFB05460028A7D007232370A0
:107ED000122384F82830FFF777FC67E7682B00202F
:107EE00043550700548106006F550700785A070074
:107EF000683B0020945507002DE9F84F6E4C266929
:107F00006568AE421BD20A2006F09EFF58B16B4B4B
:107F100043616B4B0562C0E90636052303740023F9
:107F200043748374C374674900234FF421521DF0D6
:107F3000FDFDFFF749FC6FF01500BDE8F88F062046
:107F400006F082FF38B1604B4361022303740023C3
:107F500043748374C3745B495C4EDFF874B10023CF
:107F60004FF486521DF0E2FD04232370FFF72CFC32
:107F70006768D6F860800025A6F6A7764FB3B7F5F8
:107F8000805FB94628BF4FF48059DBF8083050486D
:107F9000D3F800A032464B464146D04782460028DF
:107FA00036D00A2006F050FF60B14A4B43614A4B7D
:107FB000C0F820A0C0E906380523037400234374E9
:107FC0008374C3743F4900234FF421521DF0AEFD6A
:107FD0000025A668AE4225D00A2006F035FF58B12C
:107FE0003E4B4361364B0662C0E9063505230374F8
:107FF000002343748374C374002332494FF4215225
:108000001DF094FD07232370042384F8283090E7A3
:1080100028464A46314604F035FCC8440546A7EBDD
:108020000907ABE7082006F00FFF40B12C4BC0E971
:10803000053503230374002343748374C3742149F7
:1080400000234FF4C6521DF071FD04232370032357
:1080500084F828301CF088FBC4E90601062006F0ED
:10806000F3FE38B11F4B43610223037400234374B2
:108070008374C374134900234FF486521DF056FDD8
:1080800064201CF07FFBFFF79FFB062006F0DCFE60
:1080900038B1154B43610223037400234374837486
:1080A000C374084900234FF486521DF03FFD64203D
:1080B0001CF068FB002040E7682B0020C255070039
:1080C000445A070054810600F6550700683B00201B
:1080D000D87C06000E560700325A07003C560700AF
:1080E00080560700A0560700C15607002DE9F74F3C
:1080F0001B4D08202E7895F8284006F0A5FE48B1C3
:10810000184BC461C0E9053604230374002343748B
:108110008374C374002314494FF403521DF006FD09
:1081200064201CF02FFB95F82830032B22D0082068
:1081300006F08AFE48B10D4B43610D4B836103236A
:108140000374002343748374C374074900234FF4FA
:10815000C2521DF0EBFC6FF0150003B0BDE8F08FCC
:10816000682B0020E45607005481060019570700C9
:108170001A5A0700062006F067FE38B1C74B436164
:1081800002230374002343748374C374C44900231B
:108190004FF484521DF0CAFC05232B70FFF714FB2B
:1081A000062006F051FE38B1BE4B43610223037432
:1081B000002343748374C3744FF48652B849BA4E93
:1081C000DFF8E8A200231DF0B1FC32201CF0DAFA3F
:1081D000D5F80490D6F860804F464FF6FF74A6F6A7
:1081E000A7725FB3B7F5805F3B4628BF4FF480535B
:1081F000DAF80810AD48D1F800B001934146D847ED
:10820000AB4A019B8346002800F02A810A2006F031
:108210001BFE60B1A74B4361A74BC0F820B0C0E97B
:10822000063805230374002343748374C3749C4984
:1082300000234FF421521DF079FC0024082006F0A1
:1082400003FE40B19D4BC0E90534032303740023B2
:1082500043748374C374924900234FF4C6521DF0D3
:1082600065FC002C40F04881062006F0EDFD30B1A1
:10827000934B43610223037444748474C4740023D5
:108280004FF4845286491DF051FC8E4B5C808E4C1D
:10829000C3F80890002701224FF0FF3106201A7022
:1082A0005F7019715F719F71DF711F735F739F73CF
:1082B000DF731F745F749F74DF741F755F759F7524
:1082C000DF751F765F769F76DF76227006F0BCFD45
:1082D00030B17E4B43610223037447748774C774C3
:1082E0006F4900234FF486521DF020FC082006F051
:1082F000ABFD40B1764B43610322002383610274DE
:1083000043748374C374664900234FF4C6521DF04E
:108310000DFC32201CF036FA062006F095FD38B12F
:108320006C4B436102230374002343748374C3744E
:108330005B4900234FF4845206271DF0F7FB2F7092
:10834000FFF742FA4FF4FA701CF01CFA384606F0B8
:108350007BFD38B1604B43610223037400234374F7
:108360008374C3744E4900234FF486521DF0DEFB24
:108370000A20D6E918986F6806F066FD50B1574B91
:10838000C0E90787C0E90539052303740023437456
:108390008374C374424900234FF423521DF0C6FB7B
:1083A000C8201CF0EFF90A20D6E91887D5F8049008
:1083B00006F04AFD50B14A4BC0E90787C0E90539CC
:1083C00005230374002343748374C3740023344966
:1083D0004FF422521DF0AAFB4FF4FA701CF0D2F9B0
:1083E000404941484FF4407221F001011EF098FECF
:1083F0003E4B326E1A60726E5A606A689A604FF431
:108400008052DA602278002A00F087804FF47F22C1
:108410001A612C4A03F1140402F11806106851681D
:10842000254603C50832B2422C46F7D110682860B1
:1084300007225A6372B62E4B0024C3F89440BFF350
:108440004F8FBFF36F8F284B284843F001039847A5
:108450001020FFF75BF8204600F0C8FF20467CE6BE
:10846000244911F801CF64BAA4B284EA0C04C4F31D
:10847000031C84EA0C044FEA043C1FFA8CFC84EAD7
:108480000C044FEA441C01300CF4FF5C834284EA84
:108490000C04E6D19844FF1AA3E600BF4157070039
:1084A0005481060061570700683B0020D87C060015
:1084B000C12B00200E560700015A070089570700FC
:1084C000A4570700FABF0020F9BF0020F5570700A6
:1084D000375807005C5807008C580700BE58070043
:1084E000E758070031750400C06100208861002052
:1084F00000ED00E0C02B0020082006F0A5FC40B1F4
:10850000074BC0E9053403230374002343748374C9
:10851000C37400234FF4C652B4E61A6189E700BF62
:10852000D557070070B5234B1C78002C40D00A208B
:108530001E695D6806F088FC50B11F4BC0E90765F5
:10854000C0E9053405230374002343748374C374A2
:1085500000231A494FF422521DF0E8FA41F2680252
:10856000002114481EF0EAFDFFF72EF9062006F060
:108570006BFC38B1124B4361022303740023437434
:108580008374C3740D4900234FF484521DF0CEFA56
:10859000C8201CF0F7F84FF0804357221120C3F891
:1085A0001C25FEF7B3FFBDE87040002000F01EBFA1
:1085B00070BD00BF682B00203A59070054810600A7
:1085C0006E59070010B5214C2378002B3CD0062BA8
:1085D0003AD01CF0C9F8D4E90632C01A47F2315338
:1085E00061EB0201984271F100012DDB082006F0D9
:1085F0002BFC60B1164B4361164B836147F230533D
:10860000C36104230374002343748374C374124945
:108610004FF4015200231DF089FA0723237015231C
:1086200084F82830FFF7D0F8C8201CF0ABF84FF0E2
:10863000804357221220C3F81C25FEF767FFBDE8D0
:108640001040002000F0D2BE10BD00BF682B0020FB
:108650009F590700EB59070054810600024B1B7815
:108660000BB1FFF7B1B87047682B0020012910B596
:108670002ED90478A4F12003052B14D8DFE803F0E9
:10868000071313030B0FBDE81040FFF735B9BDE822
:108690001040FFF76DBBBDE81040FFF72DBCBDE8F3
:1086A0001040FFF723BD082006F0CEFB40B1094B78
:1086B000C0E9053403230374002343748374C37433
:1086C000BDE81040044900234FF4C4521DF02EBAF7
:1086D00010BD00BFCB5907005481060022EAE272A8
:1086E00021EAE17151430C22F8B55043104B42F29C
:1086F0001075B1FBF5F419581E1864270D48614335
:1087000091FBF5F17943E9F7BBF971680A486143D8
:1087100091FBF5F17943E9F7B3F9B1680748614393
:1087200091FBF5F17943BDE8F840E9F7A9B900BF3D
:1087300094890600F0890600E0890600D0890600C9
:1087400010B5034600681B7902690121994043680E
:108750001B6819420ED10C490C4A0D4840F28D633A
:108760001CF036FD0B481CF033FD084840F28D61CB
:1087700000F02AFB136819428368BDE810400CBF63
:108780001B69DB68184700BF94410700634107007D
:10879000D2410700EF41070070B503460C46DA8866
:1087A00000681979224302F03004302CD0E90136F8
:1087B00005690ED11C491D4A1D4840F2E2331CF0E8
:1087C00007FD1C481CF004FD40F2E231174800F0A0
:1087D000FBFA02F00604042C09D11749134A144885
:1087E00040F2E9331CF0F4FC40F2E931EEE71B689B
:1087F00001248C401C420CD110490C4A0C484FF407
:108800007F731CF0E5FC0E481CF0E2FC4FF47F7116
:10881000DCE72B6812F0010F14BF2343A3432B6046
:108820003368BDE870401847A95A07006341070044
:10883000D2410700E25A07001F5B0700944107007E
:10884000EF41070010B5134C4FF400312046FFF7FD
:10885000A3FF2046104CFFF773FF4FF40031204672
:10886000FFF79AFF20460D4CFFF76AFF4FF40031E7
:108870002046FFF791FF2046094CFFF761FF4FF4B8
:1088800000312046FFF788FF2046FFF759FF002000
:1088900010BD00BF188A0600108A0600088A06006C
:1088A000008A060010B5084C0121204607F0E2F8C6
:1088B0000121204607F0DEF82046012107F0DAF812
:1088C000BDE81040FFF7BEBF207D0600012870B54F
:1088D000334E04460D463DD816F0F8FE314B834228
:1088E00038D1314B1B68F4542D49002211F8013B5B
:1088F000012B03D10132052AF8D123462B490878F0
:10890000984229D1012B49D8274B1A60284B0022C5
:108910001A600021274807F0ADF80021254807F02C
:10892000A9F80021234807F0A5F823480021FFF704
:1089300033FF22480021FFF72FFF21480021FFF7D6
:108940002BFF20480021FFF727FF1648BDE87040A5
:1089500015F0FEBF7455C7E70B7013490A60144A3F
:108960000021012B1160D4D916F0B0FE0D4DA842A4
:1089700004460CD0284615F0EBFFFFF793FF28467E
:1089800016F064FB2846BDE8704016F047BEFFF7BE
:1089900089FF204616F05AFB2046F4E770BD00BF61
:1089A000D50C0020D03B0020C464002016C000205D
:1089B000C0640020207D0600188A0600108A060088
:1089C000088A0600008A060038B5A64DA64C2B780A
:1089D000023B102B18D8DFE813F011001B00310008
:1089E00041005000650087009700A700B800BE0056
:1089F000CC00FC001601280132013C0142F2107249
:108A000011460020FFF76AFE984815F0A1FFDEE747
:108A10002268013202F0010248BF524242F2107154
:108A2000042022604A43FFF759FE2368012B14BF3C
:108A30004FF4617064201BF0B5FEC8E72268013274
:108A400002F0010248BF524242F21071226000203F
:108A50004A43FFF743FE4FF4FA70ECE72268013215
:108A600002F0010248BF524242F21071226000201F
:108A70004A43FFF733FEC820DDE72368013313F0D4
:108A8000010F42F210710CBF0A4600220020236041
:108A9000FFF724FE2368072BEDD100210120FFF70B
:108AA00015FF94E72268531C002A236013DDC3F1ED
:108AB000CA01CA2B4FF0320342F2107203FB01F1DC
:108AC00008BF00220020FFF709FE2368CA2B07D148
:108AD00000210846E3E7002242F210711046F2E757
:108AE000012B5CD1FA20A6E72368013313F0010FB4
:108AF00042F210710CBF0A46002201202360FFF7EA
:108B0000EDFD2368052BC7E72368013313F0010F40
:108B100042F210710CBF0A46002201202360FFF7C9
:108B2000DDFD2368092BB7E722680132002A2260A5
:108B300002F00102B8BF524242F210714A430020D3
:108B4000FFF7CCFD2368142BA6E742F210724FF416
:108B5000FA61012056E72268013202F0010248BFA3
:108B6000524242F2107322604FF4FA615A430320DA
:108B70006FE722684FF47A73013292FBF3F103FB43
:108B80001122B2F5FA7F2260C8BF9A1AC72A08DC00
:108B90001E235A4342F210710320FFF79FFD052068
:108BA00049E7B2F5967F06DAC83A142141F27073AC
:108BB00001FB0232EEE7B2F5C87FABBF02EB8202E7
:108BC000C2EB021202F5EA5202F6AC52A8BF0C3216
:108BD000E0E72368013303F001031A4642F2107103
:108BE00048BF5A42002B22604FF000000CBF0A46DB
:108BF0000022FFF773FD2368002B42F2E45008BF08
:108C00004FF4967017E722680A23013292FBF3F1C2
:108C100003FB11222260032AD4BF02F001020022CA
:108C200042F210714A43022013E722680A230132FC
:108C300092FBF3F103FB11222260052AECE7226884
:108C40000A23013292FBF3F103FB11222260072A6F
:108C5000E2E72268013202F0010248BF524222607C
:108C6000DEE700BF16C00020C0640020D03B00201B
:108C7000024B034AC3F87C2F704700BF00700020EE
:108C80007E67E54E07B5012000F0D6FF88B10620CB
:108C900006F0DAF838B11C4B436102230374002359
:108CA00043748374C374194900234FF484521CF035
:108CB0003DFF042000F0C0FF88B1062006F0C4F894
:108CC00038B1134B4361022303740023437483744C
:108CD000C3740E4900234FF484521CF027FF1BF08D
:108CE0001EFDFDF785F9FDF7C7FA00210846FFF7DD
:108CF000EDFD9FED080A01A9002001F065FA1BF0C7
:108D000081FD03B05DF804FB605B0700D4810600C1
:108D1000965B07000000000010B5082006F094F8EC
:108D200048B1094B4361094B83610323037400235A
:108D300043748374C374BDE81040054900234FF4A5
:108D4000C2521CF0F3BE00BFCC5B0700BC5F070043
:108D5000D481060008B5062006F076F838B10A4B33
:108D6000436102230374002343748374C37407496B
:108D700000234FF486521CF0D9FE41F69A10BDE84C
:108D80000840002116F0E8BBFD5B0700D481060017
:108D90000148002106F06EBEFC7C0600014801215E
:108DA00006F068BEFC7C060010B5054C237813B1B4
:108DB000044B187810BD012016F012FCF6E700BF36
:108DC0001CC000201DC0002010B50A4B1B6843B119
:108DD000D3F8A049084A944204BFC3F89819C3F8CD
:108DE0009C09002383F31188BFF36F8F0423184677
:108DF00002DF10BDD00600204C54414608B5036880
:108E00005909024614D0012906D103F01F034FF679
:108E1000FF71D940C80713D40B490C480C4A40F2E3
:108E2000CA331CF0D5F90A4840F2CA31FFF7CCFF2B
:108E30004FF0FF31D940C907EED54FF0A04000E018
:108E40000448136008BD00BF495C0700D241070019
:108E5000165C07000003005007B5019001A8FFF75A
:108E6000CDFF019B00EB8300054BD0F8002713409A
:108E700043F00203C0F8003703B05DF804FB00BF05
:108E8000F0F8FCFF08B5064806F07AF930B14368FF
:108E90005B791BB1BDE80840FFF75CBF08BD00BFB0
:108EA0006C5C070037B50446062005F0CDFF38B1ED
:108EB000744B436102230374002343748374C374AB
:108EC000714900234FF486521CF030FEFEF758FC27
:108ED00060B1062005F0B8FF70BB6B4900234FF46A
:108EE000865203B0BDE830401CF020BEEBF7EEF92F
:108EF0000028EED16CBBEDF7A9FB30BB634CD4E985
:108F00000032134308D11BF05DFC47F23053C01808
:108F100041F10001C4E900011BF054FCD4E9002335
:108F2000904299414FF0060080F2998005F08CFF45
:108F30000028D2D0564B00E0564B43610223037405
:108F4000002343748374C374C7E700F07BFE0028DA
:108F5000D4D0FFF797FEEFF7C1FEFCF72BFFFDF72C
:108F6000DBF90446062005F06FFF38B14A4B436138
:108F700002230374002343748374C374424900239F
:108F80004FF486521CF0D2FD082005F05DFF50B171
:108F9000424B43610B23C0E90634042303740023CE
:108FA00043748374C374384900234FF403521CF094
:108FB000BDFD0B2501A80195FFF720FF019B019541
:108FC00000EB8300364BD0F800271340C4F30712A0
:108FD00043EA8203C0F8003701A8FFF70FFF019BA7
:108FE00000EB830004F00F04D0F8003723F4403383
:108FF00043EA0444C0F80047062005F025FF38B1D5
:10900000284B436102230374002343748374C374A5
:109010001D4900234FF486521CF088FD062005F000
:1090200013FF38B1204B43610223037400234374C0
:109030008374C3744FF48652134900231CF076FDE9
:109040001A4B19781A4BB3F90000E8F71DFAFFF72D
:1090500019FF184B184AC3F87C2F1CF0C8F905F00B
:10906000F3FE38B1154B43610223037400234374AC
:109070008374C374044900234FF486521CF056FDD8
:1090800067E700BF7D5C0700D4810600B03C00208C
:10909000AE5C0700935C0700005D0700175D0700EA
:1090A000F0F8FCFF385D0700545D07001BC000208E
:1090B0001C0C0020007000207E67E54EE55C070078
:1090C00009B1FFF7EFBE064B196828B109B1FFF7E8
:1090D00023BE02221A6070470029F8D10122F9E765
:1090E000C864002037B5062005F0AEFE38B1764BD7
:1090F000436102230374002343748374C37473496C
:1091000000234FF486521CF011FDFEF739FB70B1BD
:10911000062005F099FE002840F0CD806B49002321
:109120004FF4865203B0BDE830401CF0FFBCEBF7B3
:10913000CDF804460028EBD1FFF7A4FD1AF07FFD1F
:10914000F2F7D4FAFDF78EF9082005F07DFE40B164
:109150005F4B43610B238361032303744474847462
:10916000C4744FF4C652594900231CF0DFFC0B2392
:1091700001A80193FFF742FE019B00EB8300554BD2
:10918000D0F80027134043F00603C0F8003706204C
:1091900005F05AFE38B1504B43610223037400239B
:1091A00043748374C374494900234FF486521CF0FE
:1091B000BDFC062005F048FE38B1484B4361022350
:1091C0000374002343748374C374404900234FF431
:1091D00086521CF0ABFC062005F036FE38B1404B41
:1091E000436102230374002343748374C3743749B7
:1091F00000234FF486521CF099FC3A481DF027FEDC
:10920000C0B3394BD3F80855D3F80C45002D17DB04
:1092100005F01F052846FFF71FFE082005F014FE85
:1092200040B1324BC0E90535032303740023437476
:109230008374C374254900234FF4C6521CF076FC96
:10924000002C17DB04F01F042046FFF705FE082062
:1092500005F0FAFD40B1264BC0E905340323037441
:10926000002343748374C374184900234FF4C65217
:109270001CF05CFC062005F0E7FD38B11D4B436196
:1092800002230374002343748374C3744FF486521F
:109290000E4900231CF04AFC174B1978174BB3F901
:1092A0000000E8F7F1F8FFF7EDFD154B154AC3F89C
:1092B0007C2F1CF09CF8144B4361022303740023A1
:1092C00043748374C37429E7655D0700D481060085
:1092D000945D0700F0F8FCFFA95D0700545D0700EE
:1092E000C75D0700FC7C060000300040E25D07001F
:1092F000FE5D07001A5E07001BC000201C0C00204A
:10930000007000207E67E54E7A5D070008B1FFF728
:10931000E9BE044B1A680AB1FFF7FEBC03221A60CB
:10932000704700BFC864002008B5062005F08CFD1A
:1093300038B1254B436102230374002343748374C3
:10934000C374002321494FF486521CF0EFFB204BDD
:109350001B6873B1D3F880191E4A914209D1B3F842
:109360007A29D2075FBF0F2283F879290122A3F857
:109370007A29FFF787FC1AF062FCF2F7B7F9FCF7DD
:1093800019FD062005F060FD38B1134B436102233F
:109390000374002343748374C3744FF486520B49DF
:1093A00000231CF0C3FB0D4B19780D4BB3F90000E3
:1093B000E8F76AF8FFF766FD0A4B0B4AC3F87C2F03
:1093C000012004F0E7FA00BF3C5E0700D4810600EC
:1093D000D00600205453524C545E07001BC000209E
:1093E0001C0C0020007000207E67E54E08B508B117
:1093F000FFF79AFF044B1A681AB1BDE80840FFF75F
:109400008BBC04221A6008BDC86400202DE9F04F0F
:109410005D4B197897B021B9012203201A7001F031
:1094200047FB5A4B1C7824BB1BF0CCF941F2893323
:10943000984271F100011CDB544A0123137001F0C2
:1094400031FB00F13003DBB20E2B054611D80820AA
:1094500005F0FAFC38B14E4B4474C0E905350323DE
:1094600003748474C4744B4900234FF4C4521CF039
:109470005DFB494C23785BB91BF0A4F94EF66123E0
:10948000984271F1000103DB0123237001F06AFCB3
:10949000424B1B68013B032B06D8DFE803F0025761
:1094A000595C0020FFF7FEFC3C4B00251D601BF0C3
:1094B000ACF981461BF0ABF907461BF0AAF9039003
:1094C00009A8FDF767F906B2AE42044613DA082090
:1094D00005F0BAFC48B1324B4361324B4574C0E9E8
:1094E0000636042303748574C5742A4900234FF497
:1094F00001521CF01BFBA3B20593059A42F21073B4
:109500009A4205D8284A1378172B9CBF0133137051
:10951000099BDFF89C8040F2DC529342A3F1640A7D
:1095200023DD41F20C72924500F2B2811F4A98F895
:1095300000401268002A10DA86B1002C40F09E81AB
:1095400041F2CC02934235DC012536E00120A9E747
:10955000FFF7C8FDA8E7FFF7E7FEEED1002C40F0CB
:10956000958141F2CC020124ECE798F80050002DDF
:1095700040F08E8141F20C739A452C461DD9002390
:1095800088F8003019E000BF19C0002018C0002082
:10959000625E0700D481060017C00020C864002066
:1095A0009B5E0700D45F07001FC00020D408002086
:1095B0001DC00020012588F800504FF08043DFF8DF
:1095C00018B3D3F8383403F0010304939BF8003048
:1095D000002B40F0608137B9039B23B998F8003025
:1095E0000BB9049B2BB101218BF80010102000F067
:1095F00073FAB34B039A1A70B24B1B780793002B84
:109600003BD1099B06930820002D00F07B8105F0DB
:109610001BFC68B1AC4A069B4261C3616422079B94
:1096200096FBF2F282610422027443748374C37461
:1096300000234FF40352A5491CF078FA41F20C7351
:109640009A4517D9082005F0FFFB48B1A04B4361AC
:10965000A04B836103230374002343748374C37496
:109660009A4900234FF4C2521CF060FA01210420F1
:1096700000F032FA934B01221A70002C00F0528154
:10968000954C2378002B00F05481B9F1000F40F085
:109690005081059A42F210739A4200F2A380DFF8DB
:1096A0005092D9F800A0BAF1000F36DBA6EB0A03FE
:1096B000002BB8BF5B42B3F57A7F2EDD0A2005F0A0
:1096C000C3FB0446C8B1854B43615046DEF702F840
:1096D000834B0022DEF792F9C4E906013046DDF73C
:1096E000F9FF7F4B0022DEF789F90623C4E9080160
:1096F000237400236374A374E374002373494FF449
:10970000435220461CF012FA2E2276484FF0FF31C9
:109710001DF014FD744B01221A70724B0AAA03F15A
:10972000280E9C4618685968144603C408337345CC
:109730002246F7D1186820609B886C4AA380136882
:10974000ADF8566017212CF81360013393FBF1F04C
:1097500001FB103313600AA90022B1F9020053B2D1
:109760000C4634F902C9604506DA013B5BB2B3F13D
:10977000FF3FA4F804C0F4D101335BB216AC04EB94
:1097800043030132172A23F8300C01F10201E4D11E
:10979000554B1B78D908C3EBD30300221833C9F803
:1097A0000020DBB214461046C1F118018B42C0F212
:1097B000D7804F4B02B11C6010B11E6896FBF0F6CB
:1097C0001E604C4B1A6806F16401914280F2D88009
:1097D00019601B686422643B5343632293FBF2F3DA
:1097E000454A1380454C002D00F0D280424B227830
:1097F000B3F90030002A40F0C780B3F57A7F01DA70
:1098000001232370DFF8D090099899F800103C4E9E
:10981000FDF742F9059A42F210739A4211D8324B81
:1098200099F800101B78DFF8D090182B00D019B1F0
:10983000B9F90000E7F728FEB9F90000FDF73EF995
:109840003080099AB6F9003000921D4A9BF800104A
:10985000127823EAE3732846EAF78AFA002F00F029
:10986000998004210D20FFF731F8032001F09CF9C5
:10987000002140F6CD4015F06FFED2E5002441F204
:109880009A0293423FF760AE012578E60124F6E79D
:109890000024254673E6002F7FF4ABAE039B002B1C
:1098A0007FF4A7AE98F80030002B7FF4A2AE049BA3
:1098B000002B7FF49EAE8BF80070394696E600BF11
:1098C0001AC000201CC00020C25E0700D481060020
:1098D000F55E0700D45F07001BC00020305F070063
:1098E00000005940EE0B00201FC00020CC64002077
:1098F000D4080020D80800201C0C00201EC0002026
:109900001E0C002005F0A0FA40B12D4B4361069BD0
:1099100083610323037445748574C57400234FF475
:10992000C65288E6B9F1000F3FF4B3AEFFF7DAFB99
:10993000AFE6062005F088FA38B1224B43610223D6
:109940000374002343748374C3741F4900234FF4CA
:1099500084521CF0EBF821780020E7F795FDE5E74D
:109960000DF1580C0CEB430C01333CF930CCBCF13D
:10997000FF3F1FBF01306444C0B20122DBB215E7D4
:10998000B242B8BF1E6024E7B3F57A7F7FF73AAFE3
:10999000002336E7039B13B104210B2063E798F8FB
:1099A0000030002B7FF45DAF049B002B7FF459AF98
:1099B000237804210BB10C2055E70E2053E700BF9C
:1099C000D75E07001D5F0700D481060073B54FF016
:1099D000E0230C46D3F8285DD3F82C6D204B1B6890
:1099E0008BB3D3F8A0191F4A91422CD1C3F8840934
:1099F000C3F89059C3F894697CB1A269C3F8882967
:109A00006269C3F88C29014617481BF077FBD4E93B
:109A1000052116481BF072FB07E00146C3F8884990
:109A20001148C3F88C491BF069FB3246104829469F
:109A30001BF064FB00230F4A0193019B934209D959
:109A4000002009F01FF9014607481BF057FB002CC6
:109A5000EBD0DCE700BF019B01330193EDE700BFD2
:109A6000D00600204C5441465A5F0700825F070031
:109A70009F5F07007F841E0070B5164D2C68E107BC
:109A800004F0070607D50F200321FEF71FFF41F260
:109A900088301AF0A5FEA20707D510200321FEF793
:109AA00015FF41F288301AF09BFE630707D511209D
:109AB0000321FEF70BFF41F288301AF091FE002ED1
:109AC000DCD103210120FEF701FF64201AF088FE9B
:109AD000D4E700BFD064002070B54B4D04462B681E
:109AE0000E4600297DD0034308282B6009D870B1A9
:109AF000441E072C0BD8DFE804F023350A480A0A75
:109B00000A4F20285FD0402864D0102854D02868FD
:109B1000EAF75AF908202C6805F096F940B13B4B5A
:109B2000C0E9053403230374002343748374C374AE
:109B3000BDE87040364900234FF4C6521BF0F6BF13
:109B4000082005F081F948B1324B4361324B836103
:109B500003230374002343748374C37400234FF4FA
:109B6000C2520EE0062005F06FF938B12B4B43616D
:109B700002230374002343748374C37400234FF4DB
:109B8000845223491BF0D2FFC1E7082005F05CF99D
:109B90000028E3D0224BD8E7062005F055F938B16C
:109BA000204B436102230374002343748374C37402
:109BB00000234FF48652E4E7062005F045F900281B
:109BC000F6D0194BEDE7062005F03EF90028EFD05E
:109BD000164BE6E7062005F037F90028E8D0144BCD
:109BE000DFE723EA000308202B6005F02DF938B1E8
:109BF000104B4674C0E90534032303748674C6749D
:109C000000234FF4C652BCE7D06400209D600700DB
:109C10003C82060007600700A86007002660070076
:109C2000376007004960070057600700676007005A
:109C30007B6007008A600700014B1B681840704773
:109C4000D0640020034B1B6833F002030CBF0120DB
:109C500000207047D06400207FB5214E3478002C5E
:109C60003CD1204D2048A8624FF46C21296001AA04
:109C70001CF05BFBA8B1082005F0E6F840B11B4BD7
:109C800043611B4B83610323037444748474C47461
:109C900000234FF4C25217491BF048FF204604B07E
:109CA00070BD029BAB8128460623EB8104F012FBBA
:109CB000054688B1082005F0C7F848B10E4B43614E
:109CC0000B4B4474C0E90635042303748474C474D4
:109CD00000234FF40152DEE7012333700124DDE756
:109CE00022C00020D4640020D87C0600C460070095
:109CF0004164070044820600E060070010B5094B8C
:109D0000094C1B7853B9FFF7A7FF226807480123C6
:109D1000643219461BF0B0FEEDF714FE236893F889
:109D2000640010BD21C00020D0060020D4640020B3
:109D300010B50A4C236883F86400094B1B7843B9BB
:109D4000FFF78AFF2268074801236432194604F0AE
:109D5000BFFCBDE81040EDF7F5BD00BFD006002008
:109D600021C00020D46400202DE9F04180460C463B
:109D700016461F46FFF770FF0546E8B9082005F0B4
:109D800063F848B1214B4361214B4574C0E9063863
:109D9000042303748574C5741E4900234FF40152D3
:109DA0001BF0C4FE7CB33A46314620461DF0B8F99C
:109DB000BDE8F041EDF7C6BD24B13A463146204634
:109DC0001DF0AEF914483B463246414604F080FC93
:109DD000051E16DA082005F037F850B10F4B436125
:109DE0000B4BC0E9063504230374002343748374CA
:109DF000C374BDE8F041074900234FF401521BF042
:109E000095BE002CD4D1BDE8F08100BF03610700EE
:109E10003764070044820600D464002036610700DE
:109E20002DE9F0410F4605460021384616461DF043
:109E300085F9FFF711FF0446A8B9082005F004F8DA
:109E400048B12C4B43612C4B4474C0E906350423C4
:109E500003748474C47400234FF40152BDE8F041CC
:109E600026491BF063BE264833463A4629461BF076
:109E700003FE041E26DAA31C39D0082004F0E4FFF8
:109E800050B1204B43611C4BC0E9063404230374DA
:109E9000002343748374C374184900234FF40152A0
:109EA0001BF044FE062004F0CFFF38B1164B43618F
:109EB00002230374002343748374C37400234FF498
:109EC0008452CBE7A64212D90A2004F0BDFF50B15C
:109ED0000E4BC0E90746C0E905350523037400238E
:109EE00043748374C37400234FF42252B6E7BDE871
:109EF000F08100BF5C6107002E6407004482060009
:109F0000D46400208D610700B4610700CA610700B6
:109F100010B54FF08043D3F80034DB075EBF644BCD
:109F200001221A70EDF7A6FC04460620002C40F032
:109F3000A88004F089FF30B15E4B436102230374B3
:109F400044748474C4745C4900234FF484521BF03D
:109F5000EDFDFFF781FE0446B0B9082004F074FF60
:109F600040B1564B4361564B8361032303744474E1
:109F70008474C474504900234FF4C2521BF0D6FDC0
:109F8000EDF7E0FC002010BD4E4C21680822653141
:109F90000220FFF745FF216880226D311E20FFF768
:109FA0003FFF21680C22F0310320FFF739FF2168C1
:109FB0000C22FC310420FFF733FF2168302201F529
:109FC0008A710520FFF72CFF2168302201F5A2716C
:109FD0000720FFF725FF2168242240311D20FFF7CD
:109FE0001FFF21680C2201F5BA710620FFF718FF48
:109FF0002168D1ED5D7AF5EE407AF1EE10FA15D1D7
:10A00000D1ED5E7AF5EE407AF1EE10FA0ED1D1ED97
:10A010005F7AF5EE407AF1EE10FA01BF4FF07E5311
:10A02000C1F87431C1F87831C1F87C31042201F5EE
:10A0300095612020FFF7F4FE21684FF48C6201F255
:10A04000AC412120FFF7ECFE2168302201F60C1113
:10A050002220FFF7E5FE2168042201F648112320A3
:10A06000FFF7DEFE2168012201F593611F20FFF753
:10A07000D7FE2168012201F299412520FFF7D0FE89
:10A080007EE704F0E1FE38B10F4B43610223037415
:10A09000002343748374C374074900234FF486522A
:10A0A0001BF044FD024B01221A70FFF7D5FD69E752
:10A0B00021C00020FF610700448206000F620700F4
:10A0C0004E640700D00600205862070070B51E4D90
:10A0D0002B782BB91D481BF011F801232B7070BD94
:10A0E0001B4E1C481BF00AF8FFF7B6FD40F6A812FD
:10A0F000002130681DF022F8174804F0BBF8174B18
:10A1000000241C7033682C704FF07E52C3F8742109
:10A11000C3F87821C3F87C21114A1A60EDF712FCCC
:10A12000062004F091FE30B10E4B4361022303740C
:10A1300044748474C474BDE870400B4900234FF428
:10A1400086521BF0F3BC00BF20C0002066620700EF
:10A15000D0060020DF620700D464002022C0002067
:10A16000D463A20CFB6207004482060038B5FFF7F7
:10A1700073FD20B9BDE838400E481AF0BFBF0E4C41
:10A180000E484FF400411AF0B9FFA189E2890C484A
:10A1900002FB01F31AF0B2FF204604F015FC05465D
:10A1A000204604F079FC29460246BDE838400548BF
:10A1B0001AF0A4BF12630700D464002023630700D1
:10A1C000406307006363070038B5002305460B6052
:10A1D00000201CF03CFE0446A0B985B1062004F026
:10A1E00033FE30B1094B4361022303744474847419
:10A1F000C474074900234FF484521BF097FC4FF0BE
:10A20000FF3038BD00239B68FFDE00BF8B63070073
:10A210004482060008B51CF023FF062004F014FE5B
:10A2200038B10F4B436102230374002343748374DA
:10A23000C37400234FF486520A491BF077FC0020B8
:10A24000FFF776FD00210720FEF740FB00214FF4C9
:10A25000404015F081F90020FFF758F8002008BDB4
:10A26000A96307004482060008B5062004F0ECFD4F
:10A2700038B10F4B4361022303740023437483748A
:10A28000C37400234FF486520A491BF04FFC002090
:10A29000FFF74EFD00210720FEF718FB4FF440406A
:10A2A000002115F059F9BDE808400020FFF72EB84D
:10A2B000C163070044820600013808B507287AD830
:10A2C000DFE800F0041A303079795959062004F09B
:10A2D000BBFD38B1384B4361022303740023437440
:10A2E0008374C374002335494FF486521BF01EFC5F
:10A2F000BDE8084019F0AABC062004F0A5FD38B15D
:10A300002F4B436102230374002343748374C3748B
:10A3100000232A494FF486521BF008FCBDE8084090
:10A32000EBF796BA062004F08FFD38B1254B436158
:10A3300002230374002343748374C3741F490023EE
:10A340004FF486521BF0F2FB4FF080435722C3F8C4
:10A350001C251D4B1D4A1B68D3F88019914205D15D
:10A360000D2283F879290122A3F87A29BDE8084053
:10A370000020FFF73BB8062004F066FD38B1144B0F
:10A38000436102230374002343748374C3740B4931
:10A3900000234FF486521BF0C9FB4FF08043A822E4
:10A3A000C3F81C25084B094A1B68D3F88019914251
:10A3B000DCD10E22D5E708BDDC630700448206002D
:10A3C000F66307000E640700D00600205453524C79
:10A3D0001C640700014B1878704700BF23C00020A1
:10A3E00098B5104B1A78824200AF18D00E4A1870F8
:10A3F0000E4B6C4688B0002818BF13466A460C49BD
:10A40000C2E905134FF4007393830A4B42F8103FDF
:10A41000094800234FF4E65104F0F6FEA546BD4678
:10A4200098BD00BF23C0002067640700119B070090
:10A430006F640700030000015C8206002DE9F04113
:10A44000062000AF04F000FD38B1B34B4361022396
:10A450000374002343748374C374B04CB049002365
:10A460004FF486521BF062FB2568002D00F0C1817D
:10A47000082004F0E9FC40B1AA4BC0E905350323EC
:10A480000374002343748374C37400234FF4C652CF
:10A49000A3491BF04BFB2368DA0711D5062004F013
:10A4A000D3FC38B1A04B43610223037400234374EF
:10A4B0008374C3749A4900234FF486521BF036FB11
:10A4C00023689B0711D5062004F0BEFC38B1974BDA
:10A4D000436102230374002343748374C37490495B
:10A4E00000234FF486521BF021FB23685E0711D531
:10A4F000062004F0A9FC38B18D4B4361022303749C
:10A50000002343748374C374854900234FF4865237
:10A510001BF00CFB23681D0711D5062004F094FCEA
:10A5200038B1844B43610223037400234374837462
:10A53000C3747B4900234FF486521BF0F7FA23685B
:10A54000D80611D5062004F07FFC38B17A4B436160
:10A5500002230374002343748374C374704900237B
:10A560004FF486521BF0E2FA2368D90311D5062076
:10A5700004F06AFC38B1714B436102230374002379
:10A5800043748374C374664900234FF486521BF0EE
:10A59000CDFA23685A0311D5062004F055FC38B1D2
:10A5A000674B436102230374002343748374C374B1
:10A5B0005B4900234FF486521BF0B8FA23681B0353
:10A5C00011D5062004F040FC38B15E4B43610223F4
:10A5D0000374002343748374C374514900234FF4FC
:10A5E00086521BF0A3FAFFF789FB0446002800F00F
:10A5F0000E81A0F16405082004F026FC48B1524BFE
:10A60000C561C0E9053404230374002343748374D3
:10A61000C374434900234FF403521BF087FA06200A
:10A6200004F012FC38B1494B436102230374002348
:10A6300043748374C37400233949454D454C4FF42A
:10A6400086521BF073FA2022FF2143481CF076FD4E
:10A650002022424800211CF071FD2A782368002A3C
:10A6600000F00E81002B00F0EF80062004F0ECFBE0
:10A6700038B13B4B4361022303740023437483745A
:10A68000C37400234FF484522549364E1BF04EFA12
:10A690002368D3F87029B24240F0BC8093F8646913
:10A6A000D3F86C290136F6B202F1010883F8646927
:10A6B000C3F86C89082004F0C7FB50B12A4BC0F8DE
:10A6C0001C80C0E90536042303740023437483749B
:10A6D000C374002312494FF402521BF027FA236877
:10A6E00093F86539072B47D8204A6E4688B052F850
:10A6F00023306A461E49C2E905134FF40073938361
:10A700001C4B42F8103F064800234FF4E45104F07C
:10A710007BFDB54630E000BF86640700046700207B
:10A7200094820600A0640700B2640700D0640700AA
:10A73000EA6407000E6507002A6507004F650700F9
:10A74000706507008B650700C5650700E8650700B1
:10A7500024C00020D00600202867002008670020C1
:10A76000026607004754445720660700408A0600E7
:10A7700040660700030000012B78002B64D023689B
:10A78000002B61D093F86439022B5DD9082004F0C6
:10A790005BFB40B1554B436103238361037400238A
:10A7A00043748374C374002351494FF4C4521BF0A3
:10A7B000BDF9236823B1002283F86429EDF7C2F8BC
:10A7C0004FF080435722C3F81C25002140F6CD40AE
:10A7D00014F0C2FE2368474AD3F88019914201BFA2
:10A7E000042283F879290122A3F87A29012003F0B1
:10A7F000D1F8062004F028FB00283FF4EEAE3E4BD3
:10A8000043610223037445748574C574E5E64FF013
:10A81000FF35F0E6062004F017FB38B1374B4361F3
:10A8200002230374002343748374C37400234FF41E
:10A8300084522F491BF07AF92368012283F8642996
:10A84000C3F86C29C3F870692D482E4D1CF0FFFA2F
:10A850000446E8B9062004F0F7FA30B12A4B436108
:10A860000223037444748474C47400234FF4845228
:10A870001F491BF05BF900232B70BD46BDE8F0813A
:10A88000002BE1D083F86429204AC3F87029DBE764
:10A890001B4805F0A7F9041E12DA082004F0D4FAC8
:10A8A00050B11B4B43611B4BC0E9063404230374B6
:10A8B000002343748374C37400234FF40152D7E719
:10A8C000012306202B7004F0BFFA38B1124B43610C
:10A8D00002230374002343748374C3740449002364
:10A8E0004FF486521BF022F9C7E700BF58660700F5
:10A8F000948206005453524CA765070092660700E5
:10A90000DC7B060027C00020B4660700475444578C
:10A91000DC66070014690700026707002DE9F843A9
:10A92000044600AF0E46EFF31183402383F31288F1
:10A93000BFF36F8FDFF85081D8F800509DB185F8D4
:10A9400065191CF08DFB4FF47A72A0FB020302FB29
:10A950000131C00BD8F80030424A40EA4140C5F806
:10A960006809C3F87029082004F06EFA3E4D40B122
:10A970003E4BC0E9053503230374002343748374FD
:10A98000C3743B4900234FF4C2521BF0CFF8F6B218
:10A99000384B53F826306E468AB06A463649C2E9CB
:10A9A000074340F202439384344BC2E9051542F851
:10A9B000103F2F4800234FF4315104F025FCB546D9
:10A9C0001CF04EFB044608200E4604F03DFA90B100
:10A9D0002B4B4FF47A71C0E90535A4FB013401FB20
:10A9E0000641DB0B43EA41430022C36104230374A5
:10A9F00042748274C2741E4900234FF401521BF04A
:10AA000095F8082004F020FA40B11E4BC0E9053546
:10AA100003230374002343748374C3741449DFF85D
:10AA20006C9000234FF4C2521BF080F81BF083FFA0
:10AA3000002605464FF47A781BF07DFF441BA4FBEB
:10AA40000843E40B44EA434406F57A73A34204D86E
:10AA5000214648461AF052FB26464FF47A701CF005
:10AA6000F2F9E9E747544457E16807001C6707001B
:10AA700094820600408A060039670700050000013D
:10AA8000556707006E670700D00600209E67070025
:10AA900008B5034B1B780BB9FFF7D0FC002008BDAD
:10AAA00027C00020014B1878704700BF25C0002048
:10AAB000F8B5304B1C7800AF05460E46A4B96D467C
:10AAC00088B06A462C4B53612C4B93614FF4007352
:10AAD00093832B4B42F8103F4FF4E451234629480F
:10AAE00004F092FBAD4625E0072840D811B9264B6B
:10AAF00053F82060254B264943F825602A46304606
:10AB000005F03EF9041E18DA0A2004F09DF958B148
:10AB1000204B4361194B0462C0E9063505230374D9
:10AB2000002343748374C374164900234FF42152E5
:10AB30001AF0FCFF2046BD46F8BD174B43F82540F0
:10AB400005F0ECF8154B53F825306D468AB06A468F
:10AB50001349C2E905134FF400739384114BC2E902
:10AB6000076442F8103F00234FF43351B7E76FF00A
:10AB70001504DFE727C00020BB670700FB6807005C
:10AB80000300000194820600208A06000867002066
:10AB90001DA90400E267070028670020408A06001C
:10ABA0000C68070005000001072806D8034B53F87E
:10ABB0002000002801DB05F0B1B8704728670020AD
:10ABC000072838B504460BD8064D55F82000002854
:10ABD00006DB05F053F818B94FF0FF3345F8243081
:10ABE00038BD00BF2867002010B54FF08043414CAE
:10ABF000D3F800342360002B63D03F481AF07EFA6C
:10AC00003E4821681AF07AFA3D481AF077FA3D4B2F
:10AC10003D4A1B68D3F8801991420BBFD3F87C29B9
:10AC2000C3F880290132012108BFC3F87C292268BA
:10AC300018BFC3F87C19002093F8641083F87819C2
:10AC4000B3F87A19A3F87A095007C3F8742907D51D
:10AC5000CA075FBF0F2283F879290222A3F87A2955
:10AC6000D3F8A02929498A424FF0E0222BD1D2F80B
:10AC7000281DC3F89019D2F82C2DC3F894294FF051
:10AC8000E0232349D3F8282DC3F8282DD3F82C2D01
:10AC9000C3F82C2D19F0C1FD1E4B4FF080421870E7
:10ACA000D2F81C35DBB20B703033DBB20E2B9CBFFD
:10ACB0000023C2F81C35D2F80034C2F8003400205A
:10ACC00010BD1548A1E7C3F8A019D2F8281DC3F894
:10ACD0009019D2F82C2DC3F894290022C3F88429A6
:10ACE000C3F88829C3F88C29C3F89829C3F89C298C
:10ACF000C5E700BF04670020416807009BCD060040
:10AD00005D680700D00600205453524C4C54414615
:10AD100025C0002024C000207B68070010B50E4B22
:10AD20001B6823B1002283F86429ECF70BFE062090
:10AD300004F08AF838B1094B4361022303740023FD
:10AD400043748374C374BDE81040054900234FF475
:10AD500086521AF0EBBE00BFD0060020C96807007B
:10AD60009482060010B50D4B1C78B4B901221A70FC
:10AD7000FFF7D4FF062004F067F830B1084B4361B9
:10AD80000223037444748474C474BDE810400549FC
:10AD900000234FF486521AF0C9BE10BD26C0002011
:10ADA000B46807009482060007289ABF024B53F844
:10ADB00020000248704700BF408A060028A906000C
:10ADC000014805F035BD00BFCDAD040038B50546DE
:10ADD000144804F0D5F9022D044610D0042D20D1DA
:10ADE00000210820FEF778FEECF730FA204604F048
:10ADF000F3F9BDE838400C48002104F03BBE0121C6
:10AE00000820FEF769FE0121074804F033FE63685D
:10AE10002046196804221AF06AFEBDE83840ECF7B3
:10AE2000F7B938BD6C5C0700B87B060037B50D4636
:10AE300001AB0422014604460EF04AF99DED010AD9
:10AE4000B5EE400AF1EE10FA0FD0B5EEC00AF1EE01
:10AE500010FA0CDBB1EEC00AF7EE007A87EE800A3A
:10AE60000422294620460EF043F903B030BD9FED81
:10AE7000010AF1E7000000001FB5032301AA0EF04C
:10AE800041F901A96B46032208460EF021F99DED18
:10AE9000000AB5EEC00AF1EE10FA04DBB1EEC00A0A
:10AEA00005B05DF804FB9FED010AF9E70000000022
:10AEB00000B52DED028B85B0032301AAB0EE408AC8
:10AEC0000EF020F901A96B46032208460EF000F9A6
:10AED000DDED007AF5EEC07AF1EE10FA0DDBF1EE61
:10AEE000E77AB4EEE78AF1EE10FACCBF0120002039
:10AEF00005B0BDEC028B5DF804FBDFED017AF0E7F5
:10AF00000000000010B5034693ED006AD3ED025A2D
:10AF1000D3ED036AD3ED017A26EE257A17EEA67AF1
:10AF200086B0084667EE867A46EEA57A1446032375
:10AF300037EE077A77EEA77A03AACDED017AF6EE1F
:10AF4000007A56EE067A694646EEA67A8DED007ACC
:10AF500077EEA77ACDED027A0EF0D4F89FED040AD1
:10AF60000322214603A80EF0C3F806B010BD00BFAF
:10AF70000AE81C4138B5F7EE006A2DED028BD0EDE2
:10AF8000008ADFED267AB0EE667A08EEE87A0446AB
:10AF90000D46B0EEE80A77EE277AF5EEC07AF1EECC
:10AFA00010FA35DBF1EEE77A86EEA78A27EE087A0B
:10AFB00087EE000A15F0BAFBDFED197AF5EE408A4C
:10AFC000F1EE10FA20EE270A25D018EE903AB7EEEF
:10AFD000007A002BFFEE007AB8BFB0EE677A68EE19
:10AFE000007A67EE877A94ED017A27EE277A85ED6D
:10AFF000007A94ED027A27EE277A85ED017A94EDB6
:10B00000037A67EE277AC5ED027ABDEC028B38BD74
:10B01000DFED047AC8E7B7EE007AE0E7BD378635A2
:10B0200083F9223F000000009FED0A0A00EB810136
:10B03000884207D1B5EEC00AF1EE10FA07DBB1EE97
:10B04000C00A7047F0EC017A07EEA70AF0E79FED1F
:10B05000010A7047000000002DE9F04F89B09246C8
:10B06000129C0193D4E900238B46054619461046ED
:10B070008DED020ACDED040ADCF730FED4E9028939
:10B080004FEA8B06002876D042464B46404649465A
:10B09000DCF724FE04F11007002865D000214FEAF8
:10B0A000CB0238461CF04AF85A490020DDF84CB073
:10B0B000C4E9020105EB0609D846D7E9002355F893
:10B0C000040BCDE90623DCF717FBDDE90623DCF7EB
:10B0D000B5F902460B46E7E80223D4E90223DCF780
:10B0E0008DFCDCF759FEA94548F8040BE5D104981E
:10B0F000DCF702FBD4E90223DCF756FB804602981A
:10B100008946DCF7F9FA02460B4640464946DCF729
:10B11000D1FD30B3139B3F4F9D1900265BF8040B04
:10B12000DCF7EAFADAE900238046894630463946F8
:10B13000DCF782F942464B46DCF736FBC4E90001F6
:10B14000019BDAE90401D3E90223DCF775F94246F1
:10B150004B46DCF729FBAB45C4E9020104F11004BE
:10B16000DCD109B0BDE8F08F2A4B002240464946A9
:10B17000DCF764F99AE7139F2E4455F8040BDCF7CB
:10B18000BBFADAE9002380468946DCF70DFBD4E9F7
:10B190000023DCF753F9DAE90223CDE90201404646
:10B1A0004946DCF701FB019BCDE90401D3E900230B
:10B1B000DDE90201DCF7F8FA02460B46DDE904019D
:10B1C000DCF73AF9D4E90223DCF738F9C4E90001E5
:10B1D0004046DAE904234946DCF7E6FA019B80465B
:10B1E000D3E902238946DDE90201DCF7DDFA0246F4
:10B1F0000B4640464946DCF71FF9C4E90201DDE988
:10B200000201DCF7C9FDAE4247F8040B04F110045B
:10B21000B3D1A6E70000F03F08B50A460346FFF7A2
:10B2200003FFDFED097AB4EEE70AF1EE10FA09D474
:10B23000F7EE007A1946184687EE800ABDE8084006
:10B240000DF056BF08BD00BF0000003470B52DEDF5
:10B25000068B1D46836823F07F4323F0FF038CB0E9
:10B2600006460C46B0EE408A002B56D001F5B2736C
:10B27000019301F5B8730093F0EE400A02F1680300
:10B2800090ED0A0A503203212846FFF7E5FED5ED7E
:10B29000017AD4ED5A5AD5ED006A94ED595A95EDDC
:10B2A000027A94ED5B6ADFED464A77EEE57A76EE58
:10B2B000C56A67EEA77A46EEA67A37EE467A47EE7B
:10B2C000077AC4ED567A96ED0B7AD6ED056A27EE2D
:10B2D000247A27EE077AF4EEC77AF1EE10FA16DA3E
:10B2E00066EEA47AB0EEC55AB4EEE75AF1EE10FA63
:10B2F0000DDCF0EEE55AF4EEE75AF1EE10FA06DC5A
:10B30000B0EEC66AB4EEE76AF1EE10FA05DD00238E
:10B31000C4F86031002384F82430D4ED1E7AD5EDD2
:10B32000009A95ED019AD5ED028A79EEE79AD4ED6F
:10B330001F7ACDED059A39EE679AD4ED207A8DED1E
:10B34000069A78EEE78A032105A8CDED078AFFF774
:10B350006BFEDFED1C7AB4EEE70AF1EE10FAB0EE08
:10B3600040AA29DD28EE008AF6EE007A28EE278A28
:10B370009FED150A04A903A828EE000A0DF0CEFEE1
:10B380009DED037A049B0893C7EE0A7A08A922462A
:10B39000204669EEA79A29EE279A68EEA78ACDED96
:10B3A000037ACDED099A8DED0A9ACDED0B8A19F04D
:10B3B00030FB0421FFF730FF0CB0BDEC068B70BDF5
:10B3C00035FA8E3C00000034E02E654200B52DEDCC
:10B3D000028B9FED098A83B001A88DED018A0DF0E3
:10B3E0001BFF30B99DED010A03B0BDEC028B5DF887
:10B3F00004FBB0EE480AF7E70000000008B5B5EE20
:10B40000C00AF1EE10FA2DED028B11D4B5EE400A10
:10B41000F1EE10FAB7EE008A0DD0F1EE600A80EE80
:10B42000800A15F0A5FB38EE400ABDEC028B08BD82
:10B430009FED020AF9E7B0EE480AF6E700000000C7
:10B44000044B00EBC1010022884200D17047E0E8C4
:10B450000223F9E70000F87F164B1749036010B587
:10B46000164B4360C16140F201131549154C03812D
:10B47000016201234FF07F51134A837284614FF0C0
:10B480007C534162C4631149114CC3600261836201
:10B490004FF080420363416304640E490E4C036520
:10B4A0000E4B4261C262816341648464C16443653E
:10B4B000826510BD0000404017B7D1380000104130
:10B4C0008FC2F53CCDCCCC3D0000C842CDCC4C3D2C
:10B4D000000020410000A0410000A0400000704298
:10B4E0002DE9F04F2DED108BD3ED007AF5EE407A7B
:10B4F000F1EE10FABBB007460C461546B0EE408A96
:10B500001E460ED1D3ED017AF5EE407AF1EE10FA37
:10B5100007D1D3ED027AF5EE407AF1EE10FA00F0A1
:10B52000CC847B7A4FF00008D3B304F5D073019339
:10B5300004F5D873009397ED0A0A05F1900305F11D
:10B540007802F0EE480A03213046FFF785FDD6ED7C
:10B55000006AD4ED687A94ED697A94ED6A6A76EEC1
:10B56000E76AD6ED017A77EEC77A96ED027A67EE52
:10B57000A77A46EEA67A37EE467A47EE077AC4ED0A
:10B58000577A97ED0C7A27EE077AF4EEC77AF1EE48
:10B5900010FAC0F25E81C4F86081002384F8243080
:10B5A000314617AA204604F1280B04F1380319F09C
:10B5B00069FA05F110060093CDF804B005F12809E9
:10B5C00097ED000AF0EE480A4B463246032117A8D1
:10B5D00004F1100AFFF740FD17AA5946504619F02A
:10B5E00051FA03211046FFF717FE9DED197AB7EEC9
:10B5F000009A77EE097AF6EE009A67EEA97AF5EEF0
:10B60000C07AF1EE10FA40F3B484F4EEC97AF1EEA8
:10B6100010FA58BFF0EE497ADFEDB66AF1EEE77A3C
:10B62000F4EEE67AF1EE10FADDED185A9DED176AA8
:10B6300040F31F81BEEE007A65EEA95A26EE076A36
:10B6400085EEA75A86EE277A5246514620A8CDF8B5
:10B650008C80CDED207A8DED215A8DED227A19F076
:10B66000D8F904215046FFF7D7FDDDED190AFFEEAA
:10B67000007AF4EEE70AF1EE10FA40F33781F4EEC7
:10B68000C90AF1EE10FA40F12E8180F22C81F4EE1D
:10B69000E70AF1EE10FA40F22981B0EE490A00EE15
:10B6A000E00AB5EEC00AF1EE10FAC0F21981B1EE6F
:10B6B000C00AFFF78BFEC0EE087AC4ED1A7A3B8908
:10B6C000002B00F0FA8324A92046D7ED058A19F053
:10B6D000AFFA9DED275A9DED267A9DED256A9DEDE9
:10B6E000242A67EE063A65EE026A67EE021A65EEF4
:10B6F000065A33EEE64A67EE074A73EEA63A66EE5E
:10B70000066A74EEA44A26EE026A31EEA53A65EEA8
:10B71000057A75EEE15A27EE057A76EEA66A79EE9D
:10B72000642A37EE465A77EEA77A79EE666A75EEA6
:10B73000A55A37EE067A72EEE72A34EE044A76EE20
:10B74000E77A37EE077ACDED2E5AD4ED1F5A94EDF5
:10B750001E6ACDED2C7A73EEA33A76EEE46A67EEBC
:10B76000A57A8DED2F7A24EE257A02EE867A28A826
:10B7700004F1A80343EE867A3246092133EE033AF8
:10B7800035EE055ACDED306AD4ED206A019003EE16
:10B79000267A00934B4645EE267A97ED000ACDEDCA
:10B7A000282AF0EE480A8DED294A8DED2A3ACDED92
:10B7B0002B3A8DED2D5A8DED157ACDED167AFFF7DA
:10B7C0004BFC15A804F59C73009301904B4697ED34
:10B7D000000A3246F0EE480A0221FFF73DFC94F8D9
:10B7E0002430002B00F090807B7A002B00F08C80BE
:10B7F00094ED1E7AD4ED597A95ED130A8DED289AC1
:10B8000077EEC77A94ED1F7ACDED1D7AD4ED5A7A92
:10B81000CDF8A48077EEC77A94ED207ACDED1E7A2C
:10B82000D4ED5B7ACDF8A88077EEC77ACDF8AC80FE
:10B83000CDED1F7A8DED2C9ACDF8B480CDF8B8807F
:10B84000CDF8BC808DED309A03211AA80DF062FE70
:10B85000A5E0D4ED587A78EE277AC4ED587A97EDC2
:10B86000097AF4EEC77AF1EE10FAFFF699AE0123E9
:10B8700094E665EEA56A46EE066AF5EEC06AF1EE5C
:10B8800010FA26DBF1EEE66A9FED1B5AF4EEC56A6C
:10B89000F1EE10FA1DDD39EE477A27EE297AB4EE83
:10B8A000C97AF1EE10FA07D5B5EEC07AF1EE10FACA
:10B8B00004DA9FED127A03E0B7EE007AB1EEC77AB0
:10B8C00065EE875A26EE476A85EEA65A86EE267AF8
:10B8D000BAE6DFED0A7AB7EE005AB0EE677AB3E661
:10B8E0009FED060AE5E69FED050AE4E69FED040AF2
:10B8F000E1E600BF17B7D138BD378635000000003C
:10B90000DB0F494035FA8E3C3B7A002B00F0DA829F
:10B91000DDED185A94ED1E6AD4ED1F7AD4ED206A3D
:10B920006B6C1A93F1EE655A85EE887A1B93AB6CBB
:10B930001C93DDED155A37EE257ADDED285A06EE1B
:10B94000657ADDED295A07EEE57ADDED2A5A06EE35
:10B95000E57ADDED175A8DED1D7A85EE887ADDEDFD
:10B96000165A37EE257ADDED2B5A06EE657ADDEDB7
:10B970002C5A07EEE57ADDED2D5A06EEE57A8DEDCF
:10B980001E7A9DED2F7A67EE877A9DED2E7A57EE1F
:10B99000467A9DED307A46EEC77ACDED1F7AD5ED29
:10B9A0000F7A94ED217AB4EEE77AF1EE10FA44BF03
:10B9B000D5ED107A77EE877A94ED257A48BFC4EDFD
:10B9C000217AD5ED0F7AB4EEE77AF1EE10FA44BFA2
:10B9D000D5ED107A77EE877A94ED297A48BFC4EDD9
:10B9E000257AD5ED0F7AB4EEE77AF1EE10FA42BF80
:10B9F000D5ED107A77EE877AC4ED297ADDED1A7AE3
:10BA0000F5EEC07AF1EE10FAC0F257825FED437A9C
:10BA100068EEA77A1DA9CDED067AF1EE677AB0EE51
:10BA2000670ADDED060ACDED077A084603220DF020
:10BA300035FBD4ED226A9DED29CA94ED213A9DEDA6
:10BA400028DAD4ED233ADDED2AAA9DED2C8ADDED2E
:10BA50002FBADDED2ECA9DED30AA94ED257A94ED36
:10BA6000244AD4ED264AD4ED287AD4ED275A94ED11
:10BA7000296ADDED2B8A9DED2DBA26EE8C5A03EE58
:10BA80000D5A31AA114603EEAA5A28A804F18405DA
:10BA90008DED315A26EE885A66EEAB6A43EE2C6A7B
:10BAA00043EE8A6A03EE285ACDED336A6CEE076ADC
:10BAB0004DEE046A4AEEA46A03EE8B5ACDED346A69
:10BAC00068EE076A2BEE877A0CEE847A0AEE247A07
:10BAD00048EE846A8DED367A2CEE277A0DEE257AC3
:10BAE0000AEE867A4BEE246A8DED377A28EE277AB5
:10BAF0006BEEA77A08EEA57A4CEEA57A0BEE067AE5
:10BB00004AEE067A8DED325ACDED356A8DED387AF2
:10BB1000CDED397A19F017F89DED319ADDED1A7AED
:10BB20009DED1B7ADDED1C6ADDED36EA9DED38EA10
:10BB300039EE279ADDED357A8DED319A37EE87FAB9
:10BB40009DED397A8DED35FA77EE26FA6EEE8E6A36
:10BB50005FEE2F6ACDED39FA16EE900ADBF7CCFDD9
:10BB6000DDED337ACDED027ADDED327A6FEEA76A44
:10BB7000CDED037ADDED027A5EEE276A80468946D6
:10BB800016EE900ADBF7B8FDDDED027A6FEE276A5C
:10BB9000DDED037A5EEEA76ACDE90A0116EE900AA2
:10BBA000DBF7AAFDDDED34DADDED377A6FEEAD6A55
:10BBB0005EEEA76ACDE90C0116EE900ACDED047A8F
:10BBC000DBF79AFD9DED047ADDED027A67EE876A78
:10BBD00059EE2F6A82468B4669EE2EEA16EE900ADF
:10BBE000DBF78AFDDDED027A57EEADEACDE90E0115
:10BBF0001EEE900ADBF780FDDDED047A2FEE277A4A
:10BC00001EEE2D7ACDE9100117EE100ADBF774FD58
:10BC10009DED047ADDED037A29EE0EEA17EE87EA50
:10BC2000CDE908011EEE100ADBF766FDDDED037AB3
:10BC300067EEADDA59EE0FDACDE904011DEE900A98
:10BC4000DBF75AFDCDE9120119EE100ADBF754FDBE
:10BC500042464B46DBF7A8FD064603980F46DBF746
:10BC60004BFD52465B46DBF79FFD02460B463046D6
:10BC70003946DBF7E3FB064602980F46DBF73CFD4F
:10BC8000DDE90823DBF790FD02460B4630463946D6
:10BC9000DBF7D4FBB94B002206460F46DCF70AF867
:10BCA000002800F0148100224FF07A5330463946C4
:10BCB000DBF7F6FF002800F00A819FEDB10A0921A9
:10BCC00031A80DF027FCDDED346A9DED313ADDED54
:10BCD000373A9DED357A9DED324ADDED384ADDED9E
:10BCE000367A9DED335ADDED395A26EEA86A03EE19
:10BCF0000D6A31AA114603EEAC6A284604F18403AA
:10BD00008DED316A27EE286A04EE0D6A04EEAC6A06
:10BD100067EEA88A8DED326A26EE886A03EE0C6A19
:10BD200003EEAB6A66EE8B6A8DED346A27EE086A25
:10BD300027EE888A27EE0B7A67EE8B7A45EE0D8A1E
:10BD400004EE0C6A05EE0C8A43EE2A6A04EE2A7AA7
:10BD500045EE2A7A04EEAB6A43EE8A6A04EE8A7AEA
:10BD600045EE8A7A45EEAC8A05EEAB8A8DED356AF2
:10BD7000CDED376A8DED387ACDED397ACDED338A58
:10BD80008DED368A18F0DFFEDDED1E7A9DED327AFC
:10BD90009DED1D6ADDED315ADDED1F6A27EE877AD4
:10BDA00006EE257A28A91046DDED335A06EEA57A6F
:10BDB000D4ED1E5A35EE877ADDED345A84ED1E7AC5
:10BDC0009DED357A27EE877A06EE257ADDED365A37
:10BDD00006EEA57AD4ED1F5A35EE877A84ED1F7AE8
:10BDE0009DED387A67EE877A9DED377A46EE077AD1
:10BDF0009DED397A46EE877A94ED207A77EE277AB0
:10BE0000C4ED207A18F09FFE294618F09CFE04F13C
:10BE1000A801D3ED007AB2EC017A77EEC77AE3ECB1
:10BE2000017A8B42F5D194ED247AD4ED227ADDEDBE
:10BE3000060A9DED070A77EE877A94ED277A67EE7A
:10BE4000A97A0023C4ED247AC4ED227AD4ED237AB2
:10BE500077EE877A94ED287A67EEA97A04F1780173
:10BE6000C4ED277AC4ED237AD4ED267A77EE877A6B
:10BE7000032267EEA97A0846C4ED287AC4ED267A33
:10BE8000D4ED217AF5EEC07AD4ED257AF1EE10FAF0
:10BE9000F5EEC07AD4ED297A48BFC4F88430F1EECB
:10BEA00010FAF5EEC07A48BFC4F89430F1EE10FAFB
:10BEB00048BFC4F8A4300DF0F1F83BB0BDEC108BD6
:10BEC000BDE8F08F03211AA8BFEE000ABEE4324697
:10BED0003B4640464946DBF791FDDBF75DFF3246C6
:10BEE0003B463190DDE90A01DBF788FDDBF754FFC3
:10BEF00032463B463290DDE90C01DBF77FFDDBF794
:10BF00004BFF32463B46339059465046DBF776FDB1
:10BF1000DBF742FF32463B463490DDE90E01DBF7AA
:10BF20006DFDDBF739FF32463B463590DDE9100108
:10BF3000DBF764FDDBF730FF32463B463690DDE948
:10BF40000801DBF75BFDDBF727FF32463B46379006
:10BF5000DDE90401DBF752FDDBF71EFF32463890C6
:10BF60003B46DDE91201DBF749FDDBF715FF3990B0
:10BF7000A9E6DFED037AFFF74FBB00BF000080BEEC
:10BF80000000000070B52DED028BD3ED007AF5EEC8
:10BF9000407AF1EE10FA8AB005460C461646B0EE2D
:10BFA000408A0ED1D3ED017AF5EE407AF1EE10FA27
:10BFB00007D1D3ED027AF5EE407AF1EE10FA00F0F7
:10BFC000788106A9204618F033FE194603AA06A870
:10BFD00018F058FDAB7A002B00F0008103211046C9
:10BFE000FFF722F89FEDD47A84ED850AB4EEC70AF4
:10BFF000F1EE10FAF0EE407A00F15B819DED057AEA
:10C0000087EE270AFFEE007AB4EEE70AF1EE10FAA7
:10C0100040F35981F7EE000AB4EEE00AF1EE10FAAF
:10C0200040F14E8180F24C81B4EEE70AF1EE10FA55
:10C0300040F2498140EE400AF5EEC00AF1EE10FAF6
:10C04000C0F23B81F1EEE00AFFF7C0F9B1EE400A21
:10C0500084ED860A95ED0D0AB5EEC00AF1EE10FAF0
:10C060000EDD04F5087304F505700093019006F1E8
:10C07000C00306F1A802F0EE480A0221FEF7ECFF29
:10C08000D4ED7E7AD4ED855A95ED0F7A94ED866ADB
:10C0900075EEE74A27EE877AF0EEE46AF4EEC76AB7
:10C0A000F1EE10FA40F1128194ED7F7AD5ED106A2D
:10C0B000DFEDA23A36EE475A66EEA36AB0EEC54A05
:10C0C000B4EEE64AF1EE10FA40F10081D4ED806A58
:10C0D00078EE266AC4ED806A95ED144AF4EEC46ADF
:10C0E000F1EE10FA0EDB002384F82530D6ED286A35
:10C0F00044EEA67AC4ED7E7AD6ED287A05EE277A4C
:10C1000084ED7F7A94ED827AD5ED0F7A75EEC74A89
:10C1100067EE277AF0EEE46AF4EEE76AF1EE10FAE1
:10C1200040F1DB80D4ED836AD5ED107ADFED833A00
:10C1300036EE665A67EEA37AB0EEC54AB4EEE74A29
:10C14000F1EE10FA40F1C980032104F5B270FEF758
:10C150006BFF9FED7B6AD5ED137ADFED7A5A94F889
:10C16000253067EE867A87EEA56AB4EEC60AF1EE50
:10C1700010FAA2BFD4ED847A77EE887AC4ED847A7F
:10C18000D6ED287A04EEA77A84ED827AD6ED287A65
:10C1900045EE276AC4ED836A03B3D4ED847A95ED46
:10C1A000116AF4EEC67AF1EE10FA0DDA94ED7E6AB9
:10C1B000B5EEC06AF1EE10FA10D895ED126AF4EE01
:10C1C000C67AF1EE10FA09DB002384ED7E7AC4ED25
:10C1D0007F6A84F825302B6DC4F80032DDED040A47
:10C1E0009DED030AFFF7F2F8D4ED087A9FED545A5B
:10C1F00030EE670AB4EEC50AF1EE10FA75DD9FED78
:10C20000527A30EE470A84ED1C0AAB7A96ED0E7A2C
:10C21000BBB194F82530D4ED816A002B71D095ED37
:10C22000156AB4EEE66AF1EE10FAB5BFD5ED166AFE
:10C230009FED467A87EE267A78EE266AA8BFC4ED8F
:10C24000816AD4ED1B6AF5EE406AF1EE10FA19D05E
:10C25000F7EE005A76EEA55AF4EE476A86EEA56A26
:10C26000F1EE10FA84ED1B6AC8BFB0EE667AD5ED28
:10C27000016A26EE266AB4EEC86AF1EE10FA44BFEF
:10C280000023E366D4ED1C6A27EE267AC7EE086A1F
:10C2900077EE877AC4ED1D6AF4EEC57AF1EE10FAF6
:10C2A000C4ED087A3BDD9FED287A77EEC77AC4EDBE
:10C2B000087A0AB0BDEC028B70BDDFED240AC3E63C
:10C2C0009FED230AC2E69FED230ABFE60023C4F8D0
:10C2D0000032012384F8253014E70023C4F810321B
:10C2E000C4ED825A84ED836A78E79FED1B7AB4EE41
:10C2F000C70AF1EE10FA44BF9FED137A30EE070A39
:10C3000081E795ED166A48EE466AF5EEC06AF1EEF1
:10C3100010FAD8BFDFED0D6AC4ED816A91E79FED99
:10C320000E7AF4EEC77AF1EE10FAC2D59FED067AD6
:10C3300077EE877ABBE700BF0000003435FA8E3C09
:10C34000DB0F494000003443DB0FC9400000000010
:10C35000DB0FC93FDB0FC9BFDB0F49C0F8B50D4686
:10C36000D1E97C4154EA010CDDE9066792ED020A4D
:10C3700018D0B44271EB070C14D2341BDFF844C060
:10C3800067EB010114F1FF3E41F1FF31E64571F128
:10C3900000013FBF07EE904A9FED097AF8EEE77A79
:10C3A00087EE870A2946FFF7EDFDD5E97C32B342D7
:10C3B00072EB070101D3134301D1C5E97C67F8BDD6
:10C3C000002474498096980013B50A460C4601462D
:10C3D000103018F01EFBD1ED087A9FED190AB6EE69
:10C3E000007A67EE877A01A927EE800A68460CF08A
:10C3F00095FE9DED006A94ED035ADDED016AD4EDE2
:10C40000007AD4ED024A94ED017A65EE065A57EEB1
:10C41000A65A67EE867AC4ED005A66EE245A56EEA6
:10C42000875A26EE077A06EEA47A46EE857AC4EDA0
:10C43000015A84ED027AC4ED037A02B010BD00BF48
:10C44000E02E654232B1836F1360C36F5360D0F842
:10C4500080309360D0ED216AD0ED227A90ED247A7D
:10C4600090ED286A91ED0F0AF0EEE77AF0EEE66AB9
:10C4700076EEA76AD0ED237AF0EEE77A76EEA76A39
:10C48000D0ED257AB0EEC77AF0EEE77A37EE277A6C
:10C49000D0ED267AF0EEE77A37EE277AD0ED277ADC
:10C4A000B0EEC66AF0EEE77A77EE867A90ED296A0A
:10C4B000F4EE476AB0EEC66AF1EE10FA77EE867ACD
:10C4C000C8BFB0EE667AF4EE477AF1EE10FA48BFD4
:10C4D000F0EE477AB4EE670AF1EE10FAC8BFB0EE9C
:10C4E000670AB5EEC00AF1EE10FA06DBB1EEC00A3B
:10C4F000DFED037A20EE270A70479FED020AF7E787
:10C50000D4023739000000000B6883674B68C367AB
:10C51000B5EEC00A8B68C0F88030F1EE10FA4FF02B
:10C52000000317DDDFED0C7AC0F8883020EE270A13
:10C53000C0F88C3020EE000AC0F8903080ED210A5F
:10C5400080ED250AC0F89830C0F89C30C0F8A030C3
:10C5500080ED290A704700BF9F0CB345D1ED567A94
:10C56000F5EEC07AF1EE10FA1BDBF1EEE77A90ED12
:10C570000B7ADFED0F6A27EE267AC7EE876AC2EDE7
:10C58000006AD1ED577AF5EEC07AF1EE10FA0BDBC6
:10C59000F1EEE77AD0ED0C6A87EEA67A82ED017AA9
:10C5A0007047DFED047AE2E7DFED027AF2E700BFE1
:10C5B00035FA8E3C00000000F8B52DED028B9FEDA2
:10C5C0004C8A0C464FF480734FF07E578B8481ED7C
:10C5D000018A81ED028A81ED038A81ED058A81ED70
:10C5E000068A81ED078A81ED088AB0EE480A054681
:10C5F0000F600F6104F12800032116460CF08AFF3A
:10C60000062104F13800FEF71BFFB0EE480A84ED66
:10C610001A8A84ED1C8A84ED1D8A032104F17800B6
:10C62000E7660CF077FFF36BC4F88430C4F89430FD
:10C63000C4F8A43084ED228A84ED238A84ED248A10
:10C6400084ED268A84ED278A84ED288A122104F15C
:10C65000A800FEF7F5FE042104F59C70FEF7F0FE3D
:10C66000B0EE480A022104F5AC700CF053FFB0EEB6
:10C67000480A84ED588A032104F5B2700CF04AFF91
:10C68000062104F5B870FEF7DBFEB0EE480A032180
:10C6900004F5D0700CF03EFF062104F5D870FEF7CB
:10C6A000CFFE84ED7E8A84ED7F8A84ED808A6B6D77
:10C6B000C4F804320F4BC4F8083284ED838A84ED49
:10C6C000848A022104F50570B0EE480A0CF022FFBE
:10C6D000042104F50870FEF7B3FE00220023C4E92C
:10C6E0007823C4E97A23C4E97C23BDEC028BF8BD2E
:10C6F00000000000000080BFF8B52DED028BD2EDE8
:10C70000018A0546144602F1100095ED000AF0EE8C
:10C71000680A0E4602F12801E5F702FA94ED028A52
:10C7200095ED010AF0EE480AFEF768FE84ED0E0A68
:10C73000D5ED037A9FED407ADFED406AD4ED000A33
:10C7400067EE877A274667EEA77A04F16801C4EDA1
:10C750000F7AD5ED047AF4EEE67AF1EE10FAD8BF4E
:10C76000F0EE667A68EE876A04F1500086EEA76AFA
:10C77000903784ED106AD5ED067A67EE877A67EE1A
:10C78000A77A67EEA75AC5EE866ADFED2D5A76EED8
:10C79000A76AC4ED116AD5ED077AF4EEE57AF1EEF9
:10C7A00010FAD8BFF0EE657AC6EEA75AC4ED125A59
:10C7B000D5ED087A67EE877A67EEA77A67EEA76A03
:10C7C00086EE867A77EE277AC4ED137A95ED0A0A1B
:10C7D000E5F7A6F9394604F1780095ED0A0AF0EE7E
:10C7E000680AE5F79DF995ED0E0AF0EE480AFEF7A6
:10C7F00005FE84ED280A95ED0D0AB5EEC00AF1EEAE
:10C8000010FA04F1A80004F1C0070DDD3946F0EE7E
:10C81000480AE5F785F9BDEC028B224631462846E9
:10C82000BDE8F840FFF7C8BE0321FEF709FE02216C
:10C830003846FEF705FEEEE70000C842BD378635F4
:10C84000FFE6DB2EB5EEC00AF1EE10FAD8BF9FED81
:10C850000C0AF5EEC00AF1EE10FAB5EE401AD8BF98
:10C86000F0EE400AF1EE10FA82ED000AC8BFB0EE19
:10C87000410AC2ED010A82ED020AFFF73DBF00BF87
:10C880000AD7233C30B50D4DC0430A44914201D133
:10C89000C04330BD11F8013B83EA000404F00F04EB
:10C8A00055F8244084EA101080EA131303F00F03B4
:10C8B00055F8233083EA1010E8E700BF608A0600CD
:10C8C00010B5094C0A44914200D110BD11F8013B4A
:10C8D000584003090001E35CC0B2434018091B0142
:10C8E000205CDBB25840EEE74D690700F8B50F4613
:10C8F00000293BD00668304618F0F8F901220146BD
:10C900000446304618F0BAF9C3070DD4184A19493D
:10C910001948AF2318F05CFC3946184818F058FC49
:10C92000AF211348FCF750FA2146304618F0BCF905
:10C93000251829460022304618F0A0F92D1AAC42DD
:10C940000BD00B4A0E490C48B72318F041FC39466E
:10C950000C4818F03DFCB721E3E72146304618F0BB
:10C96000A9F92146BDE8F84018F0E5BAF8BD00BFC6
:10C970005D69070080690700D241070091690700DF
:10C98000C9690700EF690700B2F5802F2DE9F04172
:10C9900010D2042A28D84349434A44484FF4077325
:10C9A00018F016FC424818F013FC4FF407713E488B
:10C9B000FCF70AFA0823D21ACC1D114424F007040C
:10C9C00021F00701091B17294FEAD1060ED8394972
:10C9D000354A364840F2252318F0FAFB344818F05F
:10C9E000F7FB40F22521E2E70423E4E70027046097
:10C9F0003146A660E760304618F08BF90121421DF0
:10CA00008046304618F07CF99200D51DED08284488
:10CA1000B0423AD8B8F1FF3FA2F110023946B8BF90
:10CA20003A4604F110001AF089FB2A46394620469E
:10CA300018F058F93B463A463946204618F029F98D
:10CA4000A6EB050820463946012218F033F9424684
:10CA5000294618F047F92B463A462946204618F051
:10CA600018F93146204618F03DF943463A4631461A
:10CA7000204618F00EF931462046012218F01AF926
:10CA80002946BDE8F04118F014BA0B49064A074898
:10CA900040F23A2318F09CFB054818F099FB40F24D
:10CAA0003A2184E72B6A07005D690700D24107003D
:10CAB0004C6A0700656A07008E6A07002DE9F04F8F
:10CAC00091B08407009302F004030293C2F3C203FF
:10CAD00003F10103DDF86890039205460E460593C5
:10CAE00040F0F781041D30B1072909D86FF01B0011
:10CAF00011B0BDE8F08F01F007063444C6F1080616
:10CB0000009B4FF000084FF0FF324FF0040B591E0E
:10CB1000CDF81080474643460192DA460DB10098A1
:10CB200020600598002800F3D7809948009A824237
:10CB300003D398488242C0F0CF80039AA4EB050E3D
:10CB400092074FEA9E0040F1E2804FF0000CCCE0EB
:10CB50007A285CD84B280CD8472858D829282AD8B6
:10CB6000252851D053D8202877D023384342434139
:10CB700073E04C382E284AD8DFE800F06F49494965
:10CB800049494949494949494B4949494949494913
:10CB90004959494B4B5959596F4B6C496F49184B7F
:10CBA000184949807D4B49494B497D0000200023AD
:10CBB0004FF0040B39E02A38C0B2012202FA00F02B
:10CBC00010EA0E0F49D110F0625C30D110EA020376
:10CBD00043D06046013C5C44B4FBFBF40BFB04F423
:10CBE000002D60D0AAEB050CA444B4453FF67EAFFF
:10CBF00000286AD1BAF1040F45D159F8040B20601E
:10CC000004344FF0040A28E0019B013B0193002308
:10CC100023E011F8013C6C2B32D111F8023C0020CA
:10CC20006C2B0346C4D14FF0080BDA46D2E709F16A
:10CC3000070929F007090734F9E802AB24F00704D3
:10CC400035B106982044B0423FF650AFC4E900AB7E
:10CC5000083400234FF0080BDA4611F8010F0028C2
:10CC600000F0BF80002B7FF473AF2528F5D1019B26
:10CC70000133019301234FF0040BEDE7184696E7CB
:10CC800000200346A6E7BAF1080F40F09C8009F1A6
:10CC9000070929F00709B9EC027B84ED007B083411
:10CCA0004FF0080AD9E780B9BAF1040F02D109F1AF
:10CCB0000409A5E7BAF1080F40F0858009F10709DA
:10CCC00029F0070909F10809E9E7059801380590F5
:10CCD00059F8040B009021E7039A90074CD5A4EB78
:10CCE000050E4FEA9E004FF0010CBEF5007F1FD3EA
:10CCF00029492A4A2A484FF41F7318F069FA29482B
:10CD000018F066FA4FF41F712448FCF75DF80F2FF6
:10CD100010D8002D4AD007F140020DEB020C019A09
:10CD20000CF8200C0CF8102C04980130049022E030
:10CD30000F2F0CD91849194A194840F2812318F0CD
:10CD400047FA194818F044FA40F28121DCE7D5B1DE
:10CD500007F140020DEB020EC0B2019A0EF8200C52
:10CD60000EF8102CBCF1000FDED060F07F000EF842
:10CD7000200C08F101080137C5F1080204340692BD
:10CD80004FF6DA7E69E7BCF1000F0FD00136F2E70B
:10CD90001C7A060048C2070011990700B96A07000B
:10CDA000D2410700E76A0700086B0700029A0236C3
:10CDB000002AE0D10098CDE90631DBF74CFADDE935
:10CDC00006310644D7E7444A4449454840F2C62361
:10CDD00018F0FEF95146434818F0FAF940F2C6211E
:10CDE00092E7631BB3F5806F0CD33C493A4A3C4849
:10CDF00040F2D22318F0ECF93B4818F0E9F940F280
:10CE0000D22181E71DB9A6F10804E01870E6029A64
:10CE100028609B082B709DF81030C2B1EB7085F82C
:10CE20000280B8F1000F05D008A80022C5F1010C5E
:10CE300097420ED1C5F101030DF120094FF0000A10
:10CE400001930DF1300B574512D1601B50E66B700A
:10CE5000E5E710F8013B190608D50CEB040EB645C2
:10CE600003F07F033FF642AE04F8013B0132DFE7F7
:10CE7000B8F1000F03D099F90020002A17DB029BBC
:10CE8000D3B11AF80B2004F8012B0022019B1819CA
:10CE90001044B0423FF62AAE99F8000004F8010BA6
:10CEA0000099039220461AF03BF9039A14440AF1C0
:10CEB000010A09F10109C6E799F8002055F8223066
:10CEC0000093029B45F822300098DBF7C4F9421C1E
:10CED000DCE76FF00D000BE6B96A07001199070057
:10CEE000D2410700226B0700376B07002DE9F04F96
:10CEF00097B000AF8946D7F880B0FA623B6204462B
:10CF000058B9A849A84AA94840F2993318F060F9DD
:10CF100040F29931A448FBF757FFCBF3C00390F8D8
:10CF200002A07B6141B9457800780AEB800020447B
:10CF30004D4517D8A0EB0409E378FB61BAF1000F67
:10CF400002D01BF0010F16D1FB6953BBFB6A1BB16A
:10CF50003A6A4946204698474D4628465C37BD46C2
:10CF6000BDE8F08F461C3046DBF775F901303044E0
:10CF700009F10109DCE7237862687A62FA6A9900AC
:10CF8000B96104EB8301002A40F001814D460E4651
:10CF900001EB0A094FF000084E454CD101EB0A069F
:10CFA00010E01BF0020FD1D023789A00BA616268BA
:10CFB0007A62FA6A04EB8301002A77D14D4601EBCD
:10CFC0000A0690461BF0050F0CBF02230123FB62EB
:10CFD000FB6906EB430A0BF00203BB625645BCD06B
:10CFE00016F8021B16F8013C54F82390704B994533
:10CFF00002D3704B994536D37B69002B40D0786AB9
:10D0000018F041F800283BD0E9468AB06A466A4BDE
:10D0100053617B6AC2E906314FF400731384674B96
:10D0200042F8103F664800234FF4125102F0ECF82A
:10D03000023DCD46D2E716F8013BF96254F82300D1
:10D04000DBF709F9D7F88430F96A01304BB1D7F82A
:10D05000883098453EBFD7F8843023F8180008F18F
:10D060000108054498E77B6923B1786A18F00BF84A
:10D070000028C9D11BF0010F05D1FB6AED1AADE7FD
:10D08000BB6A002BAAD04846DBF7E5F8D7F8843016
:10D0900053B1D7F8883098453FBFD7F88420431C58
:10D0A00022F8183008F10108054497E7BAF1000F9B
:10D0B00073D01BF0040873D0D04607F14800002657
:10D0C00052463B61B9621AF02BF8B96A3B6901EB31
:10D0D0000A02BA62FA69F9695200FA60BA6A02EBA6
:10D0E00041023A610BF00202BA60BA6A39698A42B7
:10D0F00068D162787A621BF0020F32440CBF4FEAAB
:10D10000580100211BF0010FD2B240F0E4801BF067
:10D11000040F14BF404600207B616270A070E17074
:10D120003A6AB969FB6A20469847051EFFF615AFB3
:10D130007B6923707B6A6370FB69E37041463A6ADE
:10D14000FB6A84F802A007F148009847B0F1000894
:10D15000C0F2F580BB693A6AA9EB0A01C91AFB68FB
:10D16000C91AD7E90A0398470028C0F2EA80A84400
:10D1700008EB00054FF0000B07F1380AB345C0F08B
:10D18000AC8000213A6AFB6A08469847E5E65646B5
:10D1900007F138004FF0000892E7D046564696E770
:10D1A000464694E74E6B0700B96A0700D241070074
:10D1B0001C7A060048C20700696B070004000001E2
:10D1C0001C810600BA6A12F8021BBA6212F8015CEE
:10D1D0005D4A54F82500904202D35C4A904218D32D
:10D1E0007A693AB1786A7B6017F04DFF7B68002856
:10D1F0007FF47BAFBA68002A4CD00F2E40D9544937
:10D20000544A554840F24D4317F0E2FF40F24D4179
:10D2100080E67A693AB1786A7B6017F034FF7B6800
:10D2200000287FF462AF1BF0010F0BD00F2E27D91F
:10D230004749484A484840F2434317F0C9FF40F283
:10D24000434167E61BF0040F3FF44FAFB8F10F0FF7
:10D2500009D942493F4A404840F2464317F0B8FFD7
:10D2600040F2464156E608F1280207F1300008F185
:10D27000010102EB000808F8105C5FFA81F834E75E
:10D2800006F1280207F13000711C161806F8205C20
:10D29000CEB22AE7B8F10F0F09D930492D4A2E48EE
:10D2A0004FF48A6317F094FF4FF48A6132E608F175
:10D2B000280207F1300C08F10100944407F15802EC
:10D2C00052FA80F008F102080CF8101C5FFA88F896
:10D2D00000F8105C09E700201EE71BF80A3087F809
:10D2E000373054F82390D7F884302BB3D7F88830F0
:10D2F0009B4521D2D7F8843033F81B803A6AFB6A09
:10D30000012107F13700984700281ADB0544B8F1DE
:10D31000000F06D14846DAF79EFF00F101081FFA18
:10D3200088F83A6AFB6A414648469847002808DB75
:10D3300005440BF1010B21E74FF00008DEE74546FD
:10D340000BE6054609E600BF1C7A060048C2070046
:10D350000C6C0700B96A0700D24107002B6C07006C
:10D36000014B1860704700BFDC08002030B587B063
:10D370000025CDE903010446009503A9054805955C
:10D38000E4F78AFCDDE904309842B8BF255407B0C1
:10D3900030BD00BFD5500600F0B5094E0168024609
:10D3A0000A2700200B4601311C78355D6D0701D43A
:10D3B0001360F0BD07FB0043A3F13000F2E700BFAC
:10D3C00014BE07002DE9F84F15469A46D378234A34
:10D3D00012F803B06F2B81460F460BF0030B2BD0D6
:10D3E00026D8582B0CBF10260A26DDF82880324696
:10D3F000002348463946DAF77DFE092A08F1FF384E
:10D40000D4B21ED83034B145E4B277F1000788F8C1
:10D41000004001D3D04511D82B789B0605D5082EA6
:10D4200015D1AB7843F00803AB704046BDE8F88FE8
:10D4300003F0F703702BD5E70826D6E781460F46A1
:10D44000D5E7BBF1010F0CBF37345734DBE7102EA3
:10D45000EBD1AB7843F01003E6E700BF14BE070042
:10D4600038B50D4604462022002119F067FEEB680E
:10D47000E361AB68A3612B6823626B68636200227F
:10D48000A2622A6923B1591E194208BF42F0010263
:10D4900022610122002104F12C0019F03EFD48B167
:10D4A00005490648064A2F2317F092FE04482F210B
:10D4B000FBF78AFC38BD00BF886C0700D24107002B
:10D4C000626C07002DE9F04F89B0CDE90123436A72
:10D4D00000278B420446884605970797BA4654D3DF
:10D4E00000F11406EFF31185402383F31288BFF394
:10D4F0006F8F3046A94612F003FC58B94D4A4E4989
:10D500004E48882317F064FE31464D4817F060FE00
:10D51000882163E0304612F017FC079A2AB1394699
:10D52000204617F03CFF0023079306A9204617F07A
:10D530005CFE06994145834630D32268236A13F87E
:10D54000221021F0030103F8221003EB820A216864
:10D550004246204617F06DFEE3682060984218D0DE
:10D560004FF0000B304612F0D9FB50B389F311880D
:10D57000BFF36F8F059929B1A2690AB12046904780
:10D5800000230593BBF1000FACD1504609B0BDE8B4
:10D59000F08F236943F008032361E1E718B12046C7
:10D5A00017F061FEDEE7DDE90132134339D0039164
:10D5B00019F0E1FC0399A0BB9DBB304612F0AEFB15
:10D5C00078B91C4A1F491D4840F2311317F000FE7C
:10D5D00031461D4817F0FCFD40F231111548FBF7AC
:10D5E000F3FB85F31188BFF36F8FDDE9012304F1AD
:10D5F0002C0010F031FB8346EFF31189402383F3B5
:10D600001288BFF36F8F304612F07AFB00283FF488
:10D6100075AF3046BBFA8BFB12F096FB4FEA5B1BF3
:10D62000A0E707AB05AA2046276817F039FE834616
:10D6300098E700BF916C0700BE6C0700D24107005D
:10D64000D36C0700E96C0700006D07002DE9F0417D
:10D650000446C36908460E46984704F11405074678
:10D66000EFF31188402383F31288BFF36F8F2846AE
:10D6700012F046FB68B91B4A1B491C48882317F067
:10D68000A7FD29461A4817F0A3FD88211548FBF786
:10D690009BFB284612F058FB337843F001033370AC
:10D6A00061683A46204617F0C4FD6060204617F0D6
:10D6B00091FE284612F032FB68B90A4A0D490B4820
:10D6C00040F2311317F084FD29460B4817F080FD16
:10D6D00040F23111DAE788F31188BFF36F8FBDE8AC
:10D6E000F08100BF916C0700BE6C0700D2410700BB
:10D6F000D36C0700E96C0700006D07002DE9F843C3
:10D70000044600F11407EFF31188402383F31288D5
:10D71000BFF36F8F384612F0F3FA054668B9354A01
:10D7200035493648882317F053FD3946344817F0F9
:10D730004FFD88212F48FBF747FB384612F004FBCA
:10D740002369A26813F0080F02D163689A4200D9D6
:10D75000636A9B1A002B3FD0216A11F8223013F024
:10D76000030001EB82093AD0022803D151F822606C
:10D77000B60805D1D8071FD4E3694846984706463E
:10D78000A1683246204617F054FD3146A06020467D
:10D7900017F05DFD384612F0C1FA10BB154A194961
:10D7A000164840F2311317F013FD3946164817F0AA
:10D7B0000FFD40F23111BDE743F0020301F82230C2
:10D7C0004846E369A568984729460246204617F06F
:10D7D00030FD0025A060DDE71D46A946DAE70546D5
:10D7E000FBE788F31188BFF36F8F002D8BD148467C
:10D7F000BDE8F883916C0700BE6C0700D2410700BA
:10D80000D36C0700E96C0700006D07002DE9F041BB
:10D810000446C36908460D46984704F114060746B6
:10D82000EFF31188402383F31288BFF36F8F3046E4
:10D8300012F066FA68B9284A28492948882317F05F
:10D84000C7FC3146274817F0C3FC88212248FBF764
:10D85000BBFA304612F078FA2B786FF300032B7086
:10D8600023699B0705D5E268236A03EB82039D4287
:10D8700022D12B786FF341032B70D4E90231994206
:10D8800004D13A46204617F0D4FCA0603946204621
:10D8900017F0DDFC304612F041FA90B90E4A1249F9
:10D8A0000F4840F2311317F093FC31460F4817F040
:10D8B0008FFC40F23111C9E72B6867F39F032B609F
:10D8C000E8E788F31188BFF36F8F04F12C00BDE8FF
:10D8D000F04110F043B900BF916C0700BE6C070027
:10D8E000D2410700D36C0700E96C0700006D070008
:10D8F00070B5044600F11405EFF31186402383F35D
:10D900001288BFF36F8F284612F0FAF968B91B4AE4
:10D910001B491C48882317F05BFC29461A4817F05E
:10D9200057FC88211548FBF74FFA284612F00CFAED
:10D930002369A06813F0080F02D16368984213D9D5
:10D94000646A241A284612F0E9F978B90B4A0F499B
:10D950000C4840F2311317F03BFC29460C4817F0F5
:10D9600037FC40F23111DDE71C1AEBE786F3118832
:10D97000BFF36F8F201E18BF012070BD916C070090
:10D98000BE6C0700D2410700D36C0700E96C0700AA
:10D99000006D070008B50446EFF31183402383F3BD
:10D9A0001288BFF36F8F09F007FF204605F06AF970
:10D9B000024817F0A3FB18F010FBFCE7156D0700F9
:10D9C0002DE9F84F04460846A38B1907154612D4D3
:10D9D000022803F0070165D1204617F02DFD88B11C
:10D9E0000138042800F23781DFE810F05C003501CF
:10D9F0008200D400040101280CBF43F0100143F061
:10DA00002001A1831434204612F088F9002840F048
:10DA10009D819A499A4A9B4840F2311317F0D8FBEE
:10DA20002146B1E003F00702501F01281ED8002054
:10DA3000062A2768C4E9000014D13A4603E0E08BC7
:10DA40000130E0831268002AF9D123F0070343F084
:10DA50000202A283204617F0EFFC90B342F02002AE
:10DA6000A2832EE023F007039AB2F2E7042A33D10F
:10DA700023F007039AB2A283204617F0DDFC10B111
:10DA800042F02002A283A38B03F00709894540F0EE
:10DA9000EC80A18BCA0640F1508121F01003A383D2
:10DAA00001F00701D4F81880A38BB8F1000FB9DAA0
:10DAB0000022276823F00703C4E9002243F0010392
:10DAC000A383A38B03F00709894540F0CF80002F83
:10DAD000DFD00026B24644E06B496C4A694840F208
:10DAE0001B1317F075FB40F21B116848FBF76CF92C
:10DAF00049B16749654A63484FF4AB7317F068FB57
:10DB00004FF4AB71F1E723684BB962495F4A5D4856
:10DB100040F2571317F05CFB40F25711E5E7236919
:10DB20001E684EB95C49594A56484FF4AD7317F018
:10DB30004FFB4FF4AD71D8E7A38B23F0070343F0FD
:10DB400006039BB2A3830F4688464FF00609A268DE
:10DB5000002A40F08D80002F40F08D80002E98D05C
:10DB6000BA4643F0080304F1140BA383584612F09D
:10DB7000D5F8002840F09A804049414A414840F297
:10DB8000311317F025FB5946444817F021FB40F2AA
:10DB90003111ADE0022909D041493C4A394840F2EF
:10DBA0005D1317F015FB40F25D119EE7E78B4FB157
:10DBB0003C49364A33484FF4AF7317F009FB4FF432
:10DBC000AF7192E723695E684EB933492F4A2D48F9
:10DBD00040F2611317F0FCFA40F2611185E7A38B64
:10DBE00023F0070343F004039BB2A383B8464FF02E
:10DBF0000409ACE7012909D02B49244A21484FF4F4
:10DC0000B27317F0E5FA4FF4B2716EE723684BB9BF
:10DC100020491E4A1B4840F2651317F0D9FA40F21A
:10DC2000651162E723699E684EB91B49174A15487A
:10DC30004FF4B47317F0CCFA4FF4B47155E7A38BDB
:10DC400023F0070343F005039BB20027A383B846E4
:10DC50004FF005097BE70C490C4A0A4840F26B1368
:10DC600017F0B6FA40F26B113FE7002700266EE787
:10DC70004FF0010A75E7924673E700BFE96C0700B1
:10DC8000916C0700D2410700119907003E6D070013
:10DC9000636D07006F6D0700926D0700006D070050
:10DCA000A96D0700BF6D0700CE6D070085F31188D1
:10DCB000BFF36F8FBAF1000F1CD177BB16B12649A5
:10DCC0002046B047EFF31185402383F31288BFF35A
:10DCD0006F8F584612F014F838BB204A204921486B
:10DCE000882317F075FA59461F4817F071FA8821F2
:10DCF0001A48FBE6A1680029DFD00D680029DCD0B6
:10DD0000D1F804A043464A462046D0471DB12B68AF
:10DD100029461D46F2E72B46FAE7394643464A466E
:10DD200020463F6817F0B4FBC7E7584612F00CF8DE
:10DD3000A38B23F00803A383ABE68B067FF562AECB
:10DD400021F02003A38301F0070145E685F3118844
:10DD5000BFF36F8FBDE8F88F6DDD0400916C070095
:10DD6000BE6C0700D2410700D36C0700F8B504462B
:10DD70000D4600F11406EFF31187402383F3128858
:10DD8000BFF36F8F304611F0BBFF68B90C4A0D49E5
:10DD90000D48882317F01CFA0C48314617F018FA82
:10DDA00007488821FBF710F8304611F0CDFFA56138
:10DDB0003A4620460121BDE8F840FFF701BE00BF0A
:10DDC000916C0700BE6C0700D2410700D36C0700BE
:10DDD0002DE9F04704460F4617F04AFB051E68DBA5
:10DDE00004F11409EFF3118A402383F31288BFF37F
:10DDF0006F8F484611F084FF804660B9384A394930
:10DE00003948882317F0E4F94946384817F0E0F913
:10DE10008821334842E0484611F096FFE38BA68BF9
:10DE20004FF6FF72934206F0070645D0022E15D139
:10DE30000133E3833546484611F070FF002841D195
:10DE4000274A2B49284840F2311317F0C1F94946B7
:10DE5000284817F0BDF940F23111DAE7062E13D841
:10DE6000DFE806F0092D1212090409006FF085059C
:10DE70004FF00008DFE700233B60636883B9C4E923
:10DE8000007786B13546F3E71B4917481B4A4FF424
:10DE9000E47317F09DF919484FF4E471FAF794FF11
:10DEA0001F606760EDE7524602212046FFF788FDBC
:10DEB00035462846BDE8F0876FF00A05D8E76FF0D1
:10DEC0000405D5E78AF31188BFF36F8FB8F1000F0F
:10DED000EFD0002332463946204617F0D9FAE8E75A
:10DEE000916C0700BE6C0700D2410700D36C07009D
:10DEF000E96C0700006D0700CE6D07003E6D07005E
:10DF0000F8B5054600F11406EFF31187402383F3BB
:10DF10001288BFF36F8F304611F0F2FE60B9264AC7
:10DF200026492748882317F053F93146254817F02A
:10DF30004FF9882120482BE0304611F005FFAC8BCB
:10DF400004F00704022C17D0012C0CBF6FF004045E
:10DF50006FF08504304611F0E1FE38BB164A1A49CD
:10DF6000174840F2311317F033F93146174817F0CC
:10DF70002FF940F23111DDE7EB8B5BB91449104802
:10DF8000144A40F2EF1317F023F9124840F2EF1150
:10DF9000FAF71AFF013B9BB2EB83002BDAD13A462A
:10DFA00021462846FFF70CFD2046F8BD87F311886F
:10DFB000BFF36F8FF8E700BF916C0700BE6C0700DE
:10DFC000D2410700D36C0700E96C0700006D070021
:10DFD000E46D07003E6D07002DE9F0410F46054650
:10DFE000002850D000294ED000F11406EFF311881C
:10DFF000402383F31288BFF36F8F304611F080FE09
:10E0000060B9224A22492348882317F0E1F83146B3
:10E01000214817F0DDF888211C4817E0304611F040
:10E0200093FE39462846AC8B17F0EBF980B104F02B
:10E030000704231F022B0DD918491648184A40F22D
:10E040002D2317F0C5F8164840F22D21FAF7BCFE33
:10E050006FF07704304611F061FE68B90B4A114940
:10E060000C4840F2311317F0B3F831460E4817F060
:10E07000AFF840F23111CFE788F31188BFF36F8F0B
:10E080002046BDE8F0816FF01504F9E7916C0700B8
:10E09000BE6C0700D2410700D36C0700F26D070089
:10E0A0003E6D0700E96C0700006D070008B5426887
:10E0B000816002F00302032A034602D02AB1002045
:10E0C00000E0006800225A6008BD05490548064A7C
:10E0D000452317F07DF804484521FAF775FE00BF87
:10E0E00011990700D2410700696E07002DE9F3413D
:10E0F00006460F4615464FF000082A4601A930464D
:10E1000017F018FA044640B102463946019819F052
:10E1100007F82D1BA0442744EFD14246311D30465D
:10E1200017F026FA48B107490748084A482317F06C
:10E130004FF806484821FAF747FE404602B0BDE8CE
:10E14000F08100BF886C0700D24107008F6E070086
:10E150002DE9F34107460E4615464FF000082A46C2
:10E1600001A9384617F0F5F9044648B12EB1024628
:10E170000199304618F0D4FF26442D1BA044EED15F
:10E18000424607F10A01384617F0F2F948B107494B
:10E190000748084A632317F01BF806486321FAF77B
:10E1A00013FE404602B0BDE8F08100BF886C070056
:10E1B000D24107008F6E07002DE9F7430F46064650
:10E1C0000821C06ADFF8509017F058FA3C68241A0A
:10E1D00080463C6004EA0905AC4203D8002003B045
:10E1E000BDE8F08308236A462146304617F0F7F968
:10E1F0000028F4D16946304617F04AFA40B1BDF81C
:10E200000230BDF804203C6005EA090513441D44B2
:10E21000A4EB0804E0E700BF0000FFFF73B504466D
:10E220000821C06A124E17F029FA4FF6FF72636890
:10E23000ADF800208DF80620A28919183340134448
:10E24000181A002560606846ADF80210ADF8045059
:10E2500017F00BFA6946204617F002FB2046211DF5
:10E2600017F0F6F9636828463340A36002B070BD2A
:10E270000000FFFF38B5057C04461DBB082000F0F8
:10E28000E3FD40B1104B4361104B836103230374E2
:10E2900045748574C5740E4900234FF4C25217F0BB
:10E2A00045FC6FF00C0038BD2904204617F02DFA0C
:10E2B00001350028F7D1E289ABB29A42F4D80020A8
:10E2C0002074F0E70025F6E7BA6E0700EE6F07004E
:10E2D0006C8106002DE9F04704468AB000F114076E
:10E2E000384618F0FCFDA06A8368DB68984705464D
:10E2F000E06268B9082000F0A7FDF8B1A54B4361C2
:10E30000A54B83610323037445748574C57415E0BC
:10E31000A06A8368DB6898470368013B1F2B19D903
:10E32000082000F091FD48B19C4B43619A4B8361FA
:10E3300003230374002343748374C3749849002334
:10E340004FF4C25217F0F2FB6FF0150528460AB0E1
:10E35000BDE8F087A06A216807AA17F0E6FF30B190
:10E36000082000F071FD0028E8D08E4BDDE7A5897C
:10E370002DB1089BB5FBF3F203FB125535B1082014
:10E3800000F062FD0028D9D0874BCEE7E389012B4E
:10E3900006D8082000F058FD0028CFD0834BAEE708
:10E3A000E36A019593F805804FF0FF334FF0FF3299
:10E3B00038460FF0CBF8E06A082117F05FF9A9465C
:10E3C0000646E3891FFA85FA534521D8E3894B4570
:10E3D00051D1062000F038FD38B1754B436102235E
:10E3E0000374002343748374C3746D4900234FF492
:10E3F000845217F09BFBA289E389A06A21685A43E3
:10E4000017F0C1FD054608B338460FF06FF99DE7D8
:10E41000A1892B04891B13FA81F142460823204667
:10E42000019117F0EAF878B101A9204617F010F928
:10E4300009F1010901990823424620461FFA89F98A
:10E4400017F0DBF80028C1D00135BAE7A389E289CB
:10E450009B1B013A9BB203EB0243019301990823F2
:10E460004246891B204617F0C8F830B901A920465A
:10E4700017F0EEF801E05345F0D001A92046FFF770
:10E480009BFE05460028BFD1019B63604FEA1349FC
:10E490004FEA0949C4F80890D4E9011399420FD30F
:10E4A000082303AA204617F09AF805460028ABD1A6
:10E4B00003AB13F8012B904535D10135082DF8D168
:10E4C00063681B0C1B0401A92046019317F0C0F8D8
:10E4D000A38901994246204617F08FF8051E93DB69
:10E4E000636800F0928006EB03084FF6FF79A3897A
:10E4F000CDF804801FFA88F29B1B9A422FD3002389
:10E500006168002B56D0090C09040191204601A92D
:10E5100017F09EF80199204617F0F7F80546002DF0
:10E5200000F0918070E703A9204617F0B1F8626807
:10E5300010B9921B6260AFE7BDF81050BDF80E1025
:10E54000E06AC4F80890294417F098F848449042CB
:10E55000A060EED1002DECD06FF01C05A9E00823DF
:10E5600005AA4146204617F03AF8054600287FF4F0
:10E570004BAF05A9204617F08BF830B1BDF8143029
:10E580004B4502D1BDF818300BB1B044AFE70123C1
:10E59000B6E700BFD26E0700E46F0700F86E070011
:10E5A0006C810600196F0700356F07004D6F07007B
:10E5B000746F0700204617F0A8F8054600287FF47E
:10E5C00023AF6368414AA18913400B44A3EB460380
:10E5D0001A40A260636004F12C0204F50B7142F84A
:10E5E000043F9142FBD1204617F06EF996E75B1A83
:10E5F0004246204617F001F8051EFFF605AF08D089
:10E60000E26AA36812681344A360D4E901318B4223
:10E61000EDD86168A38901EB46029A427FF47FAF8F
:10E62000DFF8A880A26801EA08039A423FF477AFB6
:10E63000204617F06AF8054600287FF4E5AE6368C7
:10E6400003EA0803A3604FF40072FF2104F13000D5
:10E6500018F074FD636802934FF6FF7805AA02A9CB
:10E660002046DDF8089017F078F8054600287FF47A
:10E67000CBAEBDF8140040450DD016F093FF04EB6F
:10E6800080052B6B013306D105A9204617F000F851
:10E6900008B1C5F830906368029A9342DED1A2892E
:10E6A0009BB2A2EB4602934208D1204617F0F5F840
:10E6B000054638460FF01AF81DB147E638460FF008
:10E6C00015F801232374002540E600BF0000FFFF7A
:10E6D0002DE9F04F91B0067C019204460F461D468D
:10E6E000C6B9082000F0B0FB40B1744B4361744BD5
:10E6F00083610323037446748674C6744FF4C25254
:10E700007049002317F012FA6FF00C02104611B096
:10E71000BDE8F08FC26A0821104616F0AFFF294607
:10E720000290104616F0AAFFA389029AA3EB820377
:10E73000AB420646C0F0BF8055B9384616F032FFEE
:10E740000C3054F82030059301334DD10022DDE721
:10E75000019B002B00F0AF80384616F023FF0C30F1
:10E7600054F82030059301333ED1002E40F08D80C7
:10E7700004F1140A4FF0FF324FF0FF3350460EF011
:10E78000E5FE4FF00009E389994500F09180A1680A
:10E79000626873189A427CD3FF23019A8DF8263061
:10E7A00020462B46ADF82210ADF82070ADF824506D
:10E7B00017F01DF829460246E06A16F05FFFA368CD
:10E7C0000344A36052B908A816F04FFF08A92046D9
:10E7D00017F046F8002814BF02462A460192504618
:10E7E0000EF084FF019A91E706AA05A92046DDF8FC
:10E7F00014A016F0B2FF0246002887D1BDF81830E9
:10E80000BB4206D06268059B9A42EDD1002DACD187
:10E810009CE706A9204616F03BFF0028F2D0BDF881
:10E820001A90BDF81C304DB39D429ED1E36ADDF8CD
:10E8300004B01B684FEA1A4A5B424FEA0A4A03F0E7
:10E840002003D1440393AA46039B534528BF534654
:10E8500008AA49462046984616F0C1FE021E11D16C
:10E86000424608A9584618F04BFC00287FF47DAFBB
:10E87000BAEB080AC144C344E6D167E7002B7FF432
:10E8800074AF63E73FF771AF40E7029B1E44B6B237
:10E890006EE72046FFF7C2FC024600289ED12046C4
:10E8A00017F012F80246002898D109F101096AE729
:10E8B0006FF01B0292E76FF0150227E7BA6E0700B0
:10E8C000DA6F07006C8106002DE9FF47057CBDF873
:10E8D000309004460E4690461F46BDB9082000F011
:10E8E000B3FA40B1354B4361354B83610323037465
:10E8F00045748574C574334900234FF4C25217F030
:10E9000015F96FF00C0004B0BDE8F087C06A08216B
:10E9100016F0B4FEA389A3EB4003BB424AD33046B2
:10E9200016F040FE0C3054F820A0CDF804A0BAF147
:10E93000FF3F1AD16FF00100E5E702AA01A92046C6
:10E9400016F00BFF0028DED1BDF80830B34206D127
:10E9500002A9204616F09CFE08B10135ADB26268EE
:10E96000019B9A4202D1514608E000254D4551468F
:10E97000DDF804A0E1D96368534503D1BDF8083040
:10E98000B342D7D1BDF80C30002BD3D0A945D1D894
:10E99000BDF80A00090CBB424FEA014128BF3B46C3
:10E9A00001444246204616F01AFE0028ABD1BDF8BD
:10E9B0000C00A8E76FF01500A5E700BFBA6E0700CE
:10E9C000CC6F07006C81060070B5057C86B00446EC
:10E9D000B5B9082000F038FA40B12C4B43612C4BFC
:10E9E00083610323037445748574C5742949002326
:10E9F0004FF4C25217F09AF86FF00C0006B070BDD9
:10EA0000C06A082116F03AFEA589E389A5EB400506
:10EA1000013B5D4363680093064602AA69462046AF
:10EA200016F09BFE0028E9D16368019304AA01A9AE
:10EA3000204616F092FE0028E0D1BDF81020BDF867
:10EA400008309A4203D06268019B9A42EED102A933
:10EA5000204616F01DFE009A48B1BDF80C1059B9B9
:10EA6000BDF808104FF6FF73994200D1AD1B6368E3
:10EA70009342D2D12846C1E7019B9342F7D1E06A85
:10EA800016F0FCFDAD1B2D1AF1E700BFBA6E0700B2
:10EA9000B86F07006C81060010B5047C0246ACB963
:10EAA000082000F0D1F940B10D4B43610D4B83615B
:10EAB0000323037444748474C4740B4900234FF417
:10EAC000C25217F033F86FF00C0010BDC06A082175
:10EAD00016F0D4FDD2E901329B1A181AF5E700BFEF
:10EAE000BA6E07009F6F07006C81060030B51049B1
:10EAF000104889B0002218F0B5FA0F4D0F494FF4B5
:10EB000000320023CDE9062300240E23CDE903348F
:10EB1000CDE901440A4B00944FF4806228460FF07F
:10EB20000FFD084928460FF087FC204609B030BD8C
:10EB300091EC04002051002038400020000A012000
:10EB400071EF0400FF6F07002DE9F047DFF85880F0
:10EB5000044607464FF0010914B93846BDE8F0876E
:10EB600094FAA4F5B5FA85F509FA05F32E0108EB38
:10EB700005156FEA030A24EA03042B7B002BEBD074
:10EB800058F806301B694BB946440422736828467E
:10EB9000196807EA0A0716F0AAFFDDE72846984732
:10EBA0000028D9D1F0E700BFA48206002DE9F04784
:10EBB000DFF8D8902E4CA9EB04038F2B80460F462C
:10EBC0000BD92C492C4A2D484FF4A77316F000FBA3
:10EBD0004FF4A7712848FAF7F7F8294816F067FFAD
:10EBE000064678B300252846BDE8F087237B83B12D
:10EBF0002368DB680BB120469847636883F806A05A
:10EC000023681B69B3B9636804221968204616F0AB
:10EC10006EFF013610344C4518D91A49164A174868
:10EC20004FF4AD7316F0D4FA174816F0D1FA4FF43A
:10EC3000AD71CFE7204698470028E4D00AFA06F3E2
:10EC40001D43E6E705464FF0010AE4E7CED3B8F1ED
:10EC5000000FC8D0002DC5D02846FFF775FF054628
:10EC6000002FF7D000214FF4A47010F075FCF1E7ED
:10EC7000A48206003470070007700700D241070025
:10EC80005C6700206470070085700700C48206007E
:10EC900001480EF063BF00BF400E0020014B53F847
:10ECA00020007047B48A060008B5034608462BB119
:10ECB000044A136000F0D2FD002008BD6FF015007B
:10ECC000FBE700BFE008002010B5044C237813B91F
:10ECD00003480EF043FF0123237010BD28C000201D
:10ECE000400E002010B504460B4816F0E0FE5CB163
:10ECF000BFF35B8F094B53E8001F013943E8001253
:10ED0000002AF8D1BFF35B8F054818F0B7F9054822
:10ED1000BDE810400EF022BF546700205867002065
:10ED200020510020400E00200020064BBFF35B8FD7
:10ED3000014653E8000F43E80012002AF9D1BFF35F
:10ED40005B8F70475467002070B5FFF7EDFF104CE4
:10ED5000104E0546B44219D90F49104A104840F2E6
:10ED60000E2316F035FA0F4816F032FA0B4840F22F
:10ED70000E21FAF729F863685B792BB123685B6889
:10ED800013B12946204698471034E3E7F3D370BD0A
:10ED9000A4820600C48206006470070007700700A2
:10EDA000D24107008570070010B5044C0449204685
:10EDB000FEF756FB034B1C6010BD00BF000D00208A
:10EDC000A08A060048670020154A1648002310B59F
:10EDD0001370154A1360154A4FF400411360FFF792
:10EDE00063FFFFF7E1FF124B124918468B4215D91A
:10EDF0001149124A124840F2291316F0E9F9114854
:10EE000016F0E6F90D4840F22911F9F7DDFF1A1A5C
:10EE10005C681211013222711033E7E7F7D310BD9D
:10EE200029C00020AB5A0600546700205867002014
:10EE3000A4820600C4820600647007000770070001
:10EE4000D2410700857007000146002201480023D7
:10EE5000FEF738BB000D00200148FEF74FBC00BF95
:10EE6000000D0020024B01461868FEF7CFBC00BF22
:10EE7000486700200148FEF73BBD00BF000D0020A1
:10EE800070B5314B187800285DD0FFF7E5FF0546D7
:10EE9000002844D12D4B2E4C1B68002B19DD18F097
:10EEA000DFF84FF47A72A0FB020302FB0131C30BBF
:10EEB000D4E9002043EA41439B1A4FEAD13140F2A2
:10EEC000E93261EB0001934271F1000101D3FFF7D8
:10EED0003BFFD4E9003213F57A7342F10002C4E932
:10EEE0000032BDE87040FFF7C5BF63685B7923B1AE
:10EEF000236829461B68204698471034B44211D92C
:10EF00001449154A154840F2022316F061F91448D5
:10EF100016F05EF9104840F20221F9F755FF114C46
:10EF2000114EEBE7E1D32846FFF79CFFBFF35B8F61
:10EF30000E4B53E8001F013943E80012002AF8D1B4
:10EF4000BFF35B8FA6E770BD28C000205467002088
:10EF5000185100206470070007700700D2410700B5
:10EF600085700700A4820600C4820600586700204E
:10EF70002DE9F0472F4B304FFB1A1B090BD12F49BE
:10EF80002F4A304840F2AB3316F022F940F2AB3151
:10EF90002B48F9F719FF00210846FFF707FE044642
:10EFA00040B340F267684FF0000910F08FFB264B2A
:10EFB000186030B1254B1B68092B02DD24480EF088
:10EFC000CDFDDFF88CA0002544B12046FFF7BCFD45
:10EFD000044618B94FF0FF384FF0FF39FFF750FFE4
:10EFE000064628B95DB942464B4650460EF034FEFF
:10EFF0003546E9E74FF0FF384FF0FF39D5E70D4DC3
:10F0000008E0F0D22B689B691BB10022114628460C
:10F0100098471035BD42F4D90E49094A094840F2D3
:10F020009F3316F0D5F80C4816F0D2F840F29F3115
:10F03000AEE700BFA4820600C4820600A4700700E9
:10F0400007700700D2410700506700205867002072
:10F05000400E0020647007008570070013B52C482F
:10F0600016F025FD2B4B1B78002B35D0EFF31184C8
:10F07000402383F31288BFF36F8F274810F040FEC0
:10F0800068B9264A26492748882316F0A1F822495C
:10F09000254816F09DF888212048F9F795FE1E486E
:10F0A00010F052FEFFF7ECFE1B4810F037FE68B977
:10F0B0001A4A1E491B4840F2311316F089F81649C6
:10F0C0001B4816F085F840F23111E5E784F311880A
:10F0D000BFF36F8F02B010BD164B1B68002BF9D029
:10F0E00050B900220023CDE9002313484FF44D729C
:10F0F000002311F067F9EDE70928EBD10E4817F06E
:10F10000BDFF0E4802B0BDE810400EF027BD00BFA5
:10F110005867002029C000204C670020916C070030
:10F12000BE6C0700D2410700D36C0700E96C0700F2
:10F13000006D07005067002020510020400E002085
:10F1400010B5064B1B68044698472146A06004484A
:10F15000FEF77CFABDE81040FFF780BFE008002012
:10F16000000D0020044A054B9B1AB1EBD30F34BFAE
:10F1700052F83100002070477C800600A48206000F
:10F1800070B50F4C0F4E0546B44215D90E490F4AC3
:10F190000F4840F2262316F01BF80E4816F018F818
:10F1A0000A4840F22621F9F70FFEA1682846D9F750
:10F1B00048F818B11034E7E7F7D30024204670BDB3
:10F1C000A4820600C482060064700700C4700700B1
:10F1D000D24107008570070008B558B907490848AB
:10F1E000084A40F2351315F0F3FF064840F2351196
:10F1F000F9F7EAFD436800225A7108BD447107001F
:10F20000D24107000C7107002DE9F04F8FB004AF19
:10F21000C1F34A28B8600D4691467B600C0DB8F1E9
:10F22000000F68D0002607F114034FF0040B4FF0D5
:10F230000A0AC7F80C80C7E907667E620193CDF819
:10F2400008B0CDF800A007F11C03F9683246484623
:10F25000FDF74CFEB0F5006F03461CD36C468AB038
:10F26000D9F8041004AB2C48C3E9050140F2FF7142
:10F27000D9611A464FF400711984284B42F8103FA7
:10F28000274833464FF41251FFF7BEFFA5462C37EF
:10F29000BD46BDE8F08FC0F30A0804F1170018441A
:10F2A00020F0070080083B60FFF7CEFD68F3532590
:10F2B000044640B33B681B4AC7E9083600F1100119
:10F2C00007F11403F961CDE900A3CDF808B0F9689E
:10F2D00007F11C034846FDF709FE002813DA12491E
:10F2E0001248134A4FF4A37315F072FF10484FF4FD
:10F2F000A371F9F769FD04F1170020F007008008F9
:10F30000FFF7A2FD044668F353257B68B9682A46D7
:10F31000204616F00BFCBAE76471070004000001F8
:10F3200094810600015B0600D0710700D2410700FE
:10F33000A37107002DE9F04F87B0DDE91279DDE90F
:10F34000106A044603919346984697B3CDF800900F
:10F350003B46524610210020CDF81490FDF7AEFB3D
:10F36000051E0BDA2B492C4A2C4840F2651315F088
:10F370002FFF40F265112848F9F726FDB5F5006F1B
:10F3800018DB0820FFF760FD50B1254B436140F2C8
:10F39000FF73836103230374002343748374C37472
:10F3A000204900234FF4C45207B0BDE8F04F16F0D7
:10F3B000BDBB3D4606F11700284420F0070004F0CD
:10F3C00007048008FFF740FD0BF0070BE40044EA58
:10F3D0008B1444EA452444EA06540646A0B19FB182
:10F3E000CDF800903B46524629461030FDF766FBAB
:10F3F000002809DA0749084A08484FF4C47315F091
:10F40000E7FE4FF4C471B6E70399434622463046FF
:10F41000CAE700BFCF710700A3710700D241070000
:10F42000D971070094810600406820B1034BC01ACF
:10F4300040F3CF0070474FF0FF3070477C800600EC
:10F440000EB403B503AB014653F8042B04480193F3
:10F4500016F0A0FB02B05DF804EB03B0704700BFEC
:10F4600081F40400CA0605D48B064CBF0249034947
:10F47000FFF7E6BF704700BFCBB50700117207006A
:10F4800038B54B681A68CB689A4205460C4602D1DB
:10F49000084616F072FB6368BFF35B8F53E8002FDA
:10F4A000511C43E800100028F8D1BFF35B8FA3681C
:10F4B0009D5463681A68E3689A4209D90549064869
:10F4C000064A722315F084FE04487221F9F77CFC89
:10F4D000002038BD43720700D241070014720700B4
:10F4E0002DE9F04F8BB09A46169B06939DF854B0C9
:10F4F000179B0593189B199E049304460D4690464E
:10F50000BBF1000F00F0AE80BBF1040F0BD9A44992
:10F51000A44AA54840F2462315F05AFE40F246217F
:10F52000A048F9F751FC06F00103089306F0080320
:10F53000079306F48073099316F0D7FA06F00209D0
:10F54000024600283CD099492046FFF779FF07463C
:10F55000B9F1000F08D016F0440F33D194492A4670
:10F560002046FFF76DFF0744089B53B1914B92492A
:10F5700053F82B20914B2046002A08BF1A46FFF76C
:10F580005FFF099B002B49D0079B002B63D1B8F18B
:10F59000000F65D08A4942462046FFF751FF0546D5
:10F5A000069B3D44002B6CD1049B002B40F08180D6
:10F5B000F30700F1EF8031462046FFF753FFE3E009
:10F5C0000746C5E77F4B18680028CCD07E4B4FF428
:10F5D0007A791B68B5FBF3F54FF46163B5FBF0F185
:10F5E00000FB115509FB05F54FF03C0CB1FBF3F2A4
:10F5F00003FB1211B5FBF0FEB1FBFCF300FB1E5543
:10F600000CFB131109FB05F50091B5FBF0F56F49F3
:10F61000CDE901E52046FFF713FFA4E7079BEBB117
:10F620006B4B6C4953F82B202046FFF709FF05462A
:10F63000B8F1000F05D0624942462046FFF700FFAF
:10F640000544BAF1000FABD0634952462046FFF79C
:10F65000F7FE0544A4E74FF0000AE1E7079DE7E75E
:10F6600045469DE7BAF1010F069B06D1DBB9049B25
:10F67000002B00F0898000251BE0002BF7D05748B5
:10F6800012E05748069B5749224615F0CBFC00284C
:10F690000CDA5549434A44484FF4287315F098FD55
:10F6A0004FF428713CE74E485D46EBE7049B002B86
:10F6B00066D0DFF84881DFF84891049F3146102F6B
:10F6C000204628BF1027FFF7CDFE4FF0000A554512
:10F6D00043DC059B49461A782046FFF7B1FE4FF000
:10F6E000010A1AF0070F03D141462046FFF7A8FE92
:10F6F000574539D9059B494613F80A202046FFF79C
:10F700009FFE0AF1010ABAF1100FEAD137492046EB
:10F710004FF0000AFFF794FE5246059B9A5C344B6B
:10F72000995C11F0970F08BF2E2232492046FFF74F
:10F7300087FE0AF1010ABAF1100F1AD01AF0070F6A
:10F7400003D141462046FFF77BFE57455246E4D899
:10F7500041462046FFF774FEEBE741462046FFF79F
:10F760006FFE0AF1010AB2E723492046FFF768FE5F
:10F77000C7E7059B3B440593049BDB1B04939CD18B
:10F78000BBF1000F7FF414AF20460BB0BDE8F04F83
:10F7900016F0F3B9094A08492046FFF751FE0AE777
:10F7A0007372070014720700D24107007E720700CF
:10F7B00082720700C48A0600D59F0600B63C070087
:10F7C000A772070064670020606700208B72070043
:10F7D000D88A0600AB720700B1720700A35B06006F
:10F7E00081F40400955B0600B6720700C972070039
:10F7F00014BE0700CB720700C5720700C77207006E
:10F80000BF72070073B542F20F738B4228BF0B46DD
:10F8100005680F4A04460521684615F07CFC6368BC
:10F820000C495B6806460B22284616F098F9636877
:10F830003246694628465B6816F091F963680649C6
:10F840005B681B22284616F08AF902B070BD00BF23
:10F85000FF660700EA720700CE720700074A002120
:10F860000123904206D8064A01B901231360054BD3
:10F870001860704740085B000121F2E740420F002A
:10F880006067002064670020014B01221A707047F6
:10F890002AC00020014B0020196070477C670020BF
:10F8A0000148FFF7AFBF00BF088B060010B5064B3D
:10F8B00018680C46FFF7F2F921460346BDE81040F0
:10F8C00002480F22184700BF7C670020088B060003
:10F8D000F8B5094D094B0A4ED5E9004701221A70C7
:10F8E0000CB92C60F8BD214630463A4600F01EF8AF
:10F8F000241A0644F4E700BF706700202BC00020E4
:10F900002CC0002010B9074B18707047064B1B78AD
:10F910001BB141F2883017F096BAA42000210FF0F5
:10F920001BBE00BF2AC000202BC000202DE9F047DD
:10F93000DFF87C901D4F80460E46042499F8005055
:10F94000A5B917F073FA32468246414628460CF0B4
:10F95000F5FE0546504617F071FAE5B101233B70FC
:10F9600099F8003073B93046BDE8F0873246414619
:10F9700000200CF0E3FE0546EFE72046FFF7C2FF4C
:10F98000651E2C4600200CF063FF0028EBD03B786E
:10F99000002BF2D1E7E73B78002BE4D0013C204676
:10F9A000FFF7B0FF3B78002BC8D1DCE72AC000206E
:10F9B0002BC000202DE9F341436812481C680DF16B
:10F9C0000701656816F04AF930B99DF8071001295A
:10F9D00002D10C4800F04EF801232B752568D5E9BB
:10F9E0000136D3E900482F6824B96B681C6002B067
:10F9F000BDE8F081214630464246B847241A064405
:10FA0000F2E700BFB87B0600F8B5074F0D46044685
:10FA10004618B44201D12846F8BD14F8011BBB6852
:10FA200001485B689847F4E7B87B060010B5436867
:10FA30001C68094817F00BFA48B908490848094AF0
:10FA4000992315F0C5FB07489921F9F7BDF92368FB
:10FA50005B685C6010BD00BFB87B06006473070084
:10FA6000D241070026730700014B03600020704756
:10FA70004C8B060070B5046A0D46002C3FD0244A1A
:10FA80002379565CB3423DD0224A525C9A423CD123
:10FA9000A3689847002814DA022D10D0032D0FD147
:10FAA00010F1860F0BD0BFF35B8F54E8003F43F09B
:10FAB000020344E80032002AF7D1BFF35B8F2671BE
:10FAC00070BD022D267101D00020F9E7BFF35B8FD6
:10FAD00054E8003F23F0040344E80032002AF7D141
:10FAE000BFF35B8FBFF35B8F54E8003F23F002034B
:10FAF00044E80032002AF7D1BFF35B8FE4E76FF0F0
:10FB00005700DDE76FF07700DAE76FF08500D7E7A1
:10FB10009F7307009B73070040F6CD43F7B5C018ED
:10FB20001D4B41F1000100224FF0FF341D6845B12B
:10FB3000D3E90265864275EB0107BEBF1446304625
:10FB400029460132082A03F11803EFD1134B00298B
:10FB5000B8BF00206FF00102B8BF01465C63121A03
:10FB60004FF0FF3363EB01034FF0FF304FF0FF31F5
:10FB7000CDE90001094810F025FC094B1B784BB179
:10FB8000084B1868084B19688368DB6803B0BDE848
:10FB9000F040184703B0F0BD9051002058510020AC
:10FBA0003DC00020A8670020A467002010B5406B6E
:10FBB000431C05D018230A494343CA18CB582BB914
:10FBC00010F0FAFABDE81040FFF7A6BF53691BB169
:10FBD000BDE81040116918470120FDF7DBFE00BFAA
:10FBE000905100207FB550B302228DF80C200024E4
:10FBF0008368029441F2EC32CDE90042174A9B68D7
:10FC0000106069469847164EA0420546306016DAE5
:10FC10000820FFF719F948B1124B4361124B4474A5
:10FC2000C0E90635042303748474C4740F490023A7
:10FC30004FF4015215F07AFF306804B070BD002215
:10FC40000B490C4817F00EFA10F0B6FAFFF764FFF4
:10FC5000094B01221A700020EFE700BFA8670020BF
:10FC6000A4670020A3730700C97307004C82060035
:10FC7000ADFB0400585100203EC00020072870B59D
:10FC8000044638D8EFF31186402383F31288BFF37C
:10FC90006F8F1A4810F034F868B9194A19491A4890
:10FCA000882315F095FA1549184815F091FA88211E
:10FCB0001348F9F789F8114810F046F818235C4307
:10FCC000134B0E4800251D5110F028F868B90C4A56
:10FCD00010490D4840F2311315F07AFA07490E48E1
:10FCE00015F076FA40F23111E2E786F31188BFF39E
:10FCF0006F8F284670BD6FF01500FBE7AC670020E2
:10FD0000916C0700BE6C0700D2410700D36C07005E
:10FD100090510020E96C0700006D070007282DE9CD
:10FD2000F041044626D80FF0F7F910F045FA1822F2
:10FD30005443124B53F804E01F1900244FF4004CB5
:10FD400005460E4640F2E73021464FF47A72002312
:10FD5000EEFB0C01D8F7CEF9401946EB0101C7E9DB
:10FD6000020128463146FFF7D7FE0FF043FA20463E
:10FD7000BDE8F0816FF01500FAE700BF9051002058
:10FD80002DE9F0410E4617460546002865D0EFF3F1
:10FD90001188402383F31288BFF36F8F30480FF030
:10FDA000AFFF68B92F4A30493048882315F010FA60
:10FDB0002B492F4815F00CFA88212A48F9F704F846
:10FDC00027480FF0C1FF2B4B00244FF0180C0CFB01
:10FDD00004F0C2181958002930D11D50264D176162
:10FDE0002B7856614FF0FF304FF0FF31C2E902012E
:10FDF00043B9224B186828B1836802211B689847D1
:10FE000001232B702046FFF789FF15480FF086FF6E
:10FE100068B9144A1A49154840F2311315F0D8F957
:10FE20000F49184815F0D4F940F23111C5E788F3AD
:10FE30001188BFF36F8F2046BDE8F0810134082C94
:10FE4000C5D107480FF06AFF0028E2D088F3118877
:10FE5000BFF36F8F6FF00B04EDE76FF01504EAE767
:10FE6000AC670020916C0700BE6C0700D241070010
:10FE7000D36C0700905100203DC00020A8670020EF
:10FE8000E96C0700006D07002DE9F0471C4CDFF816
:10FE90008480DFF8849005460E461746444529D9EC
:10FEA0001849194A19484FF4BB6315F091F91848DD
:10FEB00015F08EF914484FF4BB61F8F785FF6268BE
:10FEC000D9F824309A4213D3A3698BB1A9889078CA
:10FED000C9B2884205D13A4631462846BDE8F047C6
:10FEE00018475279012A03D13A46314628469847A5
:10FEF0002434D3E7E3D36FF08500BDE8F08700BF7B
:10FF00007C0F002012740700E0730700D241070045
:10FF100085700700C40F0020B06700202DE9F04174
:10FF2000154B164F5E6A164BBB421FD91549164A30
:10FF3000164840F2BB5315F04BF9154815F048F937
:10FF4000114840F2BB51F8F73FFF5C68B4420BD355
:10FF50001D694DB194F802C08488E4B2A44503D170
:10FF60002B46BDE8F04118472433DDE7EDD36FF0B1
:10FF70008500BDE8F08100BFB0670020C40F0020FD
:10FF80007C0F002012740700E0730700D2410700C5
:10FF900085700700024B00221A605A60704700BF4C
:10FFA0006B6800202DE9F041134CDFF860800546B6
:10FFB0000E46174644451AD91049114A11484FF4C4
:10FFC000C16315F005F9104815F002F90C484FF41B
:10FFD000C161F8F7F9FE63690BB92434EAE73A46E0
:10FFE0003146284698470028F7D1BDE8F081F2D382
:10FFF0006FF08500F9E700BF7C0F00201274070046
:020000025000AC
:10000000E0730700D241070085700700C40F00208D
:10001000430670B520D0134B134CA3421ED913498D
:10002000134A14484FF47D7315F0D2F8124815F0B6
:10003000CFF80F484FF47D71F8F7C6FE196A1E7F9E
:1000400000220439D5B2AE4201D82433E5E70132AB
:1000500011F832508542F5D1012001E0EED30020A5
:1000600070BD00BF7C0F0020C40F00201274070079
:10007000E0730700D241070085700700F7B5848858
:10008000E4B220460F468DF80740FFF7C1FF054652
:1000900080B114F07F0F0E4E02D096F8BA30ABB19B
:1000A000204657B103F05EFEF3691BB10DF1070165
:1000B00008209847284603B0F0BD03F097FEF36987
:1000C000002BF7D00DF107010920F2E71D46F1E7FB
:1000D000B067002010B504460820FEF7B5FE50B109
:1000E000094B4361094BC0E9063404230374002320
:1000F00043748374C374064900234FF4015215F00E
:1001000015FD002010BD00BF357407007475070091
:100110007482060038B5054616F032F810F1780FF3
:10012000044617D0B0B10820FEF78EFE50B10F4B39
:1001300043610F4BC0E90635042303740023437465
:100140008374C3740B4900234FF4015215F0EEFC85
:10015000204638BD284615F0B6FD074AD2F8C4300F
:1001600023EA0003C2F8C4300024F1E75474070006
:100170008875070074820600B067002008B509483A
:100180000378C3F341130A3350F823303BB100F135
:10019000080200F110019847C043C00F08BD18467F
:1001A000FCE700BFB067002004282DE9F74FDFF817
:1001B000F09004460F461AD0012834D1DFF8DC80D5
:1001C00098F8B9307BB300F0CFFF2F4D4D453AD9A9
:1001D0002E492F4A2F4840F2C24314F0F9FF2E480F
:1001E00014F0F6FF40F2C2412948F8F7EDFDFFF7A1
:1001F000D1FEE3E702EBC6060192307915F0C0FFAD
:100200008346307915F05FFDD8F8C430019A23EAAF
:100210000003BBF1000FC8F8C4300AF1010A16DA76
:10022000002388F8B930184D4D451FD91749184A91
:10023000184840F2EE4314F0CBFF174814F0C8FF03
:1002400040F2EE41D0E7EBD22A6A4FF0000A2B7F52
:100250005FFA8AF6B342CDD82435B7E7EB681BB115
:100260003A462146284698472435DDE7F6D30B4B1E
:100270001B6A2BB13946204603B0BDE8F04F184742
:1002800003B0BDE8F08F00BF7C0F002012740700A0
:10029000E0730700D241070085700700B0670020B7
:1002A000C40F002073B5044680788DF800002379D0
:1002B00062792C4D43EA0223ADF80230E37803F073
:1002C00003038DF8043015F0FEFCD5F8C430184255
:1002D00006460CD0A478204600F028FF2046FFF701
:1002E00019FF16F048FE10B996200FF079F968460C
:1002F00003F0FAFC10F1780F9DF8004018D0B8B167
:100300000820FEF7A1FD50B1174B4361174BC0E920
:10031000063404230374002343748374C3741449A0
:1003200000234FF4015215F001FC002002B070BD13
:10033000204603F097FD10F1780F09D040B1082056
:100340009DF80040FEF780FD0028E8D0094BDCE76F
:10035000D5F8C4300120334385F8B900C5F8C4305E
:10036000E4E700BFB06700207A74070067750700F4
:1003700074820600A27407002DE9F047A84EB36905
:1003800004460F461546FBB9237803F01F03012BE3
:1003900000F09E80022B00F0068133BB94F9000030
:1003A0002A686178002834DA062912D008292BD06F
:1003B000D9B901231370517096F8C3305B0043F034
:1003C00001031370022328E198470028DCD10020A4
:1003D0000DE06288100A011F0129844605D907280B
:1003E00003D8716AD2B20C781CB96FF01500BDE861
:1003F000F0874E78664503D19A4200F009810133B7
:100400002144F0E70B7808E196F8BA301370012325
:1004100003E101390829E8D801A353F821F000BF0E
:10042000BB040500EB030500C9040500EB03050050
:1004300045040500EB030500EB030500EB03050095
:10044000530405006088C0B203F0DEFB0028BED074
:10045000CBE76388756A63BBFFF79CFD638886F80A
:10046000BA30F369002BB2D06E4903209847AEE74B
:100470006B78042B10D0052B11D0022B04D16F798F
:100480006388BB4208BF01202B781D442B78002BCA
:10049000EED10028A9D0DFE795F80380F4E7638860
:1004A000BB42F1D1B8F1000FEED12846FFF7FAFEBA
:1004B000EAE7FF270020B846E8E76388012B94D1DC
:1004C000002386F8C33082E76388012B8DD1F8E7DB
:1004D00096F8BA30D5F800C0002B86D0A388756A8C
:1004E0005FFA83FE2A46107800283FF47EAF5178E9
:1004F000022904D192F80480F04500F2958002446C
:10050000F1E78CF800208CF8012039605FE7154492
:1005100096E00B2A7FF469AF00274FF0FF08C14631
:10052000BA4606E06B78042B0FD0052B21D02B7830
:100530001D442B78002BF5D1F36913B151460720E8
:100540009847002F7FF443AF4FE795F80280A388C8
:1005500095F803909845EAD163889945E7D1B8F1B9
:10056000070F1DD806EB0803AA4683F8BB900127A6
:10057000DDE7A3884345DAD16388DBB24B450AD077
:10058000AF78384600F0D2FD3846FFF7C3FDB0FA29
:1005900080F77F09CBE72846FFF784FE0746C6E7CA
:1005A000AA460027C3E794F900206378002A19DAE5
:1005B000002B7FF41AAFA4882D68E4B22046FFF721
:1005C00027FD00283FF411AF630604D096F8BA3037
:1005D000002B3FF40AAF2946204603F027FC0023F6
:1005E0006B70EFE6012B08D0032B7FF4FEAE63881F
:1005F000002B7FF4FAAE012103E0618800297FF42B
:10060000F4AE2046FFF73AFD00287FF4E0AEECE6BA
:10061000022829607FF4F6AE4B883B60D7E600BF26
:10062000B06700206A68002094F900006278002812
:10063000BFF66FAF002A3FF464AF0A2A7FF4D5AE4D
:100640002A78002A3FF4D1AE697804297FF45FAF9D
:10065000A9788B427FF45BAF072B96BF9B190023D1
:1006600093F8BB308CF80030D1E600BF13B5164CC0
:10067000237DF3B9E268A168019201AB802015F0F7
:1006800030FB019AA3681344A360E3689B1AE360FC
:100690006BB962B12369E2889A4208DD94F8C820F8
:1006A00093FBF2F102FB11330BB90123237502B066
:1006B00010BD00231A4619468020237502B0BDE8FC
:1006C000104003F0F9BB00BFB06700207FB50023E6
:1006D0000D4601930646002870D1002948D1082212
:1006E0000B460DEB020115F064FD002803DA8020B3
:1006F00003F038FB2DE03C4C029A2260039A6260C2
:1007000004F13802A2609DF90820BDF80E3025756D
:10071000002AC4E903551EDB802B17D90820FEF7F9
:1007200093FB40B1314B4361314B8361032303742D
:1007300045748574C5742F4900234FF4C25215F0D7
:10074000F5F9802003F00EFB0020D1E71BB1C4E9CE
:10075000033304B070BDFFF711FD0028C7D0E28855
:1007600023699A42D4BFE260E360FFF77FFFF0E7BE
:100770001D4CD4E90212002A01AB05DC024615F03B
:1007800018FD0028E5DAB2E715F013FD002804DAB9
:10079000802003F0E7FA3046AAE7019AA3681344E1
:1007A000A360E3689B1AE360002BD2D104F1380305
:1007B000A360FFF7E3FC0028D7D198E7802807D192
:1007C000094BDA68002AD0D11B7D002BCDD1C0E7C0
:1007D00009490A480A4A4FF4C57314F0F9FC08485D
:1007E0004FF4C571F8F7F0FAB0670020C77407003E
:1007F000407507007482060011990700D241070076
:10080000E0730700054B064A9A62064ADA62064A16
:100810001A63064A58629A6100207047B067002048
:10082000790305001DFF0400A5FF040089FE0400F4
:100830002DE9F3410646624D62484FF0FF334FF019
:10084000FF320CF083FE95F8B830002B40F0B580F5
:100850006B6A0BBB00F014F9FFF7D4FF6C6ADCB9CC
:100860000820FEF7F1FA40B1574B4361574B8361C3
:100870000323037444748474C474554900234FF4EF
:10088000C25215F053F94FF0FF344E480CF02EFFD2
:10089000204602B0BDE8F0814E48E8616F6A2E62E2
:1008A00003F09AFC03F07EF9041EEEDB00F07EFC00
:1008B000041EEADB7B78012B01D1FB79B3B9082058
:1008C000FEF7C2FA48B1444B4361404B83610323B6
:1008D0000374002343748374C3743D4900234FF4AD
:1008E000C25215F023F96FF01504CEE700266846D2
:1008F00085F8C830ADF802308DF804608DF80060DE
:1009000003F0F2F9041EC0DB802768468DF8007002
:1009100003F0EAF9041EB8DB3049304603F048FC26
:10092000041EB2DB2D49384603F042FC041EACDB4A
:100930002B4CDFF8C080444521D92A492A4A2B484C
:100940004FF4C36314F044FC294814F041FC2648DA
:100950004FF4C361F8F738FA276A0026227FF3B212
:100960009A4201D82434E6E707EBC30257F8331064
:10097000107903F01DFC01360028EFD083E7EBD39C
:10098000002003F06FFA041EFFF67FAFD5F8C430E5
:10099000802043F00103C5F8C43003F063FA041E5D
:1009A000FFF673AFD5F8C43043F48033C5F8C430D4
:1009B000012385F8B830002467E76FF0770464E717
:1009C000B0670020F00D0020E47407005C7507009C
:1009D00074820600A90105000D750700CD0605000B
:1009E0007C0F002012740700E0730700D24107005B
:1009F00085700700C40F002030B51F4B8BB005AACF
:100A000003F1100518685968144603C40833AB4253
:100A10002246F7D11B7823701022002101A816F07E
:100A20008DFB12220021154816F088FB102101A829
:100A300015F0E2FC00281BDD0828B8BF08200938A3
:100A400001AB0E491A18002012F8013F0AAC04EB62
:100A5000131403F00F0328336B44013014F8144CC3
:100A600013F8143C0C7008284B7001F10201EBD113
:100A700002480BB030BD00BFA475070040C0002085
:100A80002DE9F04FA74B93F800B087B0BBF1000FF2
:100A900003D0A54807B0BDE8F08FA34C00264FF067
:100AA000011AB1463546374623783BB99F4B02348D
:100AB0009C42F3D19B4A01231370EAE76378052B2C
:100AC0002DD8DFE813F0FD0006007301FD002F00B4
:100AD0008100402304A88DF810B0ADF812308DF8D5
:100AE00014B003F0BFF8B8B1082304A8ADF8123071
:100AF00003F0B8F880B18E498E4A8F48ADF812B035
:100B000040F28F1314F064FB8C4814F061FB40F248
:100B10008F118848F8F758F9BDF81230E37123783F
:100B20001C44C1E7E378002BF9D1A378002B46D110
:100B3000834D03E06B689C423CD02435814B9D4241
:100B40000CD981497B4A7C484FF49B7314F040FBDD
:100B50007E4814F03DFB4FF49B71DAE7EAD308209E
:100B6000FEF772F950B17A4B43617A4BC0E9063413
:100B700004230374002343748374C37400234FF469
:100B80000152754914F0D2FF0820FEF75DF948B113
:100B9000724B4361724B83610323037400234374DC
:100BA0008374C3746C4900234FF4C25214F0BEFF27
:100BB00000206FE7AB6813B149462046984709F11A
:100BC00001095FFA89F9AAE7002D77D10820FEF71D
:100BD0003BF940B1634B43615E4B83610323037474
:100BE00045748574C57400234FF4C252C9E7296A5D
:100BF000A07801EBC2010B79984213D001322B7F10
:100C00009A42F4D30820FEF71FF90028EBD0564B88
:100C10004361504B83610323037400234374837443
:100C2000C374E0E74FF00108E07800F003008DF8AE
:100C30001400207994F805C040EA0C20ADF81200A9
:100C400094F9020000285FFA88F329DA08F110000D
:100C50004FF0010C0CFA00F010EA0A0F28D143F013
:100C600080008DF8100004A8CDE90213019202F073
:100C7000F9FFDDE90121039BD0B99DF81020A27096
:100C800012F0800F18BF10330A7118BFDBB24FF09B
:100C9000010214BF9A4002FA08F24AEA020A3EE749
:100CA000012000FA08F010EA0A0F01D11846D8E72F
:100CB00008F10108B8F1100FB6D19FE700229EE7B6
:100CC000032E1AD1FFF798FE804650B1D7F7C3FA2A
:100CD000024630B11028A8BF10224146A01C16F0D1
:100CE0001FFA23786FF00200E118001B04EB530396
:100CF000C8423DD50136F6B211E7002EF1D1002FE2
:100D00004CD10820FEF7A0F800283FF46CAF174B39
:100D10004361104B83610323037447748774C77462
:100D200061E700BF3FC000208C0E00207C0F002038
:100D3000EB750700B5750700D2410700F475070091
:100D40007C0F0020C40F002012740700857007007C
:100D50001B7607006A7707006C820600477707005A
:100D60007D7707003F760700847607002677070027
:100D70001A78203A5E2A0AD90D490E4A0E48CB232A
:100D800014F026FA0D4814F023FACB21C1E601F83D
:100D900001BC13F8012901F8022DA9E7E31BBB7080
:100DA000C3F30723FB7087F80490A3E72746B6E652
:100DB000A5760700B5750700D2410700DC7607006D
:100DC00010B5094B00211A461C78844204D15C6896
:100DD00014B102EB811010BD0131042903F140036D
:100DE000F2D10020F7E700BF7C6800202DE9F34135
:100DF00050F8283C10F82C6C103304460BD10369D2
:100E000050F8202C13F002074DD0D2B9590715D550
:100E1000002344F8283C54F8283C10330BD054E904
:100E2000077554F8148C16F0A6F8002878D04348BB
:100E3000214616F090F802B0BDE8F08143F00403BB
:100E4000036154F8241C01AB304614F04AFF0546F8
:100E5000C0B10A20FDF7F8FF58B1394B4361394B57
:100E60000662C0E9063505230374002343748374C6
:100E7000C374002334494FF4215214F057FE6FF02D
:100E80001503C6E7019A54F8243C134444F8243C63
:100E900054F8203C9B1A44F8203C54F81C3C134462
:100EA00044F81C3CB7E750F8241C01AB304603F073
:100EB000B5F8054680B10A20FDF7C6FF0028D8D056
:100EC0001F4B43611F4B0662C0E9063505230374BF
:100ED00047748774C774CCE7019D54F8243C2B44B5
:100EE00044F8243C54F8203C5B1B44F8203C54F864
:100EF0001C3C2B4444F81C3C002D89D0304603F0A8
:100F000071F9B5FBF0F303FB1055002D80D154F8B7
:100F1000203C002B3FF47CAF304603F0EBF87AE73F
:100F200044F8180CA4F110000CF018FE002D82D02B
:100F3000424639463046A8477DE700BF5052002060
:100F4000A67707003E7807008C8206004B1E012B17
:100F500073B506460D4622D8FFF732FF044600BBA4
:100F6000012D1CD101AB01220DF10301304603F02C
:100F700055F8019C002CF5D10820FDF765FF40B124
:100F8000114B4361114B83610323037444748474D4
:100F9000C4740F4900234FF4C25214F0C7FD02B0CD
:100FA00070BD15F0E8FF04F12C0108B1012D05D149
:100FB000084602B0BDE87040FFF718BF054802B010
:100FC000BDE8704015F0C7BFC7770700507807002D
:100FD0008C820600505200202DE9F74F0546019102
:100FE0001646984614F0C5FE0446002840F08D8051
:100FF000EFF311830093402383F31288BFF36F8FC5
:10100000DFF820910022002348460CF025FE18BB93
:10101000DFF814A10AEB841BA701DBF8044014F1EC
:10102000100F3DD101900820FDF70EFF50B1384A56
:101030004261384A019B4374C0E9062504220274C8
:101040008374C374344900234FF4015214F06EFDCD
:1010500048460CF083FD1AE00134042C09F14009E4
:10106000D0D10820FDF7F0FE48B12C4B4361294B4D
:10107000836103230374002343748374C374264978
:1010800000234FF4C25214F051FD6FF00B04009B8B
:1010900083F31188BFF36F8F204603B0BDE8F08F54
:1010A0000C9B019ACBF814300D9BCBF81000CBF8B9
:1010B000183028466FF00F03CBE902260AF80750D4
:1010C000CBF83C80CBF8043003F08CF868B12846AC
:1010D00003F088F8B6FBF0F303FB10662EB1DBF8E3
:1010E0003C3043F00403CBF83C3018F0020F07D03B
:1010F00007F12C010A48514415F02DFF0024C6E7E2
:10110000284602F0F7FF0446C1E76FF00F04C3E77B
:1011100004780700317807008C820600E577070025
:1011200050520020986800207C68002010B5EFF332
:101130001184402383F31288BFF36F8FFFF740FEC3
:1011400050B14368103307D16FF08B03436000F157
:101150002C01044815F0FFFE84F31188BFF36F8F54
:1011600010BD00BF50520020F8B50E4C042540279A
:10117000EFF3118687F31288BFF36F8F6368103324
:1011800007D16FF08B030848636004F12C0115F060
:10119000E2FE86F31188BFF36F8F013D04F1400436
:1011A000E6D1F8BD7C6800205052002070B50A4C92
:1011B0000A4E0025314620460CF08EFF0122A4F194
:1011C00010001146013515F0A8FE042D04F140046D
:1011D000F0D1002070BD00BFA8680020ED0D050013
:1011E0000169012381F84B300B6833B191F8493024
:1011F0001BB10248083115F0AEBE704750520020B6
:101200000169012381F84A300B6833B191F8483005
:101210001BB10248083115F09EBE704750520020A5
:1012200070B50569EFF31186402383F31288BFF38D
:101230006F8FD5F89000FCF759FF044686F31188AC
:10124000BFF36F8F30B104480022002305F118016D
:101250000DF06EF8204670BD5052002070B501238D
:1012600082F8483013680D4614463BB192F84A3074
:1012700023B10E4802F1080115F06DFED4F890304C
:10128000DA885B899A4205D17DB904F1180140F6EC
:10129000CD4204E004F11801002DF8D00022BDE891
:1012A0007040024800230DF043B870BD505200203A
:1012B00070B50E4681880446C9B21548154614F02B
:1012C00034FD10B394F900206378002A16DB202B3C
:1012D00004D0222B0ED06FF085000AE02B681A682C
:1012E00040F8102C9A8820F80C2C9B7900F80A3CC6
:1012F000002070BD638800F8093CF9E7212BEAD192
:101300001038072328603360F2E76FF01200F0E72F
:101310007C69002008B50146034814F014FD10B1A3
:10132000012300F8073C08BD7C6900200D4A0346F4
:101330000021A0F848101068C3F8940090889279B2
:10134000A3F8980083F89A2083F89C1083F89B10E8
:10135000A3F89E1083F8A010402203F14C0015F072
:10136000EDBE00BFB083060010B504690023C4F8C9
:10137000A8300C4BC4F8A400596804F1A80269B95C
:10138000C3E9002204F1080007490CF0A5FE04F1AE
:10139000180006490CF0A0FF002010BD0A605A603A
:1013A000F0E700BF7C6900209D5D06006514050024
:1013B00030B54FF40033426805690D4C85B042F2F8
:1013C000A100CDE90103002385F89D30106AADF836
:1013D0000C1000790A2201A914F083FC95F89D30C5
:1013E00023B9012015F02FFD013CF7D105B030BD28
:1013F000A186010073B504698DF80710002384F8F5
:1014000048304025EFF3118685F31288BFF36F8FC4
:101410000122D4F890000DF10701FCF767FE86F376
:101420001188BFF36F8F01280AD015F0A4FD10B901
:1014300094F8A1306BB9094B1A780AB901221A70D5
:101440002122002304F1180105480CF071FF02B0BD
:1014500070BD002121200EF07FF8D3E752C000209C
:1014600050520020F0B5D0F88C305B681B6A1F7DAD
:1014700085B00546384614F07CFC064650BB95F80E
:1014800086303BB3A86F0146C38831F80A2F9B1AF8
:101490009BB2B3F5805F28BF4FF4805303AA14F0CA
:1014A00031F80446B0B18306A5F1180308BF00F176
:1014B000FF3485F830600193074B0399009322466F
:1014C00002233846FFF788FDA86F224600F10A0183
:1014D00014F04EF805B0F0BD5D12050037B51446A6
:1014E0000A1E054621DDD4F88C0004F14C01FCF7FE
:1014F000FDFD012384F8493023683BB194F84B305B
:1015000023B1114804F1080115F025FDD4F88C2011
:101510009388918912695B1A9BB2D31A3F2B04D826
:10152000012384F8A03003B030BD94F89E30002B26
:10153000F9D0064B009301940123402204F14C01A1
:101540002846FFF749FDEEE750520020DD14050064
:10155000F7B50D4601461D4814F0DBFB044610B3F9
:101560000646691E56F8A4395F6805291BD8DFE8CE
:1015700001F01C1A031C222610F8061C99B901233D
:1015800000F8063C3B6A3246187BFFF7A7FF14F8C9
:101590005C2C42B93B6A187D0D4B009301960223E7
:1015A0001146FFF719FD03B0F0BD304603B0BDE8AA
:1015B000F040FFF7BBBE012304F8053CF3E710F849
:1015C000053C002BEFD00023F6E700BF7C6900202C
:1015D0005D12050037B5094D0949002400944FF00C
:1015E000FF334FF4806228460CF006FE054928467A
:1015F0000CF022FF204603B030BD00BF5052002047
:10160000800E01208978070010B5084C216811B1BF
:10161000074815F077FC4FF0FF324FF0FF330548D5
:101620000CF012FA2060053010BD00BF8469002064
:10163000500E0020780E002038B5094C094D204688
:10164000294615F05FFC05F18801204615F05AFC8B
:1016500020460549BDE83840002204F0EDBD00BF3A
:10166000500E002088690020780E002008B505483B
:1016700013F044FD044813F041FDBDE80840034861
:1016800013F03CBD92780700D77807000A7907006D
:101690002DE9F74F07460C46002900F0A8800A20E4
:1016A000D1E900868D68FDF7CFFB60B1604B4361E7
:1016B000604BC0E90865C0E90638062303740023BF
:1016C00043748374C3745C4900234FF4415214F093
:1016D0002DFA0A20D4E903866569FDF7B5FB60B1F0
:1016E000564B4361534BC0E90865C0E906380623F1
:1016F0000374002343748374C3744F4900234FF46D
:10170000415214F013FA0820E569FDF79DFB50B132
:101710004B4B4361474BC0E9063504230374002358
:1017200043748374C3744449DFF8089100234FF471
:10173000015214F0FBF900252646A846326A736A66
:1017400001921020D6E90ABA0093FDF77DFBB8B1EB
:101750003C4B019A0262C0E90539009B8362AB1CD5
:10176000C0E90B3BEB1CC0E90D3A6A1C0B23C561B9
:101770004262037480F8118080F8128080F8138030
:101780002D49002345F64002043514F0CFF9102D01
:1017900006F11006D2D10820256EFDF755FB50B199
:1017A000294B4361234BC0E906350423037400230E
:1017B00043748374C374204900234FF4015214F01E
:1017C000B5F90820A569FDF73FFB50B11F4B4361F8
:1017D000184BC0E906350423037400234374837453
:1017E000C374154900234FF4015214F09FF9012FDF
:1017F00017D1EFF305850820FDF726FB58B1144BF0
:101800004361144B83610423103D03740023C561BD
:1018100043748374C374084900234FF4015214F0D5
:1018200085F92146384603B0BDE8F04F0BF094B877
:1018300038790700547A0700C48106006B790700E5
:101840009E790700B1790700F87907000B7A070045
:101850003D7A07005D7A070030BFFFF7FDBF00BF8C
:10186000054B9A699B689A421FBF044A536843F02C
:1018700080535360704700BF3C7E002000ED00E0C5
:101880002DE9F041064608200F461546FDF7DCFA23
:1018900048B1784B4361784B836103230374002381
:1018A00043748374C374002374494FF4C25214F018
:1018B0003DF9734B9B6AD8066AD50820FDF7C4FA38
:1018C00048B1704B43616C4B836103230374002365
:1018D00043748374C374694900234FF4C25214F0F3
:1018E00025F94FF01108664B9B6A190715D508209A
:1018F000FDF7AAFA48B1644B43615F4B8361032350
:101900000374002343748374C3745C4900234FF44D
:10191000C25214F00BF94FF01208594B9B6A9A0708
:1019200039D50820FDF790FA48B1584B4361524B26
:10193000836103230374002343748374C3740023FB
:101940004E494FF4C25214F0F1F84D4B5C6B9B6A58
:101950001B067AD50820FDF777FA50B14C4B43614E
:10196000454BC0E906340423037400234374837495
:10197000C374424900234FF4015214F0D7F827B141
:101980003F4A936A23F0800393624FF0130804E008
:101990004FF01008A7E76FF01504394B9B6AD80782
:1019A00015D50820FDF750FA48B13A4B4361324B48
:1019B000836103230374002343748374C3742F4926
:1019C00000234FF4C25214F0B1F84FF014082C4B1E
:1019D0009B6A990615D50820FDF736FA48B12E4BBB
:1019E0004361254B83610323037400234374837491
:1019F000C374224900234FF4C25214F097F84FF0F9
:101A000015081F4FBB6ADA0602D4BB6A9B070BD5C9
:101A10007B68180508D53146204600F073FDB8B143
:101A200080F309884FF00208154B9A6A920642BF6C
:101A30005A6A22F400525A629A6A42F0FF029A628B
:101A400000232B704046BDE8F0816FF015049CE741
:101A5000BB6AD906E8D51149114A12484FF492736E
:101A600013F0B6FB104813F0B3FB0D484FF492711E
:101A7000F7F7AAF96F7A0700987F0700C48106007C
:101A800000ED00E0897A0700C07A0700D77A0700E6
:101A9000F37A07000D7B0700307B0700957B07007A
:101AA000637B0700D2410700DF7B070008B50820F1
:101AB000FDF7CAF948B1584B4361584B8361032382
:101AC0000374002343748374C374554900234FF493
:101AD000C25214F02BF8534B9B6A990140F19A8043
:101AE0000820FDF7B1F948B14F4B43614B4B83617F
:101AF00003230374002343748374C374484900238D
:101B00004FF4C25214F012F81E20464B9B6ADA01C1
:101B100014D50820FDF798F948B1444B43613F4B79
:101B2000836103230374002343748374C3743C49A7
:101B300000234FF4C25213F0F9FF1F20394B9B6A68
:101B40001B0314D50820FDF77FF948B1384B4361DA
:101B5000324B836103230374002343748374C3747F
:101B60002F4900234FF4C25213F0E0FF21202D4BE8
:101B70009B6A590314D50820FDF766F948B12D4B2F
:101B80004361264B836103230374002343748374EE
:101B9000C374234900234FF4C25213F0C7FF22201D
:101BA000204B9B6A9A0314D50820FDF74DF948B1E4
:101BB000214B4361194B8361032303740023437456
:101BC0008374C374164900234FF4C25213F0AEFF5E
:101BD0002320144B9B6ADB0314D50820FDF734F94E
:101BE00048B1164B43610D4B8361032303740023FB
:101BF00043748374C3740A4900234FF4C25213F030
:101C000095FF2420074A936A6FEA03436FEA134360
:101C1000936208BD1D2078E7027C0700827F0700E1
:101C2000C481060000ED00E01E7C0700357C070043
:101C3000537C0700757C07009E7C0700BC7C070076
:101C400070B5054608200C46FDF7FEF848B1684B14
:101C50004361684B836103230374002343748374DB
:101C6000C37400234FF4C252634913F05FFF634B08
:101C70009B6ADA0440F1A2800820FDF7E5F848B13C
:101C80005F4B43615B4B8361032303740023437405
:101C90008374C374584900234FF4C25213F046FFB3
:101CA0001720564B9B6A1B0514D50820FDF7CCF86E
:101CB00048B1544B43614F4B8361032303740023AA
:101CC00043748374C3744C4900234FF4C25213F01D
:101CD0002DFF1820494B9B6A9E0534D50820FDF73F
:101CE000B3F848B1484B4361424B8361032303740B
:101CF000002343748374C3743F4900234FF4C252DA
:101D000013F014FF3D4B9E6B9B6A19041AD50820F3
:101D1000FDF79AF850B13D4B4361364BC0E90636AA
:101D200004230374002343748374C374324900236F
:101D30004FF4015213F0FAFE25B1304A936A23F4AE
:101D40000043936219202D4B9B6A5A0514D5082035
:101D5000FDF77AF848B12E4B4361264B836103238C
:101D60000374002343748374C374234900234FF422
:101D7000C25213F0DBFE1A20204B9D6A15F48075C9
:101D80001ED00820FDF760F848B1224B4361194B83
:101D9000836103230374002343748374C37416495B
:101DA00000234FF4C25213F0C1FE1B20134A936A62
:101DB00043F47F4393620023237070BD162070E7C5
:101DC0009B6A9B04F2D50820FDF73EF840B1124B08
:101DD0004361084B83610323037445748574C574A0
:101DE000054900234FF4C25213F0A0FE1C20DDE78A
:101DF000EB7C07008E7F0700C481060000ED00E049
:101E0000057D0700C07A07001A7D0700377D0700AF
:101E1000507D07006F7D0700307B07002DE9F04102
:101E2000B04B9CB05C6800AF0546C4F308030026C5
:101E300086F31188BFF36F8F02F07F40B0F17F4FC0
:101E400015D102F00C00082820D1FCF7FDFF40B1AD
:101E5000A54B4361A54B83610323037446748674C9
:101E6000C674A34900234FF4C25213F05FFEA14988
:101E7000A14AA24840F2114313F0AAF9A04813F076
:101E8000A7F940F211419C48F6F79EFF12074CBF9C
:101E90000D460126002DEAD00022FA71DA1E092A29
:101EA00000F20281DFE812F00A00E900EC00CC0049
:101EB00000010001000100010001EF000820FCF713
:101EC000C3FF48B18F4B43618F4B8361032303747E
:101ED000002343748374C374002385494FF4C252B2
:101EE00013F024FE4FF000087E4B87F80780DC6A71
:101EF00014F0020417D00820FCF7A6FF58B1834B5A
:101F00004361814B83610323037480F8118080F85F
:101F1000128080F81380764900234FF4C25213F0E8
:101F200005FE00244CE0DA6A002A0EDA0820FCF7ED
:101F30008BFF0028EFD0764B4361734B8361032303
:101F4000037444748474C474E5E7DB6A5B0040F195
:101F500087800820FCF778FF40B16E4B43616A4BE5
:101F600083610323037444748474C474604900233C
:101F70004FF4C25213F0DAFD5A4BA9695A6942F480
:101F800080725A61BFF34F8FBFF36F8F5A6931F878
:101F9000021C22F480725A61BFF34F8FBFF36F8F20
:101FA0004DF60272914228D108202C68FCF74CFFB4
:101FB00068BB4F4900234FF4015213F0B7FD2C6862
:101FC000FB79B3B96822294607F1080015F0A8F893
:101FD0007B6A002E00F0B680C3F3080222B96FEAD4
:101FE00053236FEA43237B6207F108012046FFF782
:101FF0004FFB7037BD46BDE8F0819A6AD2B292B10C
:10200000FA1D01212846FFF73BFC0446D8E7424B66
:1020100043613D4BC0E90634042303740023437439
:102020008374C374C5E79A6A12F47F4F04D0F91D14
:102030000120FFF705FEE8E79B6AB3F5803F02D376
:10204000FFF734FDE1E735492B4A2C4840F2EA23FB
:1020500013F0BEF8324813F0BBF840F2EA2112E761
:102060002E49254A254840F2ED2313F0B1F82D48BA
:1020700013F0AEF840F2ED2105E7FA1D0021C1E7AB
:10208000F91D0020D5E70820FCF7DEFE00283FF40C
:1020900042AF254B4361254B836103230374002327
:1020A00043748374C37436E7214A224914F4F87FD9
:1020B0006C468AB018BF11466A461F485061103BF3
:1020C00013621E4840F2013393841D4BC2E906019E
:1020D00042F8103F064800234FF43151FDF794F8C1
:1020E000A5461EE700ED00E0B97D0700B47F0700BC
:1020F000C4810600E87D0700637B0700D24107002A
:10210000FB7D0700397E0700A97F0700547E07008A
:10211000797E07008B7E0700AE7E070011990700CD
:10212000CE7E0700F27E0700227F0700747F070043
:10213000A07D07008B7D07004A7F0700617F0700B5
:102140000500000123F4FF7323F001034BE700BFF8
:10215000044B5A6942F010025A615A6922F008028F
:102160005A61704700ED00E0EFF30880EFF309815A
:1021700001B57246FFF752FE01BD00BF002080F39B
:102180001488BFF36F8F0F4880F3088807F0E2F9D7
:1021900000200D490860BFF34F8F00F02BF840205E
:1021A00080F3118809484FF49061401880F3098842
:1021B000EFF314800221084380F31488BFF36F8F7C
:1021C00000F030F90026012094ED00E08017012096
:1021D0000749D1F890200023C2F307221846934202
:1021E00000DB7047C1F89830C1F8A0000133F6E772
:1021F00000ED00E008B572B6002383F31388FFF703
:10220000E7FF144B4FF0FF32C3F88020C3F884205F
:10221000C3F88820C3F88C20C3F89020C3F894201A
:10222000C3F89820C3F89C20C3F88021C3F8842108
:10223000C3F88821C3F88C21C3F89021C3F89421F6
:10224000C3F89821C3F89C2162B6BFF34F8FBFF348
:102250006F8F08BD00E100E0084B9B6883420BD103
:10226000EFF3058343B1064B5A6842F080525A603F
:102270005A6A22F400425A620DF02EBA3C7E0020C7
:1022800000ED00E022498A6882F8DDE04FF030007E
:102290001044EFF3098C80E8F01F1EF0100F03D1FB
:1022A00002F19C0080EC108A402080F31288BFF37A
:1022B0006F8F184F4FF000668A698A603E6092F90E
:1022C000DDE0D2F894000023C2F8943080F3118846
:1022D0001EF0100F03D00023E1EE103A03E002F1EC
:1022E0009C0090EC108AEFF3148323F0040383F333
:1022F0001488BFF36F8F04B5104600F095F9BDE860
:10230000044002F1300090E8F01F8CF30988704718
:102310003C7E002004ED00E01EF0040F0CBFEFF344
:102320000880EFF30980816911F8021C0229FFD0AF
:1023300001B5724613F03BFE01BD00BF40B200285C
:1023400007DB044A4109012300F01F00834042F8E3
:102350002130704700E100E040B200280CDB430967
:10236000064900F01F0020330122824041F823205B
:10237000BFF34F8FBFF36F8F704700BF00E100E0E6
:10238000054B420900F01F0053F82220012303FAF5
:1023900000F01040704700BF00E100E038B5D307FF
:1023A00004460D4612D48B1C072B10D9114A124932
:1023B00012486B2312F00CFF1148294606232246CF
:1023C00012F006FF0B486B21F6F7FEFC002360B20B
:1023D0000028ACBF00F160400A4A4FEA4313B8BF7F
:1023E00000F00F00DBB2AABF00F56140135480F883
:1023F000003338BDBC7F0700F37F0700D2410700E0
:102400000E80070014ED00E0044B054A23F07F0323
:102410009360BFF34F8FBFF36F8F70470070020060
:1024200000ED00E008B5FFF7EFFF104BD3F8882070
:1024300022F47002C3F88820D3F8882042F4A00266
:10244000C3F888204FF04042C3F83422BFF34F8FC7
:10245000BFF36F8F0023E1EE103A0AF0B7FB0DF0E7
:102460007BFC00F0B7F80AF0F7FB00BF00ED00E0DE
:1024700042F8203C009B42F81C3C019B42F8183C6F
:102480000A49029B42F8143C4FF0807342F8043C26
:1024900021F00101002342F8081C203AC0F89430D2
:1024A0004FF47D430265C0F8DC30704731510600BF
:1024B000037B13F0020F124B03D190F8DD20D206FC
:1024C00011D45A6B42F080425A63D0F8DC301907BD
:1024D0005CBF43F00803C0F8DC30037B43F0020329
:1024E0000373802070475A6B22F080425A63D0F801
:1024F000DC301A0744BF23F00803C0F8DC30F0E7F3
:1025000000EF00E00A4A0346906878B113F1160F15
:10251000D0F8840005D0A0F180029A4205D8834209
:1025200003D2814228BF002070470020704700BFBF
:102530003C7E0020104B9B6883421AD1EFF305804C
:10254000B8B9EFF31181402282F31288BFF36F8F85
:102550001A7B22F002021A73EFF3148323F00403B0
:1025600083F31488BFF36F8F81F31188BFF36F8FEC
:1025700070476FF0150070473C7E002008B5154687
:102580000E460022E1EE102AEFF3148222F004023C
:1025900082F31488BFF36F8FBFF36F8F074A906089
:1025A00000F042F82C4686F309880020044B984737
:1025B0002046002100220023024C20473C7E0020C0
:1025C000CD5F060031510600014B10221A617047A1
:1025D00000ED00E0044800234021C2180133302BF5
:1025E00082F80013F9D1704700E100E008B5EFF37D
:1025F0000583064A103B02EBC30152F833004968D9
:102600008847BDE80840FFF72BB900BFC8C00700E6
:10261000024B034A0348012100F0BAB800F003203E
:10262000000000204C8B060010B50446FFF740FF69
:10263000D4F8842003460548D21AC0E90023044B8D
:102640008360BDE81040012100F0C8B8986A0020FE
:1026500000000B1510B504460820FCF7F5FB50B13F
:10266000094B4361094BC0E906340423037400237A
:1026700043748374C374064900234FF4015213F06A
:1026800055FA6FF0150010BD528007004F82070009
:10269000B481060010B40F4CD4F89030C3F3072374
:1026A000013B984203D95DF8044BFFF7D3BFC4F850
:1026B00098000B6823F01F03034343F01003C4F892
:1026C0009C308B6843F00103C4F8A0305DF8044BE4
:1026D000704700BF00ED00E0F0B50E4685B01F4624
:1026E00004460025B54211DA606830B3B7B1431E25
:1026F00018420ED00820FCF7A7FB08BB16490023A0
:102700004FF4015213F012FA6FF01502104605B0A3
:10271000F0BD7F28EED921680B42EBD123680193ED
:1027200013F077FCA36801A90343D0B20393FFF72A
:10273000B1FF10F1160FE7D0421C01350C34D1E780
:10274000064B4361064BC0E906350423037400239E
:1027500043748374C374D1E7B48106007C8007009E
:1027600068820700044B0522C3F89420BFF34F8F03
:10277000BFF36F8F704700BF00ED00E0BFF35F8FC6
:10278000024B0022C3F89420704700BF00ED00E028
:1027900038B50D4D01232A780C46FFF79DFF2870B0
:1027A00016300FD1094A0A490A484FF4BB7312F098
:1027B0000FFD0948214612F00BFD04484FF4BB7190
:1027C000F6F702FB38BD00BF53C00020A38007000E
:1027D00011990700D2410700D280070010B5144AB2
:1027E000002312780C46FFF777FF10F1160F08D080
:1027F000104A0021D2F89030C3F30723984210DB2F
:1028000010BD0D4A0D490E4840F2951312F0E0FC40
:102810000C48214612F0DCFC074840F29511F6F70F
:10282000D3FAC2F89800C2F8A0100130E2E700BF66
:1028300053C0002000ED00E0A380070011990700BD
:10284000D2410700FE8007002DE9F04F7B4C7C4908
:10285000D4F890300D68C3F307239D4285B013D997
:10286000784A7949794840F2AD1312F0B1FCD4F8B6
:10287000902077482946C2F3072212F0A9FC40F2C3
:10288000AD117048F6F7A0FAFFF778FF496800220B
:10289000954201F10C012DD16E4C6F4F25706846A9
:1028A000FDF7E2F8DFF8C881DFF8C8910646002599
:1028B000AE4232D1237861490020D1F89020C2F392
:1028C00007229342C0F2AF80FFF74CFFD1F890305F
:1028D000C3F30723082B00F0AC806049594A5B48DA
:1028E00040F21F2312F074FC5D4812F071FC40F2BC
:1028F0001F21C6E7C4F8982051F80C3C23F01F03B1
:10290000134343F01003C4F89C3051F8043C43F0E7
:102910000103C4F8A0300132BAE7009A02EB0513B4
:102920002901D3F80CA00AEA0700B0F5000F60D027
:102930000AD8B0F5001F38D0B0F5800F4ED0B0F5F2
:10294000801F12D00135B3E7B0F1807F5CD0B0F1C9
:10295000007FF7D19868D3F804A0525813F059FBC0
:10296000CDE901A240F480200BE09868D3F804A0E0
:10297000525813F04EFBCDE901A240F0885040F4CC
:1029800030200390207801A9FFF784FE002846DA62
:102990002D492C4A2D4840F2D71312F019FC31482A
:1029A00012F016FC40F2D7116BE79868D3F804B028
:1029B000525813F02EFB1AF0010F40EA0800CDE93F
:1029C00001B20390DED028491E4A20487B2312F032
:1029D000FFFB264812F0FCFB7B2152E79868D3F8F6
:1029E00004A0525813F015FBCDE901A240EA0900FA
:1029F000C7E79868D3F804A0525813F00AFBCDE952
:102A000001A240F08270BCE79868D3F804A0525845
:102A100013F0FFFACDE901A240F08870B1E7237806
:102A2000013323708EE7C1F89830C1F8A00001335C
:102A300043E7002005B0BDE8F08F00BF00ED00E0E7
:102A4000588B0600A380070011990700D2410700A8
:102A50002B81070053C000200000F0FFDE8107003B
:102A60002E820700B48107005F810700858107007F
:102A7000000008110000020208B50B4BC3F100531F
:102A800003F57C33B3F5006F0CD20849084A0948B6
:102A9000922312F09DFB084812F09AFB0448922101
:102AA000F6F792F9002008BD805D0120BD82070085
:102AB0008D820700D241070006830700014B186092
:102AC000704700BF30090020F8B5084F06460D4694
:102AD0000024AC4208DA3B6898470A28305504F1D4
:102AE000010401D00D28F4D12046F8BD2C090020A6
:102AF000F8B50A4F0D46461EC0F10104A3199D42C8
:102B000001DC2846F8BD73780A2B02D13B680D2002
:102B100098473B6816F8010F9847EFE73009002007
:102B200010B5074C2368C2180648C0F1005101F5E2
:102B30007C318A423ABF2260C0184FF0FF3010BD8E
:102B4000A46A0020805D012010B5044658B91149DF
:102B5000114A124840F2971312F03AFB40F29711D3
:102B60000D48F6F731F914200FF0A8F9206060B98C
:102B70000B49094A094840F29F1312F029FB094802
:102B800012F026FB40F29F11EAE7BDE8104014F076
:102B9000A6B900BF8E8307008D820700D2410700CF
:102BA0008D830700C983070010B558B909490A4841
:102BB0000A4A40F2C71312F00BFB084840F2C71153
:102BC000F6F702F94FF0FF32BDE810404FF0FF3347
:102BD0000AF0BCBC8E830700D24107008D8207003B
:102BE00008B558B907490848084A40F2E31312F0FB
:102BF000EFFA064840F2E311F6F7E6F8BDE80840C0
:102C00000AF074BD8E830700D24107008D82070051
:102C100008B5054812F072FA002383F31188BFF358
:102C20006F8F0423184602DFEC8307000E4A01234E
:102C3000C2F840354FF080424FF08051C2F87835ED
:102C4000D1F83001082808D1D1F83411052904D869
:102C50000648415C09B1C2F838364FF08043012282
:102C6000C3F880250020704700E00140F58307008D
:102C700020B1034B800143F001031847704700BFA8
:102C8000C0830600BFF34F8F0549064BCA6802F4A4
:102C9000E0621343CB60BFF34F8F00BFFDE700BF7F
:102CA00000ED00E00400FA052DE9F843914690F9A3
:102CB00000200378002A05460E4603DB6FF015005E
:102CC000BDE8F88303F01F03012BF7D14378062BEF
:102CD000F4D1B0F8048047881D485FFA88F841466F
:102CE00013F023F83F0A044690B90820FCF7ACF82B
:102CF00038B1184B4474C0E9053803230374847455
:102D0000C474154900234FF4C45212F00FFFD5E7E5
:102D1000212F04D0222F10D06FF08500D0E7036858
:102D2000E9885B685B6813F8092F914294BF3160B2
:102D30003260C9F800300020C2E7A0F5A264EB8839
:102D400062689A4294BF326033602368F1E700BF43
:102D5000C06F0020FF8307007C82060010B5044688
:102D60000820FCF771F840B1084BC0E90534032393
:102D70000374002343748374C374BDE81040044992
:102D800000234FF4C45212F0D1BE00BF26840700C6
:102D90007C82060070B504460D4601460A4812F0D2
:102DA000D2FF20B92046BDE87040FFF7D7BF022D03
:102DB00009D1A0F5A2639B682BB11B691BB1BDE8CB
:102DC00070400068184770BDC06F002010B5044601
:102DD0000820FCF739F840B1084BC0E9053403235B
:102DE0000374002343748374C374BDE81040044922
:102DF00000234FF4C45212F099BE00BF4C84070068
:102E00007C8206002DE9F0410F4681880546C9B253
:102E10006548904612F089FF0446B0B90820AD8895
:102E2000FCF712F838B1614B4474C0E9053503234F
:102E300003748474C4745E4900234FF4C45212F0C6
:102E400075FE6FF01200BDE8F08195F90030006862
:102E50006E78002B54DA022E10D0032E20D0012ED3
:102E60003BD1A4F5A264A3687BB31C686CB3434652
:102E70003A462946A446BDE8F04160476888C0B29A
:102E8000012338B96FF481721444C8F800403B60E4
:102E90000020D8E7A0F582702044C8F80000F6E7CB
:102EA0006B88ABB10820FBF7CFFF40B1414B4361CA
:102EB000414B83610023067443748374C3740023FD
:102EC0004FF4C2523A4912F031FE6FF08500BAE772
:102ED000033CC8F800400123D9E70820FBF7B4FF02
:102EE00050B1364B4361364BC0E9063604230374B8
:102EF000002343748374C37400234FF40152E1E749
:102F00000A2E0AD00B2E2DD0092EE6D1A4F5A264EC
:102F1000A368002BD9D05C68A8E76E88310A16F048
:102F2000FF06A4F5A26714D16FF481734FF4807289
:102F3000E01814F003F94FF480623146A4F2045013
:102F400014F0FCF86B88003B18BF012387F80C34A1
:102F50009EE7BB19013607EB860683F80C140023A5
:102F60007360EFE76D88012D0AD90820FBF76CFF2D
:102F70000028C1D0134B4361134BC0E90635B5E7B8
:102F800014F8032CAA42A4F5A26381D0E9B204F894
:102F9000031C9B68002B3FF47BAF9B68002B3FF426
:102FA00077AF984774E700BFC06F0020FF8307002A
:102FB0007C8206006D840700D284070084840700A9
:102FC000E6840700A1840700BE84070038B50446E4
:102FD0000D460146234812F09CFE20B92046BDE86C
:102FE0003840FFF7F3BE691EA0F5A264092921D875
:102FF000DFE801F005201D2127292020202F0023B4
:1030000084F80E3584F80F3594F80D35D4F8100592
:1030100001218B4284F80D1504D0A36813B19B687D
:1030200003B198472046BDE8384013F037B8012374
:1030300084F80E3538BD002384F80E3584F80F353A
:10304000F8E70123FAE794F80F35002BF2D00023BC
:10305000F4E794F80C34002BECD02046BDE838405F
:1030600013F030B8C06F002010B50469C4E9001235
:10307000A3600023C4F81435064BC4F81005596842
:1030800004F2145211B9C3E9002210BD0A605A605B
:10309000FBE700BFC06F0020020600F07F0312D5DF
:1030A000082B05D1010700F00F0306D50E48704725
:1030B00010F0780F12D100F00F034C2000EB4310FA
:1030C0000A4B18447047082B05D1020700F00F0384
:1030D00006D50748704710F0780FF6D000207047EB
:1030E000044800EB4310704714710020C86F0020A3
:1030F00034720020347100200149024813F02BBFC4
:10310000F06F0020505300200146014813F0FABE32
:10311000640E002008B50820FBF796FE48B10E4B60
:1031200043610E4B83610323037400234374837450
:10313000C3740B4900234FF4C25212F0F7FC094943
:1031400009480A4A4FF4E37312F042F807484FF473
:10315000E371F5F739FE00BF038507000289070018
:103160008482060011990700D241070023850700D9
:1031700010B51049BFF35B8F002351E8002F012ADF
:1031800003D141E800300028F7D1BFF35B8F0CBFBB
:10319000012018460DD151F8044C14392046FAF795
:1031A0001BFF10F1780F04D12046BDE81040FAF75C
:1031B000A7BE10BDE86F00200248002200230AF0DD
:1031C00043BC00BF640E002013B5124801F06AFA38
:1031D000114B98421AD1114807F0BEF9002410484B
:1031E00007F010FA0F49104800944FF0FF334FF4E6
:1031F00080620BF001F80D490B480BF01DF90C48EB
:103200000C490AF069FF204602B010BD6FF00400BF
:10321000FAE700BFCD3405000000AD0B8988070038
:103220007C8B0600001301205053002057850700B7
:10323000F06F00209136050038B5002464F07F005F
:10324000C0B2FFF729FF58B91C491D4A1D4840F27A
:103250007A2311F0BDFF40F27A211948F5F7B4FD49
:10326000013412F076FF082CE8D1174D0024E0B2AB
:10327000FFF712FF48B91149114A12484FF4207361
:1032800011F0A6FF4FF42071E7E7036903B9056168
:10329000013412F05EFF082C05F14005E7D10B4820
:1032A00012F057FF0A4BD3F87C2212B9094AC3F82F
:1032B0007C22094812F04DFF002038BD62850700CE
:1032C00023850700D24107005876002014710020A2
:1032D000C86F0020587200203472002010B5054CD1
:1032E000FFF76AFF20B14168204609F0D5FDF7E7F6
:1032F00010BD00BF400D002013B500221948002367
:1033000001A909F03DFD50B30820FBF79DFD48B130
:10331000154B4361154B83610323037400234374EE
:103320008374C374124900234FF4C25212F0FEFB9F
:10333000FFF7D4FF0B480022002301A909F020FD6C
:10334000044608B1FFF7E6FE0198042340600374C9
:10335000FFF7DAFEFFF7D0FE204602B010BD01985D
:103360004060FAE7400D00206985070002890700E8
:1033700084820600022810B5044611D8144B1C5C48
:10338000FFF7BAFF18B3002202740472FFF7BCFE05
:10339000104B93F82430D3B1BDE81040FFF7ACBE1A
:1033A0000820FBF751FD50B10B4B43610B4BC0E9BB
:1033B000063404230374002343748374C374BDE888
:1033C0001040074900234FF4015212F0AFBB10BD6B
:1033D0000E880700C86F00208B8507001189070041
:1033E000848206002DE9F041877806463846FFF7CB
:1033F00053FE3B06F47805462BD5CCB1032C5BD0AD
:103400000A20FBF721FD58B12C4B43612C4B07627E
:10341000C0E9063405230374002343748374C37422
:10342000BDE8F041274900234FF4215212F07EBB42
:10343000FFF762FF034600283ED00122AC770274FA
:10344000032202739D60FFF75FFEBDE8F041FFF7C6
:1034500053BE4CB1012CD3D1FFF74EFF034658B3F6
:103460006C7704740473EDE7FFF746FF20B3B2787E
:10347000154B12F0800F02F0080111D041B1D3F8C2
:10348000A836EB6001230374022303738560DAE737
:1034900002F00F02142101FB0233D3F80836F0E7E3
:1034A00011B1D3F8A837ECE702F00F02142101FBA9
:1034B0000233D3F80837E4E7BDE8F081AA850700B6
:1034C0001188070084820600007002402DE9F04157
:1034D000804688B01422002103A813F02FFE98F82C
:1034E0000030062B26D8DFE803F0BE04121717AD14
:1034F00019000224FFF700FF0346D8B1047400F15D
:103500000802DDE9050182E8030018463FE00323D5
:103510008DF814300024EDE70423F9E798F80270E1
:103520003846FFF7B9FD857A064635B1013D022DD3
:1035300040F2828008B0BDE8F0813B0698F8034075
:103540002CD5CCB1032CF5D00A20FBF77DFC50B173
:10355000464B4361464B0762C0E9063405230374BA
:1035600045748574C574434900234FF4215208B053
:10357000BDE8F04112F0DABAFFF7BEFE03460028BC
:10358000D8D00122B4770274032202739E60FFF741
:10359000BBFD08B0BDE8F041FFF7AEBD54B1012C52
:1035A000D2D1FFF7A9FE03460028C3D07477047474
:1035B0000473EBE7FFF7A0FE05460028BAD001230D
:1035C000037402230373866098F8020006F10C016D
:1035D00012F0FEFD0746F8B10820FBF735FC48B1B4
:1035E000254B4361224B4474C0E90637042303741E
:1035F0008474C4741F4900234FF4015212F096FAE8
:103600001E491F481F4A40F29D3311F0E1FD1D483D
:1036100040F29D31F5F7D8FB1B4AF168B2F88C32C5
:103620008B4206D95B1AA2F88C3201F0A1FC284625
:10363000ADE7A2F88C02FAE7404608B0BDE8F041D9
:10364000FFF7D0BE01A801F071FC9DF80530052BF5
:1036500005D19DF8043013F0600F3FF46BAF0B4BB6
:103660000593012446E7032444E700BFAA85070029
:103670002A88070084820600DA850700119907006E
:10368000D241070023850700C86F00203471002055
:103690002DE9F0439E4DDFF87C8285B00746FFF7A9
:1036A0008BFD064610B905B0BDE8F08395F82530CE
:1036B000347C3BB9002C00F0E6807168954809F035
:1036C000EBFBECE7042C00F23882DFE814F0DC00BE
:1036D0000500B101C701FA0117F8044CB4B9B36889
:1036E000082093F80990FBF7AFFB48B18A4B436180
:1036F0008A4B4474C0E90639042303748474C47487
:10370000874900234FF4015212F010FAB4685CB9F3
:103710008449854A85484FF44B7311F059FD4FF4A5
:103720004B718148F5F750FB337B032B51D8DFE811
:1037300003F002579297A27A62B17D497A4A7B4898
:103740004FF4397311F044FD7A4811F041FD4FF404
:103750003971E6E7D4F81490774BC9F80020C9F81E
:103760000420D3F8801489F80010D3F8841489F861
:103770000110D3F88814D3F88C0441EA0021A9F889
:103780000210D3F89014D3F8940441EA0021A9F868
:103790000410D3F89814D3F89C3441EA0323A9F811
:1037A00006300823E360D9F80000D9F80410634B11
:1037B00003C311462368607A984799F90030002BBB
:1037C0000ADBB9F806309AB232B1A5F88C3201F0B2
:1037D000CFFB7168404672E70023A5F88C32F8E70A
:1037E000637F002BF5D0237F002BF2D04FF0000930
:1037F00084F81D90524884F81C904FF0FF324FF02F
:10380000FF3312F0B9FC636901936368CDE90239B3
:1038100001A9607A00F0C2FF4A4B9842044616D0D4
:103820000820FBF711FB60B1474B4361474B80F821
:103830001190C0E906340423037480F8129080F8D4
:103840001390374900234FF4015212F06FF93C48AE
:1038500012F094FCBDE723680121607A9847B8E72D
:10386000A37A6BB9E37F5BB935484FF0FF324FF075
:10387000FF3312F081FC01F081FB314812F07EFC35
:1038800023680221E9E7327A042AA2D8DFE802F0AD
:103890009F032FB9C50000F075FE0446002898D19B
:1038A00000F072FDBFF35B8F2949012351E8002F1F
:1038B000002A03D141E800300028F7D1BFF35B8F25
:1038C00087D141F8084C41F8104CE8696B61143914
:1038D000FAF77EFA0028BFF67CAF1E49124A134859
:1038E00040F2AA2311F074FC40F2AA2119E7002447
:1038F00064F07F00C0B2FFF7CFFB68BB09490A4AFA
:103900000A4840F2312311F063FC40F2312108E70C
:10391000C86F0020400D0020FE8507007788070053
:10392000848206006285070023850700D2410700D4
:10393000288607004E86070000700240CC6F0020EA
:10394000007000200000AD0B6A8607005D8807004C
:10395000E86F0020B6720700037A13B1407A01F0D5
:10396000CDFC0134082CC3D195F854311BB195F826
:10397000550101F0C3FC0024E0B2FFF78DFB48B90C
:1039800079497A4A7A4840F2432311F021FC40F207
:103990004321C6E6037A13B1407A01F0AFFC01344B
:1039A000082CE9D195F874321BB195F8750201F035
:1039B000A5FC012000F0B2FD012385F825302B681D
:1039C000002B3FF406AF00210220984701E70024B6
:1039D00085F8254001F0D2FBFFF7CAFBA04209DAC7
:1039E0006449624A624840F2C22311F0F1FB40F29E
:1039F000C22196E62B68002B3FF4EBAE2146042053
:103A0000E3E7002B3FF4E5AE00F0C6FD2B68002B8A
:103A10003FF4DFAE00210520D7E72A68002A3FF4F3
:103A2000D8AE002B3FF4D5AE002106209047D0E65B
:103A300007F110044FF0FF334FF0FF32204612F031
:103A40009BFBFFF7F9FB204612F098FB57F8283C48
:103A5000002B3FF4BEAE00210120B6E795F874328A
:103A6000E3B14FF0010985F8899285F88892FFF754
:103A700043FC0446D0B90820FBF7E6F940B13E4BC1
:103A800043613E4B83610323037444748474C474A0
:103A90003B4900234FF4C25212F048F857F8283C33
:103AA000002B3FF496AE00210A208EE7354B80F8BC
:103AB000109080F80C908360FFF726FBFFF71CFB4B
:103AC000ECE70820FBF7C0F948B12F4B43612F4BBF
:103AD000836103230374002343748374C3742849EC
:103AE00000234FF4C25212F021F813F047F801F00E
:103AF00045FB00F029FCFFF7F1FBFFF79DFB48B108
:103B000023491A4A1A4840F2864311F061FB40F2F9
:103B1000864106E613F02BF81E4800F0C3FD1E4B4D
:103B200098423FF456AE1D49104A114840F28D4369
:103B300011F04EFB40F28D41F3E50820FBF784F9CC
:103B400050B1174B4361114BC0E906340423037491
:103B5000002343748374C374094900234FF4015252
:103B600011F0E4FF35E600BF6285070023850700FA
:103B7000D2410700B6720700948607004388070009
:103B80008482060034720020AC8607007788070024
:103B9000EB750700CD3405000000AD0B119907004F
:103BA000C786070038B5164D95F824402CBB05F1A3
:103BB000380013F094F9204602F064F822460121FF
:103BC000E8612720FEF7EAFB12F0D1FFFFF734FB94
:103BD000044610B9012385F824300A4B1B680BB149
:103BE000FFF78AFA4FF08043D3F83834DB0702D569
:103BF0000020FFF7BFFB204638BD0024FBE700BFD5
:103C0000C86F0020640E002008B5104B93F82420E4
:103C1000BAB193F82530A3B10D4BD3F87034DBB2B1
:103C2000834211D00B490C4A0C4840F2595311F011
:103C3000CFFA0B4811F0CCFA074840F25951F5F78A
:103C4000C3F86FF0120008BD0020FCE7C86F002029
:103C500000700240E386070023850700D241070079
:103C60001D87070010B50378047903F00F02B4B97B
:103C700072B30820FBF7E8F840B1174B4361174BCC
:103C800083610323037444748474C474144900234B
:103C90004FF4C25211F04AFF4FF0FF3010BD082A16
:103CA0000FD90820FBF7D0F80028EFD00D4B436167
:103CB0000A4B836103230374002343748374C37426
:103CC000E4E7012C04D183F0080040F3C000E5E7ED
:103CD00043F3C000E2E700BF36870700EE88070025
:103CE000848206005987070038B51A4B93F82430B0
:103CF00004465BB305782846FFF7CEF9F8B1457264
:103D000023798372638843602078618810F0080506
:103D100018D14B1E0B4215D00820FBF795F840B187
:103D20000D4B43610D4B836103230374457485740C
:103D3000C5740B4900234FF4C25211F0F7FE6FF027
:103D4000150038BD00F05EFC0020FAE76FF01200AD
:103D5000F7E700BFC86F00207C870700DA880700FC
:103D60008482060038B51D4B93F8242005468AB39B
:103D700093F8253073B3FFF78FF9044610B96FF04D
:103D8000150038BD837A012B0FD007D9023B012BD8
:103D900007D96369A3610020E060F2E701F0F4F85D
:103DA000F7E7284601F06AF8F3E70820FBF74CF83C
:103DB00048B10B4B43610B4B836103230374002316
:103DC00043748374C374084900234FF4C25211F042
:103DD000ADFED4E76FF01200D3E700BFC86F00203C
:103DE000A8870700C68807008482060038B50E4BF6
:103DF00093F82420054682B193F825306BB1FFF784
:103E00004BF968B115F008040AD1284601F06EF8A4
:103E1000284601F0ABFA204638BD6FF01200FBE7F0
:103E20006FF01500F8E700BFC86F002038B50C4BE5
:103E300093F8242005460C4662B193F825304BB127
:103E4000FFF72AF948B144B1284601F035F820704F
:103E5000002038BD6FF01200FBE76FF01500F8E7A7
:103E6000C86F002070B5134E96F824300446C3B1D5
:103E7000FFF712F90546B8B1230705D4204601F033
:103E800035F8204601F072FA2B7A83B901232B72A0
:103E900096F825300BB9002070BD204601F02EFAAF
:103EA000F9E76FF01200F7E76FF01500F4E76FF035
:103EB0007700F1E7C86F00202DE9FF47DFF8588150
:103EC0001E4698F8243007468A461546002B00F017
:103ED000948098F82530002B00F08F8003061FD5C2
:103EE000FFF7DAF80446D8B190F80890B9F1000F5E
:103EF0001CD10820FAF7A8FF60B1414B4361414B48
:103F000080F81190C0E906370423037480F81290FA
:103F100080F813903C4900234FF4015211F006FE43
:103F20006FF01504204604B0BDE8F0874FF0FF3372
:103F30004FF0FF3208F1380012F01EF9A37F33B1C1
:103F400008F1380012F01AF96FF00A04EAE7A37AD0
:103F50008DB3002B3FD00123A37738464FF00008E4
:103F600001A9CDE901A5CDF80C8000F017FC274B85
:103F7000984207463DD084F81E800EB1C6F80080F6
:103F80000820FAF761FF50B1214B43611D4BC0E996
:103F9000063704230374002343748374C3741A49DB
:103FA00000234FF4015211F0C1FD6FF004041948D1
:103FB00012F0E4F8B6E7E27F02B1E577002BCAD150
:103FC00000F0E8FF8742C6D000F0D8FF114812F099
:103FD000D5F80024A6E7B8F80A309D42F0D262680E
:103FE000B5FBF2F302FB1353002BE9D10123E37776
:103FF000E6E706B135600024D9E76FF0120491E7D7
:10400000CE870700B6880700848206000000AD0B4B
:10401000F187070000700020C86F00202DE9F843E9
:104020001D462F4B174693F8242080460E46002A43
:1040300053D093F82530002B4FD010F0800F22D1B1
:1040400001B907BB4046FFF727F80446D8B190F8FE
:104050000890B9F1000F19D10820FAF7F5FE60B108
:10406000204B4361204B80F81190C0E906380423AF
:10407000037480F8129080F813901C4900234FF4C9
:10408000015211F053FD6FF0150013E04FF0FF33B4
:1040900017484FF0FF3212F06FF8E3689F42B846BE
:1040A00028BF984646B93FB905B12B60104812F0B9
:1040B00065F80020BDE8F883A1694246304613F058
:1040C0002FF8A3694344A361E368A3EB0803E3600B
:1040D000002DEBD0C5F80080E8E76FF01200E9E7AB
:1040E000C86F0020CE870700A288070084820600E0
:1040F00000700020F8B5294D95F824300746002BB4
:1041000048D095F82530002B44D0030619D4FEF78B
:10411000C3FF0446A8B1067AB6B90820FAF794FEA0
:1041200048B11F4B43611F4B4674C0E90637042357
:1041300003748674C6741C4900234FF4015211F0B5
:10414000F5FC6FF01500F8BD4FF0FF334FF0FF3274
:1041500005F1380012F010F8E368B3B9012663697D
:104160002677A361637F83B1FFF7C6F830B905F105
:10417000380012F003F86FF00B00E4E70674846077
:104180000673FEF7C1FFFEF7B7FF084811F0F6FF10
:104190000020D8E76FF01200D5E700BFC86F0020FD
:1041A000CE8707008A8807008482060000700020FE
:1041B00010B5084B93F824300C462BB1FEF76CFF7A
:1041C00028B10460002010BD6FF01200FBE76FF013
:1041D0001500F8E7C86F0020014B1860704700BF5A
:1041E000C86F002008B5074B93F8243023B1FEF7C1
:1041F00053FF20B1406808BD6FF01200FBE76FF07D
:104200001500F8E7C86F00204FF08053D3F8302135
:10421000082A06D1D3F83431052B04D8034AD05CE0
:104220007047002070470120704700BFC48C070012
:10423000EFF31180402383F31288BFF36F8F0A4B93
:10424000D3F8001C032261B949F27531C3F8001C90
:10425000C3F8142DC3F8001C80F31188BFF36F8FCF
:104260007047C3F8142DF7E700E00640EFF3118024
:10427000402383F31288BFF36F8F0A4BD3F8001CDF
:1042800061B949F27532C3F8002CC3F8141DC3F8A4
:10429000002C80F31188BFF36F8F70470022C3F8A2
:1042A000142DF6E700E0064000F00F02082A08B5DA
:1042B0000BD90B490B480C4A4FF4D77310F088FF09
:1042C00009484FF4D771F4F77FFD084B10F0800FC9
:1042D00003F1D80118BF0B46182000FB023008BDBF
:1042E0007D890700D24107003589070098780020B2
:1042F00008B500F00F03082B0BD9094909480A4AF1
:1043000040F2C11310F064FF074840F2C111F4F706
:104310005BFDC043C0F3C01003EB001008BD00BF3D
:104320007D890700D2410700358907004FF080538F
:10433000D3F83031082B02BF024B0022C3F81C2CEB
:10434000704700BF0070024008B50A4B1A78012A76
:104350000BD0094909480A4A40F2744310F038FF6B
:10436000074840F27441F4F72FFD064900220A6025
:104370001A7008BD58C00020D7890700D241070035
:1043800035890700507A002010B5584C2378012B4E
:104390000BD05749574A584840F27C4310F018FF59
:1043A00040F27C415348F4F70FFD544B4FF4006248
:1043B000C3F80024FFF728FF08B1FFF739FF4FF0DB
:1043C0008053D3F83031082B18D1EFF311804023FC
:1043D00083F31288BFF36F8F494BD3F8001CC022C0
:1043E00000296ED149F27531C3F8001CC3F8142CB2
:1043F000C3F8001C80F31188BFF36F8F3F4B01227D
:10440000C3F80025D3F800241205FBD54FF4006251
:10441000C3F800244FF08053D3F83031082B17D164
:10442000EFF31180402383F31288BFF36F8F344B77
:10443000D3F8001C002947D149F27532C3F8002C8B
:10444000C3F8141CC3F8002C80F31188BFF36F8FDE
:10445000FFF7DAFE30B1FFF709FFFFF7D5FE08B12D
:10446000FFF7E6FE4FF08053D3F83031082B234B93
:104470000AD140F2E372C3F800284022C3F80428AE
:10448000BFF36F8FBFF34F8F8022C3F81C2501222B
:10449000C3F830251B4B40F2FF121A601A4B002163
:1044A00019601A4B19701A4B9B68012B10D01949CF
:1044B000104A11484FF4956310F08AFE4FF495614D
:1044C00070E7C3F8142C95E70022C3F8142CBBE75F
:1044D000FFF72CFF104B197002232370FFF794FE97
:1044E00018B1BDE81040FFF7C1BE10BD58C0002094
:1044F000D789070035890700D241070000700240C4
:1045000000E006404C7A0020487A002054C0002089
:10451000300E0020018A070056C0002010B5114B54
:104520001B78022B0BD010491048114A40F2DC4393
:1045300010F04EFE0E4840F2DC41F4F745FC0D4B06
:104540000D4C00221A700D4A0D4B002808BF13466F
:10455000C4F800332720FDF7F1FE0123C4F8043529
:1045600010BD00BF58C00020268A0700D2410700B6
:104570003589070057C0002000700240FDFFDF01B1
:10458000FDFFFF01034B1878012894BF0020012094
:10459000704700BF58C0002010B54FF0FF324FF0F9
:1045A000FF33154809F058FBEFF31181402383F3E3
:1045B0001288BFF36F8F114B1B7803F0FF0483B198
:1045C0000F4BD3F8002412F400720AD10120C3F873
:1045D0002C05D3F82C05D3F80004800502D5C3F8C8
:1045E0002C25002481F31188BFF36F8F024809F056
:1045F000B5FA204610BD00BF300E002057C0002085
:10460000007002404B1E0B4210B500F008030C4630
:104610000DD0010720D11D491D4A1E4840F26953A3
:1046200010F0D6FD40F269511948F4F7CDFB99B965
:10463000020709D11849164A164840F26B5310F088
:10464000C7FD40F26B51EFE713B1144BD3F81C35A3
:10465000FFF72AFE848210BDABB1104BD3F81C15B6
:1046600040F2FF3240F2FF13802918BF13469C42EC
:10467000EED90B49064A074840F26D5310F0A8FDE9
:1046800040F26D51D0E7402CF2E700BF4F8A07009F
:1046900035890700D2410700818A07000070024077
:1046A000A28A0700F8B558B921492248224A40F2A7
:1046B0004D4310F08DFD204840F24D41F4F784FB4E
:1046C0001E4B1C7894BB1E4A106001221A7040F2E7
:1046D000FF17264664F07F0514F0080FEDB214BFF3
:1046E000394640212846FFF78DFF2846FFF7DCFDBD
:1046F0000134092C867506730661EBD1002440F263
:10470000FF17254614F0080FE6B214BF39464021C2
:104710003046FFF777FF3046FFF7C6FD0134092C1E
:10472000857505730561EDD10648F8BD0648FCE7BF
:10473000048B0700D24107003589070058C00020CC
:10474000507A00200000AD0B0500AD0B08B543B258
:1047500000F00F0008280BD90C490D480D4A40F213
:10476000815310F035FD0B4840F28151F4F72CFBDA
:10477000002B094BB4BFD3F81025D3F8142501231F
:104780008340134214BF0120002008BD7D8907002B
:10479000D241070035890700007002402DE9F84337
:1047A00081460C46FFF7A4FDEFF31188402383F305
:1047B0001288BFF36F8F5CB92749284A284840F216
:1047C000BC5310F005FD40F2BC512448F4F7FCFA4C
:1047D00019F00F0F03D1234B1B784B4538D1224BD7
:1047E000224F1B683D68DB4301269BB286402B436A
:1047F00033422FD14846FFF757FD19F0800F03468B
:1048000010D1226872B102F06042B2F1005F09D0AB
:104810001749124A12484FF4BA6310F0D9FC4FF40A
:10482000BA61D2E701221A7394E8070083E807000F
:1048300000221A619A750F4B0F48354380223D6064
:10484000C3F8042188F31188BFF36F8FBDE8F883A4
:104850000A48F7E70A48F5E7128B07003589070091
:10486000D241070056C000204C7A0020487A002030
:104870002C8B070000E100E00000AD0B0A00AD0B3F
:104880000B00AD0B10F0080F074B06D0D3F8C00497
:1048900010F4803F18BF0020704700F00F0000F5B3
:1048A000947053F820007047007002402DE9F74FD4
:1048B000A14BA24DD3F85421DAB10022C3F8542100
:1048C000D3F80413890214D58DF80420D3F82025D9
:1048D000ADF80620D3F8C034002B2B6814BF4FF07E
:1048E00001224FF4807213432B60954B01A81B6883
:1048F0009847914BD3F8604134B10022C3F860214E
:10490000D3F86C44C3F86C44D3F828214AB1002290
:10491000C3F828218B4B1878FFF7EAFC012383406A
:104920001C43894F97F8008097F9009008F00F0317
:10493000082B0BD98549864A86484FF4917310F0AD
:1049400047FC4FF491718248F4F73EFA18F00801E1
:10495000814E42D1B9F1000F2FDA804A52F823007C
:1049600020B342F823101422534303F1804303F58C
:104970001C33D3F808367A4A117803F001034B4010
:104980001370FFF7D3FC774809F0E8F84046FFF7CB
:104990008BFC837D032B38D14046FFF7A9FC012314
:1049A00003FA00F0336823EA00033360DFF890A1D4
:1049B0004FF001084FF006095DE06B4A52F8230002
:1049C0000028F3D042F823101422534303F180430C
:1049D00003F51C33D3F80837CDE7B9F1000F564B78
:1049E00009DBD3F85021002AE0D00022C3F850217F
:1049F000D3F8A837BFE7D3F82C21002AD6D000225D
:104A0000C3F82C21D3F8A836B5E7037BE3B94046B9
:104A1000FFF76EFC012303FA00F03368B9F1000FD1
:104A200023EA0003336002DAB8F1880FBED106230F
:104A30008DF8043000238DF80730414B8DF8068047
:104A40001B6801A89847B1E7B8F1000FAED13A4B07
:104A50000122DA64AAE794FAA4F02A68B0FA80F096
:104A600008FA00F31A430F282A6024EA0304326884
:104A70004ADD134257D0002CEDD12F4BD3F8002143
:104A80005AB1C3F80041394B1C702E4B1C700123E6
:104A900001932B4B01A81B689847274BD3F858214B
:104AA000002A72D00022C3F85821D3F80044C3F87A
:104AB0000044E20508D52D4B01221A700223019310
:104AC0001F4B01A81B689847A30508D5274B002258
:104AD0001A70032301931A4B01A81B6898476005BD
:104AE00053D5224A1378002B4FD0134BD3F82C15F3
:104AF00000293FD01E49164A164840F2F52310F00F
:104B000067FB40F2F5211EE71340B4D160F07F014E
:104B10008DF804908DF806108DF80730DAF8003023
:104B200001A89847A7E7A0F110018DF804908DF82F
:104B300006108DF80780F1E7007002404C7A0020E3
:104B4000507A002056C0002055C000207D89070003
:104B500035890700D2410700487A002008710240D9
:104B600054C00020300E00203071024057C0002099
:104B7000978B070011700122C3F808259A6504235A
:104B80000193B04B01A81B689847AF4BD3F85C3139
:104B9000FBB1AE4B9B6813B93B78590619D0AA4BB1
:104BA0000022C3F85C21D3F88034A94A23F07F03A4
:104BB0001370336823F0011333602B6823F48033C0
:104BC00043F001032B60052301939E4B01A81B6852
:104BD000984732682B681A4200F023819B480022D4
:104BE000002309F039F8002840F01B81964BD3F8D8
:104BF0002C35002B00F09E80944803B0BDE8F04FA8
:104C000008F0ACBF49F0800B5846FFF74DFB037B23
:104C10000446002B00F0AE804368B0F814800168B1
:104C2000984528BF984601F06043B3F1005F24D156
:104C30002268636842442260A268A3EB0803D2079B
:104C40004FFA8BF0636040F1AC80B8F1000F40F098
:104C5000AB8000232373A7E05846FFF713FEB4F898
:104C600014C060451CD97B497B4A7C4840F26313E1
:104C700010F0AEFA40F2631165E6B8F1400F09D9C1
:104C80007749754A75484FF4C17310F0A1FA4FF493
:104C9000C17158E67348424612F042FA7149C7E7BB
:104CA000236873B103F06043B3F1005F09D06E492C
:104CB000694A6A484FF4B27310F08AFA4FF4B2713D
:104CC00041E66368226898429BBF1B1A02EB000E04
:104CD0004FF0000863609CBFC4F800E08046604568
:104CE000114610D1003B18BF012372B9B8F1000F73
:104CF00055D05E49584A59484FF45A7310F068FA33
:104D00004FF45A711FE60023EFE740453CD90123D9
:104D100003FA09F32AEA0303022233600623A27589
:104D20008DF80430474B8DF806B01B688DF80720CE
:104D300001A89847D6F800A02B681AEA03093FF4A7
:104D40005BAF19F0012314BF93FAA3F999FAA9F9FB
:104D5000B9FA89F9B9F10F0F7FF654AFA9F1100B29
:104D60005FFA8BFB5846FFF79FFA037B0446002B44
:104D70007FF472AF3E49384A384840F2573310F05A
:104D800027FA40F25731DEE509D03A49324A334832
:104D900040F2793310F01CFA40F27931D3E54FFA42
:104DA0008BF0002B3FF455AF4FF080530126D3F822
:104DB0003031082B02BF244B8222C3F81C2C2B68F5
:104DC00087F800B006FA09F923EA09032B60236982
:104DD000434423610BF00F04082C09D926491E4ACD
:104DE0001E484FF4A47310F0F3F94FF4A471AAE530
:104DF0001BF0080F144B17D100284FF0140202FBD0
:104E00000432A9BF0A3403EB8403C2F80017C2F8C6
:104E10000487AFBF43F82460C2F80016C2F80486C6
:104E20005E6003B0BDE8F08F0028B5BFC3F8A016E0
:104E3000C3F8A017C3F8A486C3F8A487B4BF5E6202
:104E40009E64EEE7507A002000700240300E002091
:104E500056C00020E18B070035890700D2410700CA
:104E6000D38B070058780020F68B0700468C07008C
:104E7000B88B0700598C07007D89070008B5030728
:104E80000BD5094909480A4A40F2076310F0A0F916
:104E9000074840F20761F3F797FF064B40F4807034
:104EA000C3F8180508BD00BF728C0700D241070087
:104EB0003589070000700240030713D400F00F0388
:104EC00010F0800F084A0BBF03F5887303F5847355
:104ED00002EB830252F8230008BF5068003818BF65
:104EE00001207047002070470070024008B503079A
:104EF0000BD50A490A480B4A40F2296310F068F9B9
:104F0000084840F22961F3F75FFF074BC3F80C052F
:104F100040F48070C3F80C0508BD00BF728C070018
:104F2000D24107003589070000700240002303606A
:104F300043600E4BD3F880240270D3F8842442706F
:104F4000D3F88824D3F88C1442EA01224280D3F8A3
:104F50009024D3F8941442EA01228280D3F8982452
:104F6000D3F89C3442EA0323C380704700700240A8
:104F7000014B0122DA64704700700240014B0122AC
:104F80001A65704700700240014B01225A65704754
:104F900000700240014B1878704700BF56C00020D7
:104FA00038B50446EFF31185402383F31288BFF32D
:104FB0006F8F03060BD512491248134A40F2536310
:104FC00010F006F9104840F25361F3F7FDFEFFF7C9
:104FD0008FF90E4A012303FA00F0136823EA000355
:104FE000136014F0080201BF04F00F04084B04F52D
:104FF000947443F8242085F31188BFF36F8F38BD74
:10500000858C0700D2410700358907004C7A0020C3
:10501000007002402DE9F04F044685B0EFF3118790
:10502000402383F31288BFF36F8FFFF73DF914F02D
:10503000800F414E05462BD12046FFF759F9D6F88F
:1050400000804FF0010909FA00F030EA08000BD0A7
:105050002046FFF7A5FF0323AB7587F31188BFF345
:105060006F8F05B0BDE8F08F28732046FFF740F939
:1050700009FA00F028EA000030602046FFF738F90E
:105080002E4A136809FA00F923EA09031360E2E7DC
:10509000230715D4802C2A4B41D004F00F0202F2D2
:1050A000DA325200C3F80028D3F80428D3F80418E1
:1050B000D2B242F002020A43C3F80428D3F80438FB
:1050C000DFF87890D6F800B0D9F800A020466BEA57
:1050D0000A030193FFF70CF94FF00108019B08FA4E
:1050E00000F00342B9D02BEA000030602046FFF701
:1050F000FFF800232B73032308FA00F8AB758DF833
:105100000F30104B8DF80E4048EA0A000622C9F80D
:1051100000001B688DF80C2003A898479DE740F21B
:10512000B472C3F80028D3F80428D3F80418D2B214
:1051300042F00402BFE700BF487A00204C7A00200A
:1051400000700240507A002038B50446094D4FF0F7
:10515000FF324FF0FF33284608F07EFD2046FFF770
:1051600059FF284608F0FAFC034B8022C3F80421BB
:1051700038BD00BF300E002000E100E02DE9F04115
:105180003B4D2B785BB93B493B4A3C4840F2BA4324
:1051900010F01EF840F2BA413748F3F715FE4FF011
:1051A000FF3337484FF0FF3208F056FD2B78022BC3
:1051B00009D03449304A314840F2FC4310F008F835
:1051C00040F2FC41E8E7304B8022C3F884212720DD
:1051D000FDF7D6F8A0B12D4F2D4B3C681B68240C71
:1051E00024041C434FF0010864BB2A4E40F2FF1315
:1051F0003B602720C6F80445FDF7AEF8C6F800432B
:10520000254A13788BB1234B0021C3F808110121E3
:10521000C3F80026C3F804165960D3F80811002912
:10522000FBD00021C3F8081111701A4B0022C3F8FB
:105230000025FFF77BF8124808F090FC01232B7043
:10524000BDE8F08194FAA4F6B6FA86F60F2E304641
:10525000C6BFA6F11000C0B240F08000030701D421
:10526000FFF7D8FE08FA06F624EA0604BCE700BFFA
:1052700058C00020988C070035890700D2410700EC
:10528000300E0020268A070000E100E04C7A002062
:10529000487A00200070024054C0002010B5044637
:1052A0004FF0FF324FF0FF33114808F0D5FC204695
:1052B000FFF7B0FE04F00F02012393400D4A14F0F3
:1052C000800F14BFD2F81015D2F814156FEA03033B
:1052D00015BF0B400B40C2F81035C2F81435044816
:1052E00008F03CFC044B8022C3F8042110BD00BF31
:1052F000300E00200070024000E100E070B504466E
:10530000FFF724FA68B904F00F02012514F0800FAA
:10531000144B05FA02F205D0D3F810150A43C3F86E
:10532000102570BDD3F814150A43C3F81425631E65
:10533000062BF6D8EFF31186402383F31288BFF3D0
:105340006F8F2046FFF72CFE2046FEF7D1FF064A5E
:105350001368854023EA0503136086F31188BFF3C1
:105360006F8FDEE700700240487A0020020710B518
:1053700004460BD50B490C480C4A40F20F630FF062
:1053800027FF0A4840F20F61F3F71EFD030605D41C
:10539000FFF792FD10B12046FFF702FE044BC3F861
:1053A000184510BD728C0700D241070035890700EF
:1053B0000070024014280ED8084A12F8103053B179
:1053C00002EB4002527832B108684343002093FB5D
:1053D000F2F30B6070476FF015007047DA8C07002E
:1053E0007FB50023CDE901330B7903F01F02C3F32E
:1053F0000400072A8DF80D0003D96FF0150004B0E2
:1054000070BD13F0200418BF8B7948798DF80B001C
:1054100008BF23468DF80C300B780C2BEDD801A07B
:1054200050F823F05F5405005954050083540500DB
:10543000FB53050087540500FB5305008B54050002
:10544000FB530500FB5305008F54050093540500E2
:10545000FB5305009754050001238DF806304B7867
:10546000032B1AD0042BC8D14B8844F20A00834284
:1054700038D843F6FE70834213D8002BBDD10223E7
:1054800040E00223E9E70323E7E70423E5E70523F8
:10549000E3E70623E1E70723DFE701238DF8073081
:1054A000E2E7A3F57F533F3B0B2BA6D801A050F8B2
:1054B00023F000BF3F550500FB530500FB530500DB
:1054C000FB53050009550500FB5305000355050076
:1054D000FB530500FB530500FB530500FB53050080
:1054E0007F54050044F21400834226D044F2280081
:1054F000834224D044F20F0083427FF47EAF032323
:1055000000E001238DF808300F4D012606FA02F362
:1055100095F85000DBB2A4B18A790AB18DF8096020
:1055200020EA030301A885F8503005F0BBFD074BC6
:1055300098427FF462AF002061E70423E2E705238D
:10554000E0E70343EEE700BF280600200000AD0BB4
:1055500008B50D490D48002211F084FD002005F02A
:1055600057FD0B4B98420CD1002201210720FCF77C
:1055700015FF0848C36813B9043010F040FE00203E
:1055800008BD6FF00400FBE73957050088060020CE
:105590000000AD0B2806002010B50C4C94F83A30F2
:1055A00023B1BDE810400A4805F0C8BF05F0F4FE7D
:1055B000084B984208D06FF00403636204F11400B2
:1055C000BDE8104010F01BBE10BD00BF2806002033
:1055D000D95505000000AD0B2DE9F0410778002FEB
:1055E00040F08C804D4CE26A94F850C01CEA020FE7
:1055F00025460AD14A4B0022C3F80025A36A6BBB9B
:105600004848BDE8F04110F0FABDB0F808E0A66DDA
:105610004FEA4E0E0123D0B218420AD094F89820D7
:105620000CEA030192B121B132460EEB0601914220
:1056300004D15B009BB26345EED9DBE732F9028B04
:10564000B8F1000FB8BF22F8027CF0E721B1B6F93B
:1056500000100029B8BF32800236EAE7236CB4F8A4
:105660004C2033B1304931489847012822D00228D4
:1056700039D0B4F84C30B4F848209A4233D90133C9
:10568000A4F84C3094F89830C3B9A36D94F8512025
:1056900003EB4203A36594F85110A06D05F022FEC0
:1056A000234B98420AD06FF004031E48636210F047
:1056B000A6FD03E094F89830002BECD0E36B1BB907
:1056C000BDE8F041FFF768BFBFF35B8F55E8003FCF
:1056D0005A1E45E800210029F8D1BFF35B8F012B4A
:1056E000EEDCBDE8F081E36B002B89D094F89830B4
:1056F000002B85D10F4811F0C1FC81E7022F0AD1A0
:1057000005F04AFE0A4B9842EBD004486FF00403C0
:105710004362143075E7052FE3D171E728060020B6
:10572000007000403C06002050060020B47C0600BB
:105730000000AD0B88060020094BBFF35B8F53E8D8
:10574000002F511C43E800100028F8D1BFF35B8FF5
:105750000AB9FFF721BF6FF00F025A62704700BF0E
:10576000280600202DE9F0430E4685B04FF0FF33A8
:105770007B484FF0FF3208F06FFA77687B1EFE2BF4
:1057800008D96FF01504764810F039FD204605B0B1
:10579000BDE8F08300252C4627FA05F3DA0706D585
:1057A00005F0B6FCE840C307EBD50134E4B201359F
:1057B000082DF1D1002CE4D0337C083B062BE0D837
:1057C00001A252F823F000BF0358050083570500DB
:1057D0000758050083570500E55705008357050066
:1057E0000B5805000221012C727C10D0002AC8D170
:1057F0005C4B002083F898005B4B384605F0A4FC16
:1058000039E00021EFE70121EDE70321EBE7082A6A
:10581000B7D8DFE802F00505050505050505050013
:105820003368002BE4D0186801387F28E0D88DF861
:10583000082000228DF809201B885A1E7F2A0BD9C8
:105840004A494B484B4A40F255230FF0C1FC4948A6
:1058500040F25521F3F7B8FA1B01424A013BADF87B
:105860000A30012382F898308DF80C3002AA3E4BA2
:10587000384605F0AFFC404B984282D13268630055
:1058800012B1928902FB0333F2689A4264D3354D18
:1058900085F8514095F89830B068A8652146A8462B
:1058A0002BB133689B89013313FB04F4A1B205F0DB
:1058B00019FD314B984281467FF463AF37460FCFD5
:1058C0002E4C0FC43B68236000276F623368002BA7
:1058D0003FD00FCB261D86E80F00EB6BAE62A5F81C
:1058E0004C70B3B3BFF35B8F58E8003F48E80072D9
:1058F000002AF9D1BFF35B8F95F89810E9B9E86BEE
:105900001F4E204A4FF40047E0FB0761002330465A
:10591000D2F7F0FB0022CDE90001002304F12800BA
:105920000AF050FD18484FF0FF324FF0FF3308F0F7
:1059300093F900B168626C6A25E705F02DFD4845D2
:10594000F0D06FF00403A4F124006B6210F057FC58
:10595000E8E7FFF721FEE5E76FF00B0413E700BF70
:105960002C06002028060020D9550500348D07009C
:10597000D2410700048D07000000AD0B5006002047
:105980003F420F0040420F003C06002037B50C4656
:105990000A490B4A411A4023009349110546234600
:1059A000084810F02EFC011E05DA2846234603B0F5
:1059B000BDE83040184703B030BD00BF687A002012
:1059C0006B6206004C7B0600C9B2012908B509D9F3
:1059D00008490948094A7F230FF0FAFB07487F214D
:1059E000F3F7F2F903690C2201FB0233986C00F023
:1059F000070008BDA98D0700D24107006C8D070084
:105A000070B5C9B2012903690BD918491848194A58
:105A100040F2D1130FF0DCFB164840F2D111F3F73E
:105A2000D3F9EFF31185402484F31288BFF36F8F0D
:105A30000C2606FB0134A46C14F0C00408D0A2426A
:105A400006D085F31188BFF36F8F4FF0FF3070BD24
:105A500071430B4401229A6485F31188BFF36F8F61
:105A600043680B445B6898470020F0E7A98D070066
:105A7000D24107006C8D070070B50D460649411AEA
:105A80000446491105484022FFF7BAFF2B4601465C
:105A90002046BDE870401847687A00204C7B06001D
:105AA000002270B5012104461046FCF777FC0F4830
:105AB00003F048FF0E4B984215D103F053FF2669BF
:105AC0000C4930460FF0FAFC00280BDB0125B564C9
:105AD0002469084904F120000FF0F0FC002801DBE4
:105AE0006565002070BD6FF00400FBE7AD5B05004D
:105AF0000000AD0B808B06001FB500220123CDE90D
:105B00000223094ACDF800D06B46CDF804D010F03E
:105B1000A5FB002805DB4FF480420023684608F00F
:105B20009BF805B05DF804FB8362060010B5EFF347
:105B30001184402383F31288BFF36F8F074A1368E1
:105B400023F00201DB07116002D4012003F0A6FF5D
:105B500084F31188BFF36F8F10BD00BFC07A00209F
:105B600030B4104B0C2202FB003301460020D3E975
:105B700010521864EFF31180402484F31288BFF3AD
:105B80006F8F9C6C04F0C00444F002049C6480F3AA
:105B90001188BFF36F8F1DB12B46034830BC1847E7
:105BA00030BC7047687A00204C7B0600012808B59D
:105BB00006D0032808D098B90F4B9B6C5B0719D10E
:105BC000BDE80840FFF7CCBF0C490D4A0D484FF423
:105BD0003D730FF0FDFA4FF43D710948F3F7F4F807
:105BE0000649074A07484FF441730FF0F1FA4FF4A2
:105BF0004171F2E708BD00BF687A002011990700E3
:105C00006C8D0700D241070010B4EFF311824023DE
:105C100083F31288BFF36F8F1848016841F00204C4
:105C20000460C80708D482F31188BFF36F8F012086
:105C30005DF8044B03F0C2BE4FF08041D1F80C0474
:105C4000D1F80C14C907EED5EFF3118083F3128855
:105C5000BFF36F8F0A498B6C03F0C00343F002035C
:105C60008B6480F31188BFF36F8F82F31188BFF3C9
:105C70006F8F00205DF8044BFFF772BFC07A0020E1
:105C8000687A0020024BC0B203EB4010704700BF9F
:105C9000687A0020F8B53449BFF35B8F06460122CD
:105CA00051E8003F41E800200028F9D1BFF35B8FA5
:105CB000A3B92E492E484B60CB608A60F8F788F86C
:105CC00000280BDA2B492C4A2C484FF429730FF08B
:105CD0007FFA4FF429712848F3F776F806B3731E5C
:105CE000012B37D811F047F90446D0B9244B1B7863
:105CF000BBB14FF080430222C3F8082305464FF0A2
:105D00008047D7F81824D7F81834D20312D59B0748
:105D100001D0012E0ED1BCB185F31188BFF36F8F76
:105D2000F8BDEFF31185402383F31288BFF36F8F23
:105D30000124E4E71CB1284610F05CF9E1E70021FA
:105D4000212009F009FCDCE74FF080430222C3F870
:105D50000423E5E70B49084A084840F2B6230FF050
:105D600037FA40F2B621B6E7647A0020547A002070
:105D7000887A0020B67207006C8D0700D2410700B8
:105D8000D4C900201199070010B5044C2046F7F73C
:105D9000E7FA2046FCF792FE002010BDA15D050049
:105DA00073B5104E8DF807000446032501220DF14E
:105DB0000701002006F032FD20B101233370204698
:105DC00002B070BD3378002BF9D0013D08D011F03E
:105DD000D2F80028EAD10021422009F0BDFBE5E716
:105DE0003570ECE759C00020024883685B6A03B154
:105DF00018477047B87B06000146024883685B6815
:105E0000184700BFB87B060008B5074811F01FF817
:105E100038B10648FCF752FE0448F7F7A1FA002013
:105E200008BD6FF01200FBE7B87B0600AD6206000C
:105E300038B504460D460820FFF7DEFF3DB92020A7
:105E4000FFF7DAFFBDE838400820FFF7D5BF0A4862
:105E50000FF054F92544EDB2607804F8010BFFF718
:105E6000CBFFE3B2AB42F7D12020FFF7C5FFBDE87F
:105E7000384002480FF042B9F68D0700FA8D07004E
:105E80002DE9F74F9C4F9D4ED7F80880D8F83C304D
:105E9000BBB138469847002813DDD8F8383083B1B5
:105EA0003846984700280CDDD8F82C304BB13846DE
:105EB0009847002805DBE9D0D8F8103023B9FFF760
:105EC00093FF03B0BDE8F08F01220DF107013846C2
:105ED00098470028F3DB336893B3BFF35B8F884C9C
:105EE0002368BFF35B8F13F0020F234600F0D680C8
:105EF0009DF80750D6F80090BFF35B8F53E8002F52
:105F000022F0040143E800100028F7D1BFF35B8FB3
:105F100050072AD57B4BDFF8F8A15B5D13F0040F27
:105F200018D10123CAF80030482D5CD8422D5CD925
:105F3000433D052D59D8DFE805F07665589458851E
:105F4000714B18680022002307F07EFD30600028A6
:105F5000C3D1B6E70821204610F099F96B4B303DCC
:105F60000022CAF800501A6090E7BFF35B8F2368E5
:105F7000BFF35B8F1907D7D5624B5B5D5A0710D50E
:105F8000BFF35B8F2368BFF35B8F13F0100F14BF59
:105F90005E4A5F4A13680A2101FB0353303B1360DA
:105FA00074E73B2D18D0BFF35B8F54E8003F23F01C
:105FB000080344E80032002AF7D1BFF35B8FBFF338
:105FC0005B8F54E8003F23F0100344E80032002ABE
:105FD000F7D1BFF35B8FA7E71021204610F057F9E8
:105FE000C306E0D452E77E2D44D0BFF35B8F54E864
:105FF000003F23F0020344E80032002AF7D1BFF348
:106000005B8F43E74348424A037811688B42ECD3E5
:10601000414D2A785B1A52FA81F203703F482A7088
:106020000FF06CF8E1E73C48394B027819688A4276
:10603000DBD3CBB2D21A0270364A10780344137005
:106040003748EDE7334D29780029CED033480FF09B
:1060500055F8314A137829780B44137000232B70BC
:10606000C3E72D4D29780029BFD02D480FF046F801
:10607000284AEFE7284D2B78002BB6D0284801217D
:106080000FF03CF8234A2978107809F10509013905
:10609000C9B248442970FFF7CBFEA6E7BFF35B8F78
:1060A00054E8003F23F0010244E800210029F7D121
:1060B000BFF35B8F13F0010F9DF807500BD05B2DE2
:1060C0007FF4E4AE0221204610F0E1F804212046DE
:1060D00010F0DDF8DAE60B4B5B5D13F0970F6CD137
:1060E0000D2D1FD8072D2ED9083D052D2BD8DFE803
:1060F00005F01D53342A2A38B87B0600C47A0020E4
:10610000D07A002014BE0700DC7A0020C87A002074
:10611000CC7A00205CC000205BC00020FE8D070010
:10612000048E07001B2D13D07F2D0CD13B4A137812
:106130004BB1013BDBB213703068394A053311783B
:106140001844FFF775FE374B9DF807201A709DE63F
:106150000121204610F09BF8F5E7324B1B780D2B00
:10616000F1D0DFF8B8902E4D99F8001033682A78F6
:106170000B44134400245C710D20FFF73DFE0A2000
:10618000FFF73AFE284B3168186889F800402C70F8
:1061900010F0B8FE3460D6E7244B1B68002BD2D039
:1061A0001F4A1278002ACED11C4C30682178053065
:1061B0009847237818442070C5E7194A174B14787C
:1061C00093F800B004EB0B027E2ABCDCD6F800A0EA
:1061D0000BF1010228461A70FFF70EFE0AEB0B03C3
:1061E0000CB95D71AFE793F8059011485D710EF041
:1061F00085FF0BF1060B013CDA44E4B2013C484652
:10620000E4B2FFF7F9FD4B46FF2C9AF800900AF82C
:10621000013BF3D107480EF071FF94E75CC000200A
:106220005BC000205AC00020D87A0020D47A002019
:10623000F68D0700FA8D0700164B73B51860164BE4
:106240001960164B1A60FFF7CFFD154DAC68A369B6
:106250000BB128469847236C1BB112491048002205
:1062600098470F4EE36A23B9AB681B6A73B902B053
:1062700070BD304698470028F6DD2369002BF1D029
:1062800001220DF1070130469847EBE70448984793
:10629000EDE700BFDC7A0020D87A0020D47A002015
:1062A000B87B0600815E0500024B0B600123136082
:1062B000704700BFE07A002000487047A48B0600BA
:1062C00038B505460A200C46F8F7BEFD58B10A4B12
:1062D00043610A4B0462C0E90635052303740023B9
:1062E00043748374C374064900234FF421520FF0A2
:1062F0001DFC6FF0150038BD0A8E0700708E070078
:106300006481060010B5012211460648064C10F0C3
:1063100004FE10F01CFC206010F015FC60600020F2
:1063200010BD00BFE87A0020E07A00204FF08042E4
:10633000D2F81015D2F8103501F01E0123F01F031A
:106340000B4343F00103C2F81035024B00221A70D0
:10635000704700BF5DC000204FF08053D3F830314C
:10636000082B20D14FF08042D2F81015CB071AD558
:10637000D2F8103501F01E0123F01F030B43C2F8C1
:106380001035D2F808315BB1D2F8103523F01F0375
:106390000B4343F00103C2F810356FF08B007047D8
:1063A000024B01221A700020704700BF5DC0002020
:1063B0002DE9F0410E46154610F0C5FB294607466B
:1063C00030460FF0BFFFB0460446002846D0B6FB6B
:1063D000F7F307FB136323B9B5FBF7F407FB14547A
:1063E000C4B10A20F8F730FD58B1254B4361254B65
:1063F0000562C0E9063605230374002343748374E1
:10640000C374214900234FF421520FF08FFB6FF02A
:1064100015041DE0AF421BD84FF0FF324FF0FF33A1
:106420001A481B4F07F018FC10F08DFB0646FFF7CB
:1064300093FF044678B9404604F020F83B780BB14E
:10644000FFF774FFAD1BB044F1D1104807F086FB95
:106450002046BDE8F0816FF08B04F6E70A20F8F7DC
:10646000F3FC0028CDD00B4B4361064B0562C0E91D
:1064700006360523037444748474C474C1E700BFF2
:106480002B8E07008F8E070064810600E87A0020BB
:106490005DC000200A8E07002DE9F8430E46304605
:1064A000194617461C460FF04DFF0546C8B90A208D
:1064B000F8F7CAFC50B12C4B43612C4B0462C0E985
:1064C00006360523037445748574C5742849002372
:1064D0004FF421520FF02AFB6FF015042046BDE85F
:1064E000F88346EA040515F0030511D00A20F8F7F1
:1064F000ABFC0028EAD01F4B43611C4B0462C0E98F
:10650000063605230374002343748374C374DDE7E4
:10651000002CE3D01848DFF868904FF0FF324FF0BE
:10652000FF3307F099FB24F00304A54205EB0608AE
:1065300009D1124AD2F80034DB07FBD500240E48FB
:1065400007F00CFBCAE7FFF707FF50B9795940463F
:1065500003F0CCFF99F800300BB1FFF7E7FE0435EC
:10656000E3E76FF08B04EAE70A8E07007F8E0700EF
:10657000648106004E8E0700E87A002000E00140AA
:106580005DC0002010B5036961B92049204A214847
:106590003F230EF01DFE20480EF01AFE3F211C483E
:1065A000F2F712FC486850B91C49194A19484023AF
:1065B0000EF00EFE1A480EF00BFE4021EFE7586871
:1065C000F8B1884219D19C6808685860A14200D18E
:1065D0009860002008602AB15A680A609A68596079
:1065E00002B99960002010E0814206D1086820605D
:1065F00098688142EDD19C60EBE704460068002872
:10660000F2D1002AE8D16FF0150010BDFF8E07000F
:10661000C38E0700D2410700088F0700178F0700BD
:10662000298F070070B545682B690646B3B1103550
:10663000284603F0ABFD044680B90146284603F026
:1066400071FD0B4B98420FD10A492246284603F0B0
:1066500037FD224605210620FBF7A0FE30460649FD
:10666000BDE870400FF00FBB6FF0040070BD00BFBD
:106670000000AD0B9D690500ED63060008B50368D9
:106680005909024614D0012906D103F01F034FF621
:10669000FF71D940C80713D40B490C480C4A40F28B
:1066A000CA330EF095FD0A4840F2CA31F2F78CFB6E
:1066B0004FF0FF31D940C907EED54FF0A04000E0C0
:1066C0000448136008BD00BF495C0700D2410700C1
:1066D000165C070000030050F0B54068057B01F030
:1066E0001F0444EA4514056987B0002D78D0B2F53F
:1066F000001F00F1100506D12146284610F007FAC8
:10670000002007B0F0BD01AE0027B2F5800F019761
:10671000776034D1B3F1007F14BF052304238DF8D3
:1067200004300023CDE9046303938368CB40D90789
:106730003AD4B2F1A07F37D168460094FFF79EFFAC
:10674000009B03F5E07350F82330DB072CD46A4636
:106750002146284603F0BAFC244B98421AD0CDF8C3
:1067600008D003AA2146284603F072FB204B98422A
:1067700039D101222146284603F022FDC0E7B3F1BA
:10678000C06F05D0B3F1007F14BF01230223C6E719
:106790000323C4E76946284603F00AFD144B9842D8
:1067A000DDD06FF00B00ACE76A462146284603F0C7
:1067B0008DFC0F4B98420646D3D19DF80010284619
:1067C00003F0EEFCB042CCD00A490B480B4A40F231
:1067D000E1130EF0FDFC094840F2E111F2F7F4FA82
:1067E0006FF085008DE76FF015008AE70400AD0BB0
:1067F0000000AD0B6C8F0700D2410700408F0700EF
:106800002DE9F043466840F20635337BD00687B069
:1068100001F01F0702EA050547EA431754BFC2F318
:1068200040130323B5F5837F14468DF8033044D01D
:106830000FD8062D18D007D8B5B1022D3FD06FF074
:10684000150007B0BDE8F083B5F5807FF7D10125CD
:106850000AE040F20222954233D0B5F5407F32D0B3
:10686000B5F5007FEBD1022522032ED572680123F6
:106870008B40C2F8083533697BBB03A80397FFF749
:10688000FDFE039B00EB830084F48033C3F30043DD
:10689000C4F34044D0F8002744EA43049DF8033091
:1068A00022F4E16244EA830422F0070244EA052369
:1068B0001343C0F800370020C3E70725D4E70425B9
:1068C000D2E70525D0E70325CEE7630341BF0123C7
:1068D00072688B40C2F80C35CDE710360DF102021C
:1068E0003946304603F0F2FB14F4403F804617D19E
:1068F0003946304610F009F9244B9845DBD19DF814
:106900000210304603F04CFC4045D4D020492148C9
:10691000214ADE230EF05CFC1F48DE21F2F754FA18
:1069200001AB4FF0000903AA39463046CDE90439DE
:10693000CDE90199CDF80C9003F08AFA134B9842F7
:106940007FF47DAF14F4003315D09DF803308DF83B
:106950000E3084F48034C4F300444B4603AA394615
:1069600030468DF80C508DF80D4003F02DFB074B91
:106970009842C1D063E7CDE9043303AA0DF10303C4
:1069800039463046039303F063FAF0E70000AD0B9D
:106990006C8F0700D2410700408F0700420970B595
:1069A000034602D0012A1ED070BD144E32695168D0
:1069B0000029F9D003F01F0301250C689D40002930
:1069C000F2D08A682A4012D04B6873B90C490D4A3C
:1069D0000D4864230EF0FCFB0C480EF0F9FB09484F
:1069E0006421F2F7F1F90A4EE0E7304698471CB10E
:1069F000236821461C46E2E72346FAE7947B06001B
:106A0000F8B10700C38E0700D2410700298F0700A5
:106A1000707B060002780B69012A08D0022A08D090
:106A20004AB9064A1A6203F1100007F097B8044AFF
:106A3000F8E7044AF6E7044AF4E700BF0000AD0BAC
:106A40000100AE0B0200AE0B0100AD0B2DE9F04FC3
:106A500089B002AF9346BB600369FB604368D3F81B
:106A600028A09B8B3B614FF0FF324FF0FF33054670
:106A70000C460FF0EFFCFB6810337B610023786954
:106A80000022002607F0E8F833465E4501D30023D4
:106A900042E0207A010700F1978001365E45D4F884
:106AA00000E00BD2820709D4227D80EA020C0CF0B0
:106AB000010C02F004025CEA020C08D023B90EF0CB
:106AC0006042B2F1005F41D04FF0000801E04FF0AA
:106AD00001086268396903EB020C8C4526D96C46C3
:106AE0008CB0286802A93A4E4E613A4E0A62C1E95A
:106AF00006633B690A46C1E9093040F204638B85AD
:106B0000354B42F8103F002334484FF47151F8F7E9
:106B10007BFB6FF01B03A54628467B610FF09DFCB5
:106B20007B691C371846BD46BDE8F08FC10706D407
:106B30000AEB030071467B6010F0F2FA7B68626832
:106B40001A4493B2B8F1000F27D1D3B9D4F800900A
:106B5000A3884FF00008BA68217A009228464A4676
:106B600000F09CF8031ED7DB4FF44D7278690023C8
:106B700007F072F840B1284600F034F86FF00403D3
:106B8000CAE79846D146E6E7FB68154A1B6A934276
:106B9000F4D1237ADB0702D400230C3475E7CA450D
:106BA000FAD123460AE0A8EB0201D8687B601FFAFD
:106BB00081F819FA81F110F0B3FA7B685A689045B0
:106BC000A3F10C03EFD2E7E76FF08503A4E700BF62
:106BD000A08F07006F900700070000018481060066
:106BE0000000AD0B73B5446823680DF10701D3F8BD
:106BF0000855D3F80C650FF031F89DF8073013B93C
:106C0000204605F043F83146284605F0F9FC9DF88A
:106C10000710054629B9606A0FF022FC204605F0EE
:106C20000FF8044B9D4214BF6FF00F00002002B01C
:106C300070BD00BF0000AD0B10B511F0010443683A
:106C400018D1C1F34201012917D002291CD0082014
:106C5000F8F7FAF840B10E4B43610E4B8361032302
:106C6000037444748474C4740B4900234FF4C252F7
:106C70000EF05CFF6FF0150005E01B684FF0CC7262
:106C8000C3F82425002010BD1B684FF0C862F7E749
:106C9000A19007008991070084810600F0B587B0B4
:106CA000476816460C46122200210DF106001D46CB
:106CB00010F044FA0496BE8D029504F001038DF89D
:106CC0000430AE42BDF830308DF8053019D20A20BC
:106CD000F8F7BAF858B1164B4361164B0662C0E993
:106CE000063505230374002343748374C374124967
:106CF00000234FF421520EF019FF6FF01B0007B074
:106D0000F0BD84F00202C2F34002520101A93846EC
:106D100005F04AF8094B984207D00B33984214BF4C
:106D20006FF004006FF00F00E9E70020E7E700BF15
:106D3000B79007006E910700848106000000AD0B3C
:106D4000B0B5456800AF2B6A04469847686A0121D0
:106D50000FF086FB2346AA6905F10801284604F0D6
:106D60002BFF114B984219D023686C468AB06A46B3
:106D70000E4951610E49C2E9061340F201331384F2
:106D80000C4B42F8103F0C4800234FF41151F8F718
:106D90003BFA6FF00400A546BD46B0BD074920464A
:106DA0000EF071FFF8E700BF0000AD0B0291070085
:106DB000549107000400000184810600AB640600C2
:106DC00013B50DF1070144680EF048FF9DF8073038
:106DD00003F0FD03012B17D00820F8F735F848B170
:106DE0000C4B43610C4B83610323037400234374F6
:106DF0008374C374094900234FF4C2520EF096FE07
:106E00006FF00F0002B010BD204604F089FF002093
:106E1000F8E700BF2691070038910700848106003B
:106E200008B503685909024614D0012906D103F0B8
:106E30001F034FF6FF71D940C80713D40B490C4804
:106E40000C4A40F2CA330EF0C3F90A4840F2CA3184
:106E5000F1F7BAFF4FF0FF31D940C907EED54FF037
:106E6000A04000E00448136008BD00BF495C070073
:106E7000D2410700165C0700000300502DE9F04FD7
:106E8000934685B0824600EB810640F2FF175645D7
:106E900003D1002005B0BDE8F08FDAF800305804C7
:106EA000C3F3C322C3F3080478D43F491B0E0B3B42
:106EB0008D5CBC4208BF4FF0FF340E2B71D8DFE869
:106EC00003F0083A7070707070707070703D5356B7
:106ED0005900CBF80845002D4FD1611C4FD04FF021
:106EE00000090625DAF80030019303F40042002A75
:106EF00003A816BF4FF00009C8464FF001080394DD
:106F0000FFF78EFF039C019B00EB8400C3F3412C31
:106F1000D0F800472B0224F4413443EA8C0324F4D4
:106F2000437443EA090324F00304234343EA480378
:106F3000C0F8003723E0CBF80C45CCE7CBF8604530
:106F4000621CDAF800301AD0C3F30043039403A89C
:106F5000C3B9FFF765FF039B012202FA03F3C0F8F0
:106F60000C354FF00109BDE7CBF86445E8E7CBF8F5
:106F70006845E5E7CBF86C45E2E7631C0BD10AF105
:106F8000040A84E7FFF74CFF039B012202FA03F394
:106F9000C0F80835E5E74FF00009A3E76FF01500EA
:106FA00078E76FF0850075E7A1910700032908B520
:106FB0000BD908490848094A40F23D330EF008F958
:106FC000064840F23D31F1F7FFFE01F5AC7150F893
:106FD000210008BDDB910700D2410700A9910700FD
:106FE00008B503685909024614D0012906D103F0F7
:106FF0001F034FF6FF71D940C80713D40B490C4843
:107000000C4A40F2CA330EF0E3F80A4840F2CA31A3
:10701000F1F7DAFE4FF0FF31D940C907EED54FF056
:10702000A04000E00448136008BD00BF495C0700B1
:10703000D2410700165C07000003005098B50446D3
:1070400000AF002201211C20FBF7A8F9606823692A
:10705000134A00F1080103F0FDFC124B984219D0CD
:1070600023686C468AB06A460F4951610F49C2E9EC
:10707000061340F2013313840D4B42F8103F0D48C4
:1070800000234FF41151F8F7BFF86FF00F00A54639
:10709000BD4698BD084920460EF0F5FDF8E700BF53
:1070A000ED6406000000AD0B029107004792070057
:1070B00004000001DC810600196506002DE9F34794
:1070C000BDF8289046680569032980460F46924618
:1070D0001C4609F0010912D90820F7F7B5FE50B196
:1070E0005D4B43615D4BC0E9063704230374002305
:1070F00043748374C37400234FF4015223E0B37FBD
:10710000012B4FF0010104BF64084FEA520AB94055
:10711000002C77D0A24578D92B689A452BD02879B6
:10712000884318D00820F7F78FFE48B14C4B4361D5
:107130004C4B836103230374002343748374C3742F
:1071400000234FF4C25248490EF0F0FC6FF01500D6
:1071500002B0BDE8F0875346B3F5004F42D2C5F800
:1071600000A06871326896F81EC0C2F80C05C2F81B
:1071700004C5C2F808356B7924FA03F39BB20120E9
:10718000D8F8042089F0010C926A43EACC3322F843
:1071900017305FFA81FA002845D13068F9B2FFF75D
:1071A00005FF00280FDBB9F1000F51D0B4FA84F4C9
:1071B000640974BB019001A8FFF712FF019A012333
:1071C0009340C0F80C35297921EA0A01297179B375
:1071D000AB79ABBB1023012206F12801304603F046
:1071E0005FFC2BE0013008284FEA5303B4D1F7F7D6
:1071F0002BFE00283FF47FAF1C4B4361194BC0E9C5
:10720000063A72E720462346BAE7002047F6FF73A6
:10721000B6E7019001A8FFF7E3FE019A012393402E
:10722000C0F80835CFE72B794AEA03032B71CFE783
:10723000D8F8040003F09EFC0123AB71002087E71F
:107240000023AB71304603F0CDFC0028FAD0C1E733
:10725000003C18BF0124ACE7E79107006E920700DD
:107260000092070055920700DC8106001992070082
:1072700038B570B1074C084A4FF400450021E0FBD7
:10728000054100232046D0F735FFBDE8384008F01F
:1072900063B938BD3F420F0040420F0010B50123D3
:1072A00003FA01F1436804691B6819420ED10E49C3
:1072B0000E4A0F4840F28D630DF08AFF0D480DF025
:1072C00087FF0A4840F28D61F1F77EFD236819427D
:1072D00018BF82F0010222B18368DB68BDE810406C
:1072E000184783681B69F9E7944107006341070069
:1072F000D2410700EF410700F8B5446800AF0546EA
:107300000FF056F9A06A28B9002128460FF0C9F9F4
:10731000BD46F8BD0FF09BFD0346C0B9A26A6C469E
:107320008AB011686A462F4850612F48C2E90601A9
:1073300040F2013111842D4942F8101F2C484FF4BE
:107340001151F7F761FF6FF01200A546E0E7E68DF7
:10735000A06A94F82C1046F4003206F03004302C69
:10736000D0E9013ED0F810C00ED12249224A23486C
:1073700040F2E2330DF02CFF21480DF029FF40F2DE
:10738000E2311D48F1F720FD06F00604042C09D176
:107390001C49194A194840F2E9330DF019FF40F22F
:1073A000E931EEE71B6801248C401C420CD11649E0
:1073B000114A12484FF47F730DF00AFF13480DF085
:1073C00007FF4FF47F71DCE7DCF80030F6074CBFB5
:1073D0002343A343CCF80030DEF800309847002860
:1073E00092DA95E798920700B49207000400000132
:1073F000E4810600A95A070063410700D241070053
:10740000E25A07001F5B070094410700EF410700A5
:1074100008B5064801224FF4805102F00FFA0448E3
:107420000122042102F00AFA002008BD00F0032026
:107430007C7F002070B40E49D1E90034D01AC31803
:1074400044F1000422F07F46C1E90034A6F50013A0
:10745000B3F5400F09D2074B1B681A0A1B069C198B
:10746000054B42F10005C3E9004570BC08F000BEC1
:1074700060540020C47B0020685400200D4B186825
:10748000010A0006BFF35F8F0B4BD3F804351818C1
:1074900041F10001B3F5801F0AD2084BD3E9002364
:1074A000904271EB030303D210F1807041F10001AF
:1074B000704700BFC47B00200010014068540020CA
:1074C0002DE9F7432B4CD4F8043399070BD5D4F8A6
:1074D000043143B1284A0023C4F80431D4F80431FC
:1074E000136801331360D4F80433DA0323D5BFF3F0
:1074F0005B8F224B53E8002F22F0010143E800107C
:107500000028F7D1BFF35B8FD30702D4D4F8403102
:107510008BB10025C4F84051D4F84031FFF7AEFFDD
:10752000EFF3108272B6164BD3E90267B042B9414D
:1075300004D282F3108803B0BDE8F0834FF0FF3827
:107540004FF0FF39C3E90289D3E900101D604FF401
:107550008033C4F84833C4F84051D4F8403182F342
:1075600010880029E7D0009032463B4628468847DD
:10757000E1E700BF00100140C47B0020BC7B00207D
:10758000505400202DE9F84F4B4DBFF35B8F06465A
:107590000F4655E8008F28F0010345E80032002A25
:1075A000F7D1BFF35B8F454C4FF48039C4F8089393
:1075B000BFF35F8FBFF36F8FFFF760FFB04271EBD8
:1075C000070308F0010840D23D4B301A67EB010178
:1075D000984271F100014CD23A4BD3E902239F4209
:1075E00008BF96423ED04FF0000CC4F84893C4F850
:1075F00040C126F07F40D4F84031DFF8D8A0834660
:1076000003216FF0020E2BF07F43C4F84035C4F81D
:107610004493D4F80425AEEB02035B4423F07F438C
:1076200053451FD9D4F840315BB1D4F80425131A5F
:1076300023F07F43B3F5000F14D9C4F840C1D4F848
:10764000403101EB020B0131DDE71F4BBFF35B8FD4
:1076500053E8001F41F0010143E80012002AF7D16E
:10766000BFF35B8F174B194A1A60C3E90267002208
:107670005A60B8F1000F1CD0BFF35B8F55E8003F94
:1076800043F0010345E80032002AF7D1BFF35B8FD6
:107690004FF48033C4F804330B4BBFF35B8F1B688C
:1076A000BFF35B8FDB0742BF094B4FF40032C3F8D7
:1076B0000021BDE8F88F00BFC07B00200010014012
:1076C0000100800050540020BC7B00203574050070
:1076D00000E100E0FDFF7F0070B5194C194BC4F8C4
:1076E0000833C4F84833184B00254FF0FF304FF0F3
:1076F000FF31C4F80855C3E902014FF48033C4F8E0
:107700000433124B02264FF40032C4F80463012103
:10771000C3F8802111202A46FAF740FE1120FAF71B
:107720000DFE01230A4AA36000212360094813606B
:10773000FFF728FF3046FEF7ADFA284670BD00BFC0
:107740000010014003000F005054002000E100E051
:10775000C07B0020FFFF7F00431C10B50F4C05D0FD
:107760008442A8BF0446012CB8BF0124FFF786FE5F
:107770000B4AD2E90031C01AB0F5000F074A0AD20D
:107780002044904228BF1046C018BDE8104041F187
:107790000001FFF7F7BE1046F6E700BFFFFF7F00CE
:1077A0006054002008B5FFF769FE024B1B68C01A41
:1077B00008BD00BF6054002010B5084C0123636071
:1077C0001120FAF7C9FD064BC4F80833C4F8483352
:1077D000044B4FF40032C3F8802110BD001001406B
:1077E00003000F0000E100E037B503460D461C69B9
:1077F000406894F825303BBB0B7B022B27D10B68EC
:10780000FBB994F824204B68C2B9144A591E91421E
:1078100017D823620DF1070104F03CFE104B98428B
:1078200018D0AB689DF807000BB144F8203094F8ED
:107830002430013384F8243003B030BD226A9A42E8
:10784000E8D06FF01500F7E76FF00F00F4E76FF086
:107850008500F1E76FF00B00EEE700BFFEFFCF07FA
:107860000200AD0B30B585B0046945680023019373
:10787000CA070393236A02935CBF012301938B071A
:1078800058BF019B01A958BF43F00803284658BFC1
:10789000019304F0A9FD074B984208D1284604F053
:1078A000CDFD012384F82530002005B030BD6FF0F8
:1078B0000F00FAE70000AD0B10B50022446801216B
:1078C0001020FAF76BFD00231946054A204604F004
:1078D00071FD044B984214BF6FF00F00002010BDE3
:1078E000E97805000000AD0B2DE9F0410B4E0C4F7F
:1078F0000C464FF001080CB9BDE8F08194FAA4F5EC
:10790000B5FA85F556F8253013B12946384698471B
:1079100008FA05F524EA0504EDE700BFC87B00205E
:10792000DC7B060008B5064B187A064BC3F8100539
:107930000FF02DF810B1044B1860012008BD00BFF6
:10794000F47C002000100040007C0020044A00234A
:10795000C2E908339362034AC2E90833936270476D
:10796000BC7C0020907C0020074B1B68D3F80423CC
:10797000920308D50022C3F84421D3F84431034BC5
:107980001B6803B118477047F4090020F47B0020FE
:1079900008B5084B1B6801221A61CFF71FFCCFF70F
:1079A00017FC01F0E5F80320CFF71EFCBDE8084006
:1079B000CFF7FCBBF409002038B500280E490F486A
:1079C0000F4D40F2044408BF4FF48064CFF7F4FB3E
:1079D00038B9CFF7E5FB01F0AFF82B68C3F80042E8
:1079E00038BD084BDB7C002B2B680CBF8122282282
:1079F000C3F84825F1E700BF7C090020AC0900204E
:107A0000F4090020F47C0020EFF31181402383F37C
:107A10001288BFF36F8F074A936A013B9362536AE0
:107A20000133082B28BF0023536281F31188BFF371
:107A30006F8F7047BC7C00202DE9F843204BDFF8A6
:107A400090901A78012A80460F4609D199F80030A3
:107A5000482B32D81B4A116A52F82120137006E0D5
:107A6000184A116A52F82120597821BB1170154D1E
:107A700015492C6A55F824603046013410F8052B5E
:107A80000FF04EFB114B86F80180D3F84835377163
:107A900003F07F03B37099F80130DB4303F0010377
:107AA000F370AB6A082C28BF002401332C62AB6250
:107AB0000120BDE8F8835B7CD0E70020F9E700BF38
:107AC000F47C0020907C002037C90020001000408A
:107AD00035C900201FB5174B93F90A001B7A013BEB
:107AE000DBB2032B9CBF144AD25C144BDB7C4FF0FF
:107AF000000188BF0522009103F5166303A9CFF7A3
:107B00007FFB9DF80D00CFF775FB58B10C490D4870
:107B10000D4A40F2A6330DF05BFB0B4840F2A63154
:107B2000F1F752F99DF80C20084BC3F80C2505B06D
:107B30005DF804FBF47C00205E940700DC09002063
:107B400011990700D24107007D9307000010004003
:107B5000837842781B0443EA022302781343C278F5
:107B600043EA0253027943EA8253427943EA0263C9
:107B7000827943EA8263C27943EA4273094AC2F8CE
:107B80001435837A417A1B0443EA0123017A0B43BB
:107B9000C17A43EA0163017B43EA4163C2F81835C5
:107BA000704700BF001000401FB504460D220021A1
:107BB00068460FF0C3FA0A4B00930A4B5B7CE0B2B5
:107BC000013B8DF808008DF809008DF80A306846F1
:107BD00001238DF80B30FFF7BBFF04B010BD00BFD1
:107BE00000010100DC0900201FB50023CDF8093099
:107BF000CDF80130CDF8053003238DF8023008238D
:107C00008DF800300C4B5B7C013B8DF80A3048232B
:107C10008DF80830094B1B7A012293428DF80B2016
:107C200007D18DF805206846FFF792FF05B05DF893
:107C300004FB042BF5D0F6E7DC090020F47C0020DF
:107C4000F8B5674B674F684D3C78684E01221A6063
:107C5000674B5A6A53F82210296014B3012C48D09C
:107C600001242B68634D5A78C5F82C255B78624A4D
:107C7000012707FA03F3DBB2C5F83035D37C40F6B1
:107C8000C41103F516638B4273D95C495C485D4AA5
:107C90004FF4E6630DF09CFA5A484FF4E661F1F7B1
:107CA00093F8594B348008781B68984729683378D3
:107CB0000A79304662F3010300F8023B11F8052B04
:107CC0000FF02EFAFA7C4B4B82B140F21312C3F83C
:107CD00000221022C3F804234C4BFA891A604C4B43
:107CE0004C4A1A604C4B02221A70B9E740F21B1240
:107CF000EDE7CA780023338012B1BC7C84F0010424
:107D00000B7833700B7945485B0003F00603002ABB
:107D100008BF43F00103727822F007021343737027
:107D200011F8052B0FF0FCF9324B39493A4AA4B14E
:107D3000F87C78B140F21310C3F80002334BF88995
:107D40001860344B0B60022313702A4B1022C3F8C7
:107D5000042385E740F21B10EEE740F21310C3F84E
:107D600000022F480860012111701022C3F804237B
:107D700077E7A3F51663C5F8083502F11403BFF3DE
:107D80005B8F53E8001F21F0010143E80012002A35
:107D9000F7D1BFF35B8FFFF79DFE224BC5F804655B
:107DA0000222C3F880213846FAF7C8FA0020C5F845
:107DB0000401D5F80431C5F80801D5F80831C5F833
:107DC0001001D5F81031C5F80C012146D5F80C3159
:107DD00000F0E4FE2046FFF7EFFD134B9F61F8BD76
:107DE000047C0020F47C0020E87C00207FC9002077
:107DF000BC7C002000100040DC090020D29307006A
:107E0000D24107009E930700F07B0020087C0020F1
:107E1000F87B0020D1800500C9C9002081C900205D
:107E20000D80050000E100E000400140034B1B68AD
:107E30004FF40032C3F80823FFF702BFF409002013
:107E4000684620F007018D4619B5144BD3F804237A
:107E5000D2060BD5D3F8102142B10022C3F810216D
:107E6000D3F810310E4B1B6803B198470B4CD4F874
:107E700004331B070BD5D4F80C3143B1084B1B68F6
:107E800003B198470023C4F80C31D4F80C31F9F74A
:107E9000E7FCBDE819408546704700BF0010004070
:107EA000F87B0020684620F007018D4631B5194B5C
:107EB00082B01B680193EFF31181402383F3128892
:107EC000BFF36F8F144B00221D681A6081F3118875
:107ED000BFF36F8F114C2368ABB1E90703D58DF861
:107EE000002068469847AA0705D501238DF8003081
:107EF0006846236898476B0705D502238DF8003044
:107F0000684623689847F9F7ABFC02B0BDE83140FA
:107F100085467047047C00200C7C0020F07C00200B
:107F20000146C80708B506D531480EF021FD314B92
:107F300000BAC3F81C058A0706D52F480EF018FDB5
:107F40002C4B00BAC3F820054B070AD52B4829490A
:107F50000EF00EFDC1F8240529480EF009FDC1F808
:107F600028054FF08053D3F83021082A3ED1D3F8AA
:107F70003431052B3AD8234AD35CBBB31C4B224A7D
:107F80005B7C052B1B4BD3F81C15D3F8200518BFC1
:107F90004FF07F424140114228D1D3F82415D3F845
:107FA0002825C1F30720CBB2834214D0C1F3074088
:107FB000834210D0B3EB116F0DD0D1B28B420AD0F7
:107FC000C2F307218B4206D0C2F307418B4202D095
:107FD000B3EB126F0AD1074AD2F8743723F08073DB
:107FE00023F0010343F08073C2F8743708BD00BF6B
:107FF000DC09002000100040E0090020E409002016
:10800000E8090020629407000000FFFF70B51D4CD6
:108010001D4ECFF7DDF8236801251D6100F0A8FD96
:10802000CFF7C4F80021084600F024FE174A18488C
:1080300013682B431360B36A3BB9164B00221A70C6
:108040004FF48013C0F8003170BDFFF7DDFCB36A58
:10805000002BF2D04FF48013C0F80031204603F01B
:108060009FFC236840F20222C3F8002229462B46D7
:108070001422204603F0B4FC074B084A1A60236818
:108080001D60E1E7F4090020BC7C00200C7C00208E
:1080900000E100E0C9C90020F47B00202D7E05002E
:1080A00008B5CFF795F807490748CFF78BF8074B86
:1080B0001A68D2F8003223F4806323F00403C2F874
:1080C000003208BD7C090020C4090020F40900200A
:1080D000F8B52F4D2F4E0121002000F0CBFD00F010
:1080E00047FDEB7C33B1336801225A60DA6000222D
:1080F000C3F80022284CFFF7D3FF40F21313C4F853
:108100000032336823480127DF60244B1A680023BC
:108110000D32194603F064FCEB7CA9891D48002B45
:108120000CBF812228228A1A0023394603F058FC0A
:108130003368002740F20222C3F80022C3F84071DE
:10814000D3F84021C3F84471D3F8443100F050FE15
:1081500000F028FEC4F80471D4F80431C4F80C719E
:108160002878D4F80C3110B90D4B1B6898470D4B8B
:10817000C4F80435EB7C1BB13268012313606360E3
:10818000094B0A4A1A600A4B03221A70F8BD00BF55
:10819000F47C0020F409002000100040007C002046
:1081A000F07B002035C90020F87B002029820500E3
:1081B000C9C9002038B50D4B0D4CDB7C22680D4D34
:1081C000D2F84425002B0CBF812328231344EB60F5
:1081D00000F0B2FC08492846CEF7EEFF20B923682C
:1081E00040F20442C3F8002238BD00BFF47C0020F6
:1081F000F4090020940900207C09002008B500F053
:10820000B7FCCEF7E5FF0320CEF7EEFF054B1A686B
:10821000D2F8003223F4806323F00403C2F8003262
:1082200008BD00BFF409002070B500F013FECEF7C2
:10823000D5FFCEF7BBFF5D4B5D4CD3F80C215D4EF7
:10824000002A59D0D3F80034DB0755D55A4B1A68A9
:108250004AB12378012B40D1584B5B78C3F34103DB
:108260001279934248D10EF0F7FE554B554D1860E8
:108270002B6843F001032B603268E389524E9B1A4E
:10828000524A01331360B36A0BB1FFF7BDFB237889
:10829000ABB14A4B1A7892B159784D4B434A9B6A1D
:1082A000D2F82C05072BC1F3410108D800F00700D4
:1082B000FFF7C2FB18B12B6843F004032B60B26ACE
:1082C000444B12B1227C012A0ED1434A0021117085
:1082D0004FF48012C3F8002170BD002BC3D1374B7F
:1082E0001B7803F00303BBE74FF48012C3F80021AF
:1082F000BDE87040FFF7A4BC3368384D5A1E3260A9
:10830000354E73B92A6801211161E2890A442F4967
:108310000A602C490A6842F002020A6033702D4B51
:10832000D6E7224B0022C3F80021D3F80021E27CDB
:10833000002A34D040F21312C3F800221E4B1B4C0B
:108340001A68274B10781B689847264BC4F80435E9
:10835000254B264A1A6002233370FFF7BBFBFFF759
:1083600029FF00F0E5FC2B68D3F84421D2B1D4F802
:108370005035DBB2092BAFD0D4F80041002CABD183
:10838000FFF73CFF00F00EFD0121204600F006FC47
:108390000120FFF711FB164B01229A619CE740F286
:1083A0001B12C9E701221A6096E700BF00100040C7
:1083B000F47C0020087C0020E87C002035C90020E7
:1083C000FC7B00200C7C0020BC7C0020047C002076
:1083D000907C002000E100E0C9C90020F4090020E1
:1083E000F07B00207FC90020F87B0020D1800500B1
:1083F0000040014038B5064D2B7803F0FF0423B947
:1084000000F0BCFD2C70204638BD6FF00F00FBE77C
:10841000C9C9002038B5214B214C002501201D6021
:10842000F9F79AFF1420F9F797FF0A20F9F794FF5C
:10843000D4F80032C4F800524FF0FF33C4F80833C8
:10844000C4F81051D4F8103101232361D4F810314D
:10845000002BFBD00025C4F81051D4F8103100F0E7
:108460008DFDFFF795FA0F4803F066FA00F0B0FDB6
:10847000D4F850360C4823F00103C4F850360B4BA7
:108480001D700B4B29461D70FFF760FA20220EF07D
:1084900055FE084B1D605D6038BD00BFF87B0020B5
:1084A00000100040F4090020CA800020C9C9002043
:1084B000CAC900202DC900202DE9FF41044600282B
:1084C00000F015818B4E33780BB1FFF7A3FF8A4B79
:1084D00062681A60894B62691A60894A234604F10E
:1084E0001805174618685968144603C40833AB4288
:1084F0002246F7D10024834B83481C60214620226A
:108500000EF01CFE814B82491C605C60FFF70AFA8A
:108510003B787BB1012B01D17E4B0B607A7A7E4B8D
:10852000012A76D0022A07D07AB9C3F83C25C3F8CD
:10853000342508E0794BF0E74FF6FF70C3F83C05AF
:10854000C3F83425764AC3F838250B68787C9847F9
:10855000714B74484FF0E732C3F81C254FF043329B
:10856000C3F82025704AC3F82425704AC3F828258B
:10857000FFF7ECF96E4A002311460133082B40F84F
:10858000041B01F14D01F8D16A496B480023013306
:10859000082B40F8041B01F14D01F8D14FF0000801
:1085A000664B444608F10108B8F1080F1A601C71C7
:1085B0009C6002F14D0203F10C03F3D12022002153
:1085C0005F480EF0BBFD5F4B5F4A6048019301A915
:1085D000CDE9024403F03CF95D4B9842054620D1B9
:1085E00000F05EFC0546002849D04046F6F72CFC1A
:1085F00040B1584B4361584B836103230374447467
:108600008474C474554900234FF4C2520DF08EFA9D
:1086100031E0FF20C3F83C05C3F8342540F20712CF
:1086200091E74046F6F710FC48B14D4B43614D4B86
:108630004474C0E90635042303748474C474474940
:1086400000234FF401520DF071FA0820F6F7FCFBFD
:1086500048B1454B4361404B8361032303740023BE
:1086600043748374C3743D4900234FF4C2520DF028
:108670005DFA6FF00D05284604B0BDE8F08100F00A
:1086800079FC3A4B244A5860D2F85036F97C23F0F2
:10869000010329BBC2F850367C2381223449CB60C8
:1086A000344B0121DA6008460022F9F777FE0022F8
:1086B00002211420F9F772FE002202210A20F9F7A4
:1086C0006DFE0120F9F73AFE1420F9F737FE0A2073
:1086D000F9F734FE284B00221A7001233370CAE7E1
:1086E00043F00103C2F8503628231A46D6E76FF04C
:1086F0001505C0E7CAC90020F07C0020EC7C0020F2
:10870000F47C00200C7C0020CA8000202DC90020B1
:10871000F07B0020E97B050000100040A97B0500EC
:1087200021100100BC7C0020E743C323A363E313B3
:10873000C5C600205DC40020907C0020307C002055
:10874000107C002040420F0069790500F4090020E8
:108750000000AD0B419407007794070044810600A8
:10876000EA93070068940700179407007C0900202B
:10877000C4090020AC090020C9C90020024B1878A8
:10878000B0FA80F040097047C9C900202DE9F047D0
:108790004B4B1B780446002B00F08580002800F02E
:1087A0008B80484F7B78012B03D1474B1B68002BF4
:1087B0006FD123785A1E472A78D83A7812B97A7C32
:1087C0009A4273D3414DAB6A072B72D86378072B5B
:1087D00072D8EFF31188402383F31288BFF36F8FB1
:1087E0007B78DBB92B6A55F823604D222146304651
:1087F0000EF096FC6178364A535C013303F00303B4
:1088000053546378D35C33712B6A0133082B28BF30
:1088100000232B62AB6A0133AB622DE02D4A0023AB
:108820009246117919BB0C2202FB03F60AEB0609EA
:108830000123C9F808104D2221465AF8060089F88C
:1088400004300EF06DFC6178214A535C013303F073
:108850000303535461785AF80630525C1A716178F8
:108860001D4A52F82130BBB942F82190D2E70133BA
:10887000082B02F10C02D4D188F31188BFF36F8F5B
:108880007B783A7C134304D1144B1B780BB9FFF768
:10889000D7F90020BDE8F0871A469B68002BFBD172
:1088A000C2F80890B6E76FF00C00F3E76FF07900BC
:1088B000F0E76FF00B00EDE76FF01500EAE700BF9F
:1088C000CAC90020F47C0020EC7C0020BC7C002085
:1088D0002DC90020307C0020107C0020C9C9002058
:1088E00038B5254B1B78002B3CD000283DD0234CBD
:1088F000A36A002B3CD0EFF31185402383F3128849
:10890000BFF36F8F636A54F823301A780270636A7A
:1089100054F823305B784370636A54F8233093F93A
:1089200002308370636A54F823301B790371636AE1
:1089300054F82330DB78C370636A54F82310053091
:1089400005310EF0EDFB636A0133082B28BF0023CD
:108950006362A36A013BA36285F31188BFF36F8F43
:10896000002038BD6FF00C00FBE76FF01500F8E752
:108970006FF03C00F5E700BFCAC90020907C0020E2
:1089800010B5094B1B7803F0FF0433B9074B9B6A02
:1089900033B1FFF755F9204610BD6FF00F00FBE72C
:1089A0006FF03C00F8E700BFC9C90020BC7C002084
:1089B00038B5124B1B78F3B1EFF31185402383F3E5
:1089C0001288BFF36F8F0E4A0023C2E90833936207
:1089D0000C4A0824013C1371936002F10C02F9D196
:1089E0002022214608480EF0A9FB85F31188BFF329
:1089F0006F8F204638BD6FF00C00FBE7CAC900201E
:108A0000BC7C0020307C0020107C002038B50E4B50
:108A10001B78B3B1EFF31185402383F31288BFF3C2
:108A20006F8F0A4B0A48002420222146C3E90844DC
:108A30009C620EF083FB85F31188BFF36F8F204695
:108A400038BD6FF00C00FBE7CAC90020907C002005
:108A5000CA80002010B50A4B1B7803F0FF0443B90D
:108A600050B1084B02681A600120FFF759FA2046FE
:108A700010BD6FF00F00FBE76FF01500F8E700BFC7
:108A8000C9C90020DC09002010B50A4B1B7803F08F
:108A9000FF0443B950B1084B02685A600220FFF747
:108AA0003FFA204610BD6FF00F00FBE76FF0150096
:108AB000F8E700BFC9C90020DC09002038B5104B19
:108AC0001B780C4603F0FF059BB9A8B1082913D801
:108AD0000A4601460B480EF023FB0B4AFF23147491
:108AE000C4F10804234104209374FFF719FA2846BF
:108AF00038BD6FF00F00FBE76FF01500F8E700BF1F
:108B0000C9C90020E4090020DC09002064280346CC
:108B100007D8074A127802F0FF002AB9054AD37431
:108B200070476FF0150070476FF00F00704700BF7F
:108B3000C9C90020DC090020094B0A491A78D30072
:108B400003F1804303F5F833C3F810150649C3F861
:108B5000141501239340054AC2F80435704700BF3D
:108B6000CDC900201841014000A0004000F00140A4
:108B7000084B09491B7801229A40DB0003F180432E
:108B800003F5F833C1F808250022C3F81025C3F80F
:108B900014257047CDC9002000F00140F0B52B4BE3
:108BA0002B4C1B782B4FDA0014442B4A0025C2F8BB
:108BB0001851D2F81821294A15788000EA00C0B26D
:108BC00002F1804202F5F83200F1804000F5805059
:108BD000C2F81075C2F81405214A05F5117042F863
:108BE0002040204A20481678F20002F1804202F527
:108BF000F8320124C2F8100500F5973000F58470B2
:108C0000C2F8140504FA06F604FA05F0304369B117
:108C1000164A174E1178CA0002F1804202F5F83266
:108C20008C40C2F810752043C2F814659B0003F114
:108C3000804303F5F8330122D3F80018AA400A4311
:108C4000C3F80028064BC3F80405F0BDCBC90020CB
:108C500004F001401841014000400140CEC900200D
:108C600000F00140CCC9002010110040CDC9002007
:108C700000A00040F0B5294B294E1878294B1A78EE
:108C8000012404FA02F304FA00F51D4300F51177FC
:108C9000C3004FEAC20C19BB03F1804303F5F8335C
:108CA000C6F80855C3F81015C3F8141546F8271070
:108CB0000CF1804303F5F833C3F81015C3F814150D
:108CC000194B1B789B0003F1804303F5F833012116
:108CD000D3F80028814022EA0102C3F80028F0BD41
:108CE000124A127803F1804303F5F83394400021CF
:108CF0002C43C6F80845C3F81015C3F814150CF139
:108D0000804303F5F83346F82710C3F81015C3F86D
:108D10001415D30003F18043CCE700BFCEC9002077
:108D200000F00140CCC90020CBC90020CDC90020F3
:108D3000154B164916480022C3F81821D3F81831EC
:108D4000144B1B78DA0002F1804202F5F832C2F8C7
:108D5000101501F5973101F58471C2F814150E4A0A
:108D60001178CA0002F1804202F5F832C2F810050B
:108D70000A48C2F81405012202FA03F38A40134399
:108D8000074AC2F804357047004001401011004006
:108D900044A10040CCC90020CFC9002000100040F1
:108DA00000F001400F4B1A780F4B1B78012101FA9C
:108DB00002F09940D200DB00014302F180420B48EF
:108DC00003F1804302F5F83203F5F833C0F80815D3
:108DD0000021C2F81015C2F81415C3F81015C3F815
:108DE00014157047CCC90020CFC9002000F0014005
:108DF000134B14491B781448DA0002F1804202F543
:108E0000F832C2F8101501F50F410C31C2F81415F3
:108E10000E4A1178CA0002F1804202F5F832C2F817
:108E20001005A0F511403038C2F81405012202FAED
:108E300003F38A401343064AC2F80435704700BF63
:108E4000D1C900200411004040A10040D0C9002039
:108E500000F001400F4B1A780F4B1B78012101FAEB
:108E600002F09940D200DB00014302F180420B483E
:108E700003F1804302F5F83203F5F833C0F8081522
:108E80000021C2F81015C2F81415C3F81015C3F864
:108E900014157047D1C90020D0C9002000F001404E
:108EA00038B52848284D01F069FCA84204463BD15A
:108EB000264801F063FCA842044635D1244801F05D
:108EC0005DFCA84204462FD1224801F057FCA8427D
:108ED000044629D1204801F051FCA842044623D180
:108EE0001E4801F04BFCA84204461DD11C4801F06D
:108EF0005FFCA042054622D00820F5F7A5FF50B13F
:108F0000184B4361184BC0E9063504230374002352
:108F100043748374C374154900234FF401520CF059
:108F200005FE6FF0120038BD0820F5F78DFF002810
:108F3000F1D00F4B43610C4BC0E90634E5E700204C
:108F4000F1E700BFCEC900200000AD0BCCC9002066
:108F5000CDC90020D1C90020D0C90020CFC9002030
:108F6000CBC90020809407001295070044810600B9
:108F7000A694070000487047101100400E4B0F499F
:108F80001B780978012202FA01F102FA03F30B437C
:108F90000B49097802FA01F10B430A49097802FAF0
:108FA00001F10B43084909788A401343074A43F00B
:108FB0000103C2F808357047CEC90020D0C900208F
:108FC000CCC90020CDC90020D1C9002000F001404B
:108FD00038B5204B187801F0D7FB1F4B9842054657
:108FE0000ED01E491E4A1F4840F235130CF0F0F80F
:108FF0001D480CF0EDF81A4840F23511EFF7E4FE89
:109000001A4B187801F0C0FBA8420446E9D1184B6E
:10901000187801F0B9FBA0420546E2D1154B18784B
:1090200001F0B2FBA8420446DBD1134B187801F0E3
:10903000ABFBA0420546D4D1104B187801F0A4FB3D
:10904000A8420446CDD10E4B187801F0B7FBA042E0
:10905000C7D138BDCEC900200000AD0B1199070063
:10906000CE940700D2410700F3940700CCC900203A
:10907000CDC90020D1C90020D0C90020CFC900200F
:10908000CBC900204BB1F0EC017AB1EC017A77EE5C
:10909000877A013BE2EC017AF5D17047BAB100EB77
:1090A0008202F0EC017AF4EEE70AF1EE10FAB0EE8B
:1090B000607AB4EEE70A06D4F1EE10FAB4BFB0EE6F
:1090C000677AB0EE407A8242A1EC017AE9D170472A
:1090D000DFED067A3AB1F0EC016AB1EC017A013ABF
:1090E000E6EE877AF7D1C3ED007A70470000000002
:1090F0003AB1F0EC017A67EE807A013AE1EC017A5C
:10910000F7D170474BB1F0EC017AB1EC017A77EE10
:10911000C77A013BE2EC017AF5D17047DFED3A7A8C
:109120009FED3A6A3A4A9FED3B7A60EE277A00B5A6
:10913000F0EEE77AFDEEE76AF0EE002AF8EEE66A76
:10914000B0EE081A77EEE67AB5EEC00A67EE867AD8
:10915000F1EE10FAFCEEE76A16EE903AC3F308035C
:1091600006EE903A02EB830E03F1800C9EED016A4D
:10917000DEED004AF8EE666ACCF3080C02EB8C03D5
:1091800077EEE67A93ED014AF1EE646AB0EE465A64
:1091900036EE642A76EEC63A96EEA25A26EE876A34
:1091A000D3ED006AF0EE445AE6EEA25A74EE661A67
:1091B00032EE023A71EEA12A36EE844A67EE655A23
:1091C000D3EE872A27EE455AF0EE433AD4EE073A1B
:1091D000E2EE015AA1EE815AE7EEA35AA7EEA25A97
:1091E00026EE877AA7EE856AA7EEA57AE7EE866A6D
:1091F000E7EE874AC1ED006A48BFF1EE644AC0ED70
:10920000004A5DF804FB00BF610B363B00000044E0
:10921000348D0600DB0F493CF5EEC00AF1EE10FA82
:1092200014DC56D4F5EE400AF1EE10FA40F031812C
:10923000B5EEC00AF1EE10FA00F3948040F12981F6
:10924000DFEDA87AC0ED007A00207047C0EE207AEA
:10925000F7EE006AF5EEC07AF1EE10FA48BFF1EED3
:10926000677AF4EEE67A4CBF01230023F1EE10FAA0
:109270007BDD86EEA77ADFED9C2A9FED9C3ADFED41
:109280009C3A9FED9C4ADFED9C4A9FED9C5ADFED96
:109290009C5A9FED9C6ADFED9C6ADFED9C7AA7EEFD
:1092A000223AE7EE033AA7EE234AE7EE044AA7EE96
:1092B000245AE7EE055AA5EE876AE7EE066AE7EE5E
:1092C000667A002BBED0F1EE677AC0ED007A0020FE
:1092D0007047B5EEC00AF1EE10FA6BDDC0EE207AF1
:1092E000F7EE006AF5EEC07AF1EE10FA48BFF1EE43
:1092F000677AF4EEE67A4CBF01230023F1EE10FA10
:1093000040F39F8086EEA77ADFED772A9FED773ACC
:10931000DFED773A9FED774ADFED774A9FED775A99
:10932000DFED775A9FED776ADFED776ADFED777AC9
:10933000A7EE223AE7EE033AA7EE234AE7EE044A05
:10934000A7EE245AE7EE055AA7EE256AE7EE066A6D
:10935000E7EE667A0BB1F1EE677A9FED6D7A77EE04
:10936000877A6FE7DFED697A6CE7DFED5F6A9FED83
:109370005F7A9FED5F4ADFED5F4A9FED5F5ADFED59
:109380005F5A9FED5F6AA7EEA67ADFED5E6AA7EEF1
:10939000874A9FED5D7AE7EE844AA7EEA45AE7EE8E
:1093A000855AA7EEA56AE7EE866AA7EEA67A67EE6B
:1093B000877A86E702D4DFED567A43E7C0EE207A5B
:1093C000F7EE006AF5EEC07AF1EE10FA48BFF1EE62
:1093D000677AF4EEE67A4CBF01230023F1EE10FA2F
:1093E0005ADD86EEA77ADFED402A9FED403ADFEDA9
:1093F000403A9FED404ADFED404A9FED405ADFED95
:10940000405A9FED406ADFED406ADFED407AA7EEFB
:10941000223AE7EE033AA7EE234AE7EE044AA7EE24
:10942000245AE7EE055AA7EE256AE7EE066AE7EE4C
:10943000667A0BB1F1EE677A9FED357A77EEC77AEF
:1094400000E7DFED296A9FED297A9FED294ADFEDDC
:10945000294A9FED295ADFED295A9FED296AA7EE87
:10946000A67ADFED286AA7EE874A9FED277AE7EE16
:10947000844AA7EEA45AE7EE855AA7EEA56AE7EE5E
:10948000866AA7EEA67A67EE877A002B3FF465AF6F
:1094900061E76FF003007047DFED136A9FED137A09
:1094A0009FED134ADFED134A9FED135ADFED135A78
:1094B0009FED136AA7EEA67ADFED126AA7EE874A40
:1094C0009FED117AE7EE844AA7EEA45AE7EE855A9B
:1094D000A7EEA56AE7EE866AA7EEA67A67EE877A18
:1094E000A7E700BFDB0FC9BFA59204BDE745093E52
:1094F00008B732BEEBFCA9BC3C695D3E435690BB4D
:10950000E565AABEC90CC0B70100803FDB0FC93FAB
:10951000DB0F494019B10139A0EC010AFBD17047BA
:109520004FF08053D3F83021082A06D1D3F83431D4
:10953000052B02D8024AD05C70470020704700BF5C
:1095400025950700024AD2F80034002BFBD0704763
:1095500000E0014010B54FF08053D3F83021082AC5
:109560004ED14FF080420021C2F80C11C2F8101108
:10957000C2F8381502F54042D3F80414C2F8201599
:10958000D3F80814C2F82415D3F80C14C2F828151F
:10959000D3F81014C2F82C15D3F81414C2F83015EF
:1095A000D3F81814C2F83415D3F81C14C2F84015B7
:1095B000D3F82014C2F84415D3F82414C2F848157F
:1095C000D3F82814C2F84C15D3F82C14C2F850154F
:1095D000D3F83014C2F85415D3F83414C2F8601517
:1095E000D3F83814C2F86415D3F83C14C2F86815DF
:1095F000D3F84014C2F86C15D3F84434C2F870356F
:10960000FFF78EFF18B1414B414AC3F88C26FFF794
:1096100087FF18B13F4BFB22C3F81825FFF780FFE7
:1096200070B14FF080414FF08053D1F8E42ED3F861
:10963000583222F00F0203F00F031343C1F8E43E47
:10964000FFF76EFF20B1344B4FF40072C3F8402691
:109650004FF08053D3F83031082B09D14FF08043BD
:10966000D3F80024D20744BF6FF00102C3F80024EE
:109670002A4AD2F8883043F47003C2F88830BFF326
:109680004F8FBFF36F8F4FF08053D3F83021082AEC
:109690000ED1D3F83431052B02D8214AD35C3BB12B
:1096A0004FF01023D3F808224FF08043C3F8582519
:1096B0004FF01023D3F80022002A03DBD3F8043242
:1096C000002B22DA174901234FF01020C1F804358E
:1096D0001224FFF737FFC0F80042FFF733FFC0F84E
:1096E0000442FFF72FFF0023C1F80435FFF72AFFDC
:1096F000BFF34F8F09490C4BCA6802F4E062134371
:10970000CB60BFF34F8F00BFFDE710BD005000409E
:109710004881030000F000400090024000ED00E0AE
:109720001F95070000E001400400FA0530B5046809
:10973000CCB1BFF35B8FB4FA84F3C3F11F03DBB288
:1097400001229A4024EA020250E8005FA54204D1B7
:1097500040E8002CBCF1000FF6D1BFF35B8FE6D1DF
:1097600002480B7030BD0248FCE700BF0000AD0BA3
:109770000200AD0B10B50368CB40DB0714D4012306
:109780008B400268BFF35B8F43EA020150E8004F51
:10979000944204D140E8001CBCF1000FF6D1BFF3A5
:1097A0005B8FEED1014810BD0148FCE70000AD0B16
:1097B0000400AD0B2DE9F0471F4600F06043B3F104
:1097C000005F164609D01849184A1948DC230BF0E7
:1097D000FFFCDC211548EFF7F7FA39B91549134AB0
:1097E0001348DD230BF0F4FCDD21F3E700F16040CA
:1097F0004C1E0444DFF84080050B240BFF234FF080
:10980000010AA54201D9BDE8F08718F80510994270
:1098100001F00F00894604D0090932460AFA01F125
:10982000B84701354B46ECE7679507002B950700D5
:10983000D24107008095070087950700014BFFF78D
:10984000B9BF00BFBB690600F7B5044668B101287F
:1098500032D037493748384A4FF486730BF0B8FC9A
:1098600035484FF48671EFF7AFFA0C224FF482734C
:1098700002214FF0804003440244C0F80813002640
:10988000012111601E608C421B688DF8071008BF13
:109890000DF1070642F210754FF0804794B3012C8A
:1098A00015D023492348254A40F2EE430BF090FCA3
:1098B000224840F2EE41D6E704224FF4807301467D
:1098C000D7E783B101200DF076F8013D26D0D7F817
:1098D0000C3403F48033002EF3D0D7F80C2402F0BC
:1098E00001023270E3B9164B00225A7116E00DF0F6
:1098F00062F8013DD2D111E083B101200DF05BF897
:10990000013D0BD0D7F8183403F48033002EF3D088
:10991000D7F8182402F0030232600BB903B0F0BD8F
:109920009DF807000128E2D0012CF7D1DBE700BF4A
:1099300011990700D2410700C79507000496070058
:109940000C7D0020044B1A7922B9012218609A80FC
:1099500002487047024870470C7D00200000AD0BA4
:109960000C00AD0B08B5104B1A795AB90F491048C5
:10997000104A4FF4B6730BF02BFC0E484FF4B6713F
:10998000EFF722FA1B682BB10020F8F7F9FC08B9B1
:10999000F8F7D4FC4FF080430022C3F81825064B9B
:1099A00001221A7008BD00BF0C7D00203896070008
:1099B000D2410700C7950700D2C9002038B5324C04
:1099C00023795BB93149324A324840F2C1130BF076
:1099D000FFFB40F2C1112E48EFF7F6F958B101280C
:1099E00047D02D492A4A2B4840F21D230BF0F0FBAB
:1099F00040F21D21EFE74FF08043D3F81814D3F85D
:109A00001824CD031DD5900702D00020FFF71CFFBE
:109A10004FF080430022C3F81825022008224FF49B
:109A2000827303F180430021196002F180421D68B6
:109A300001251560226802B34FF08043C3F8040388
:109A40000CE0D3F81424D107E2D5D3F81C249207F4
:109A5000DBD122681AB10222C3F8042338BDD3F83F
:109A60000421002AFBD00022C3F80421D3F80431DA
:109A7000F4E700224FF48073D3E71A68002AFCD081
:109A800019601B68EAE700BF0C7D002038960700CC
:109A9000C7950700D24107001199070008B5094B87
:109AA0001B795BB908490948094A40F237230BF092
:109AB0008FFB074840F23721EFF786F9BDE80840F1
:109AC000FFF7C2BE0C7D002038960700D241070088
:109AD000C7950700F8B54FF080431B4DD3F80443FA
:109AE0000126002704B9F8BDB4FA84F0C0F11F00C4
:109AF000830003F580739BB203F1804306FA00F202
:109B0000196892B224EA02040029EBD01F601B6896
:109B10004FF08043012AC3F808230DD0022A0FD04A
:109B20000A490B480B4A4FF46F730BF051FB09487D
:109B30004FF46F71EFF748F96B79002BD2D16A714E
:109B40002B68C0B29847CDE70C7D00201199070023
:109B5000D2410700C7950700034A430900F01F00E0
:109B6000D35C1844C0B270474897070008B5026834
:109B7000014610460CF02CFF58B91149114A124801
:109B800040F2CA330BF024FB40F2CA310D48EFF724
:109B90001BF902F01F0352090B600BD0012A0CD0F5
:109BA0000A49084A084840F2D3330BF011FB40F24F
:109BB000D331EBE74FF0A04008BD0548FCE700BFFC
:109BC000495C0700165C0700D241070011990700A5
:109BD00000030050072808B50BD908490848094A6E
:109BE00040F2D1330BF0F4FA064840F2D131EFF7EE
:109BF000EBF8800000F5807008BD00BF8B96070071
:109C0000D24107005696070070B50546FFF7A4FF3E
:109C10000C4C08300E4634F81030DA0508D5C3F382
:109C2000432304EBC302284654F833305268984764
:109C3000A3682BB1E26831462846BDE8704018475A
:109C400070BD00BF147D002008B5FFF785FF034BF2
:109C5000083033F81000400B08BD00BF147D002011
:109C600008B5FFF779FF034B083033F81000C0F355
:109C7000400008BD147D002008B5FFF76DFF044BC0
:109C8000083033F8100010F01C0018BF012008BD88
:109C9000147D002008B5FFF75FFF034B083033F851
:109CA0001000C0F3401008BD147D0020034611F0E1
:109CB000010010B5CCB20DD1A207C4F3400012D5FB
:109CC000094AD2F820055860C2F82005003818BFAC
:109CD000012008E04FF0A041D1F820251A60C1F81A
:109CE0002025002AE8D010BD0003005010B5FFF772
:109CF00033FF184A083032F81030D9051DD5C3F3A8
:109D0000432123F4F85322F8103002F10E0400200E
:109D100034F8023F13F4807F03D0C3F34323994206
:109D20000BD001303028F3D100230B4842F83130FA
:109D3000FFF720FD094B984200D110BD08490948A2
:109D4000094A40F2EB130BF043FA074840F2EB11DB
:109D5000EFF73AF8147D00208C7D00200000AD0B59
:109D60006C8F0700D2410700959607002DE9F84354
:109D700000240746CEB225464FF00108A146B44262
:109D80000DD1124BD3F87C2132B10022C3F87C21D3
:109D9000D3F87C3145F000452846BDE8F8832046DD
:109DA000FFF718FFA0F58072920808FA02F2174236
:109DB00009D000F1804303F5C043196819B1C3F815
:109DC00000901B6815430134E4B2D8E700600040FE
:109DD000F7B506460846FFF7BFFE194F00F1080524
:109DE0000C4637F81530DB0727D530460CF069FEF6
:109DF0002046FFF74FFF40B12046FFF725FF3168AF
:109E000000F5A270002341F820302046FFF76EFFD6
:109E1000002301A827F815300194FFF7A7FE019B46
:109E200000EB8300074BD0F80027134043F00203F8
:109E3000C0F80037044803B0F0BD0448FBE700BF9A
:109E4000147D0020F0F8FCFF0000AD0B0400AD0B0A
:109E50002DE9FF41164607460846FFF77DFED6F876
:109E600000800D460446B8F1000F1CD008460CF0E7
:109E70001DFE10BBCDE900008DF80E008DF80F001F
:109E800043460DF10F020DF10E0128460CF0B2FD14
:109E9000494A04F1080132F8113023F0020343F07B
:109EA000010322F81130736873B3284693F80080D9
:109EB0005968FFF7D5FE10B1D9B1404827E03E4AB6
:109EC00004F1080C32F81C3023F02003DB04DB0C17
:109ED00022F81C3069B1B8F1030FEED87168386808
:109EE00049680978B8F1000F14D101F5A27140F862
:109EF0002180314A04F1080132F8113023F01C03AB
:109F000043EA880322F81130B36863BB2C4804B0DD
:109F1000BDE8F08100EB810043EA4133D0F810E561
:109F20002EF0030EC0F810E53F6807EB810743F001
:109F30002003D7F8100522F81C3020F44F3020F40D
:109F40004070C7F810052802D7F810E500F47C50DF
:109F500040EA084040EA0E00C7F8100502EB410055
:109F6000A0F87C50C5E7D3E900672846FFF7BEFE9E
:109F7000002ECBD0104DD5E90023964203D19F424D
:109F800001D1002209E00F480DF10F01FFF7CEFBD0
:109F90000B4B9842BBD19DF80F2045F8326005EB82
:109FA000C20308345F6035F8143043EA422343F4B7
:109FB000807325F81430A9E7147D00200400AD0B50
:109FC0000000AD0B8C7D00202DE9FF410C46804642
:109FD000204611461E46FFF7BFFD054621B3204629
:109FE000FFF73EFE18B92046FFF754FE10BB20468F
:109FF000FFF742FE10B14B78012B1BD001238DF8E7
:10A000000F300023CDE900134A1C8B1C20460DF1B4
:10A010000F010CF0EFFC274A05F1080132F811306E
:10A0200043F0030322F81130002E41D02046FFF701
:10A0300017FE18B9204804B0BDE8F08196F800C0BA
:10A04000D8F800301B4F0CF5A272002143F8221003
:10A0500005F1080237F8121021F02001C904C90CDB
:10A0600027F8121075781DB3D8F80000B67800EB09
:10A070008C002D04D0F8103523F4991323F4F853F1
:10A08000C0F81035230203F47C5305F4403536053F
:10A09000D0F810E52B4306F4801641EA4C313343E7
:10A0A00041F0200143EA0E0327F81210C0F81035E2
:10A0B0000248C0E7147D00200400AD0B0000AD0B8A
:10A0C000014BC3E902127047147D002010B51446FD
:10A0D0005AB90E490E480F4A40F24D330BF078F84A
:10A0E0000C4840F24D31EEF76FFE0846FFF7D2FD07
:10A0F00050B10846FFF730FD074B083033F81030F9
:10A1000006485B0B237010BD0548FCE7339707003A
:10A11000D241070095960700147D00200000AD0B8A
:10A120000400AD0BF8B5164E96F88C4005462CBBD6
:10A130006022214606F110000DF000F82D68274638
:10A14000E0B2FFF747FDA0F580739B081F2B08BF07
:10A150002F5004F1010408BF2B58082CF0D1002324
:10A16000C5F87C3145F30730D5F87C31F8F7E6F8CF
:10A170000123044886F88C30B367F8BD0248FCE739
:10A18000147D00200000AD0B0C00AD0B034B93F8C9
:10A190008C00003818BF0120704700BF147D0020DC
:10A1A0000079024B03EB8000FFF7E4BAFC090020C2
:10A1B0000079024B03EB8000FFF7B8BAFC090020DE
:10A1C0002DE9F341054608460C461646FFF754FDB7
:10A1D00058B93349334A344840F253430AF0F8FF40
:10A1E00040F253412F48EEF7EFFD0846FFF752FDCE
:10A1F0002F6800B30846FFF733FD8046D8B90846FC
:10A20000FFF722FD0446FFF7E5FC47F800803B58C6
:10A210002B6822B203EB8203D3F8102542F001022F
:10A22000C3F8102526B12A680123A340C2F80433DD
:10A2300002B0BDE8F081D7F80433002BA4BF4FF083
:10A240000043C7F804334EB91849164A164840F27D
:10A250006D430AF0BDFF40F26D41C3E72046FFF7B2
:10A260007BFC134B083033F81030C3F38203042B0C
:10A2700012D0052B12D001A80194FFF777FC019BA7
:10A28000D0F81015D94001F001010231204602B08A
:10A29000BDE8F0410CF0FBBB0321F7E70221F5E735
:10A2A0001297070095960700D24107003D970700D7
:10A2B000147D00202DE9F04F654BD3F80403C0B2A4
:10A2C00087B0082140F00040FFF750FD051E2BDA53
:10A2D0000023032104A8CDE90433FFF7E7FCDFF8EE
:10A2E00080A10DF110084FF000094FF0010B1AF892
:10A2F000013B5849DA0803F007038A5C22FA03F3AA
:10A30000DA071CD408F10408B9F1000F14D00021B9
:10A310004FF00040FFF72AFD032104A8FFF7C6FC19
:10A320000028DCD125F00045494E4B4F0124002D7B
:10A3300078D107B0BDE8F08F4FF00109D7E7474B60
:10A340004B440093D8F800100029DBD0009B91FA11
:10A35000A1F11C78B1FA81F141EA44142046FFF7DB
:10A36000FBFB3D4B0394083033F81070C80801F034
:10A37000070118F800200BFA01F122EA0102BB08DC
:10A3800008F8002003A80193FFF7F0FB039A019B54
:10A3900002F5E072C7F3820650F822205B073746C9
:10A3A000C2F3014223D539462046D6B2FFF72CFC32
:10A3B00003A80394FFF7DAFB039B03F5E07350F85F
:10A3C0002330C3F301439E4207D1002120460CF005
:10A3D0005EFB314620460CF05AFB03A80394FFF7BE
:10A3E000C5FB039B0BFA03F3C0F82035AAE7022A4A
:10A3F0000CD1032120460CF04AFB06F00503012B8B
:10A40000EBD139462046FFF7FFFBE6E70221204665
:10A4100001920CF03CFB032EF3D0019A032ADCD10D
:10A42000022EEDE795FAA5F3B3FA83F304FA03F2EB
:10A4300025EA020503F5A27207EB430356F8221042
:10A44000B3F87C00C1F30141FFF7DEFB6FE700BF0B
:10A45000006000403C950600147D002058970700DE
:10A4600058970700044AD2F80034DB07FBD5016097
:10A47000BFF35F8F704700BF00E0014008B54FF0A9
:10A4800080531A6959694A43904207D21A69B0FB4E
:10A49000F2F302FB13036BB10E4819E00E490F48AB
:10A4A0000F4A40F207130AF093FE0D4840F20711DD
:10A4B000EEF78AFC0B4B0222C3F80425C3F808050B
:10A4C000D3F80024D207FBD500220748C3F804259F
:10A4D00008BD00BF0A00AD0BB6970700D2410700C8
:10A4E0005A97070000E001400000AD0BF8B50D469B
:10A4F000012104460CF00DFB58B91249124A1348C9
:10A5000040F295130AF064FE40F295110E48EEF702
:10A510005BFC14F0030709D00D490B4A0B484FF4BC
:10A52000CB730AF055FE4FF4CB71EFE7094E0123D0
:10A53000C6F8043529462046FFF794FFC6F804758F
:10A54000F8BD00BFD09707005A970700D241070017
:10A55000EA97070000E0014010B548B91C491D48C2
:10A560001D4A75230AF034FE1B487521EEF72CFCBA
:10A570001A4C237853BB0278C2F34003920712D5DA
:10A580004FF08053D3F83021082A0BD1D3F834315F
:10A59000052B07D8124AD35C23B14FF08043012228
:10A5A000C3F8382601234FF08042C2F88035037883
:10A5B00003F00103C2F878350020F7F7E1FE08B98F
:10A5C000F7F7BCFE01230748237010BD0648FCE7DF
:10A5D00050980700D241070013980700D3C9002004
:10A5E000D49807000000AD0B0C00AD0B4FF080437A
:10A5F0004FF46072C3F80823014B00221A607047C1
:10A60000A47D002008B558B909490A480A4A4FF400
:10A61000A4730AF0DDFD08484FF4A471EEF7D4FBF3
:10A62000FFF7E4FF03680BB1044A136008BD00BFE5
:10A6300059980700D241070013980700A47D002015
:10A6400010B54FF08043D3F80443620714D54FF49C
:10A6500084700CF080FA78B1404B1B685BB94049BC
:10A66000404A41484FF4BA730AF0B2FD4FF4BA7150
:10A670003C48EEF7A9FB9847A30613D54FF48A7020
:10A680000CF069FA70B1394B1B684BB93849354A3F
:10A69000354840F27D130AF09BFD40F27D11E7E75B
:10A6A00000209847600613D54FF48C700CF053FAD5
:10A6B00070B12E4B1B684BB92D492A4A2A484FF4DA
:10A6C000C2730AF085FD4FF4C271D1E701209847AB
:10A6D000210613D54FF48E700CF03DFA70B1254B66
:10A6E0001B684BB924491F4A1F4840F28D130AF0DA
:10A6F0006FFD40F28D11BBE700209847E20513D5AE
:10A700004FF490700CF027FA70B11A4B1B684BB9DC
:10A710001949144A14484FF4CA730AF059FD4FF40A
:10A72000CA71A5E701209847A30515D54FF492708B
:10A730000CF011FA80B10F4B1B684BB90E49094A56
:10A74000094840F29B130AF043FD40F29B118FE74A
:10A75000BDE810400220184710BD00BFAC7D0020AE
:10A760007198070013980700D2410700A87D0020C8
:10A7700092980700A47D0020B49807000146014884
:10A78000FEF7D4BF040A002001238340C3F3120262
:10A7900001462AB1034A0448C2F80835FEF7EABF69
:10A7A0000248704700F00140040A00200400AD0B8D
:10A7B00001460148FEF7BABF000A0020C30003F1BA
:10A7C000804303F5F833012201465A600148FEF741
:10A7D000D1BF00BF000A002010B55AB92C492D4A3C
:10A7E0002D4840F251330AF0F3FC40F25131294830
:10A7F000EEF7EAFA13684BB92849264A264840F290
:10A800005E330AF0E5FC40F25E31F0E700EB411404
:10A81000C4F8203593884BB921491E4A1E4840F29E
:10A820006B330AF0D5FC40F26B31E0E713F4004FD4
:10A8300009D01C49174A18484FF45C730AF0C8FC49
:10A840004FF45C71D3E7C4F824359368B3F1807F8B
:10A8500009D315490F4A104840F27A330AF0B8FC80
:10A8600040F27A31C3E700EB4110C0F82835D368D5
:10A87000B3F1807F09D30D49064A074840F283337C
:10A880000AF0A6FC40F28331B1E7C0F82C3510BDC8
:10A89000DA980700A9910700D2410700EF98070056
:10A8A000079907001399070031990700529907008B
:10A8B00008B503685909024614D0012906D103F0EE
:10A8C0001F034FF6FF71D940C80713D40B490C483A
:10A8D0000C4A40F2CA330AF07BFC0A4840F2CA3103
:10A8E000EEF772FA4FF0FF31D940C907EED54FF0BD
:10A8F000A04000E00448136008BD00BF495C0700A9
:10A90000D2410700165C07000003005070B50579BE
:10A910000A4C14236B43E618E35833B9006802214C
:10A920000CF04BF908B101233372142303FB0544E7
:10A93000207A023818BF012070BD00BFB07D002012
:10A940002DE9F74F0B7F05460C4673BBDFF800A1DE
:10A950000E1F01F1100701F10C094FF0010856F824
:10A9600004BFBBF1FF3F1CD03B78CDF804B001A879
:10A97000002B3FD0FFF79CFF019B08FA03F3C0F8C0
:10A98000083501A8CDF804B0FFF792FF019B00EB5A
:10A990008300D0F8003703EA0A0343F00303C0F84A
:10A9A0000037B14507F10107D9D194F81DC0218BBB
:10A9B000677DA67DA27EE07E2B68BCF1000F0BD1E7
:10A9C000D4E9008ED4E902C4C3F86085C3F864E515
:10A9D000C3F868C5C3F86C450C0413D519491A4867
:10A9E0001A4A40F246330AF0F3FB184840F2463167
:10A9F000EEF7EAF9FFF75CFF019B08FA03F3C0F8F2
:10AA00000C35BEE742EA0022C3F80C75C3F80465B2
:10AA1000C3F80815C3F8102528680023C0F81031C2
:10AA2000D0F81021C0F80831D0F80821C0F80C3156
:10AA3000D0F80C3140F3073003B0BDE8F04FF7F722
:10AA40007DBC00BF75990700D2410700A99107009E
:10AA5000F0F8FCFF2DE9F04190F804800D4C14262D
:10AA600006FB08F6A71997F808C0BCF1000F0ED135
:10AA7000A2517B6019B10B7F3B74FFF761FF142378
:10AA800003FB0844044801232372BDE8F081034816
:10AA9000FBE700BFB07D00200000AD0B0C00AD0B4C
:10AAA0002DE9F0411F46037904462C4803EB830649
:10AAB0001546142200EB860602FB03008846037A43
:10AAC0005BB92749274A284840F267130AF080FB00
:10AAD00040F267112348EEF777F94DB92349214A2F
:10AAE00021484FF4B4730AF073FB4FF4B471F1E7EB
:10AAF0000B6803F06043B3F1005F09D01C49194AA9
:10AB0000194840F269130AF063FB40F26911E1E76A
:10AB10000A4620680021FFF75FFE424620680121B7
:10AB2000FFF75AFE226805F0010303EB5505C2F852
:10AB30001455FA0710D417F0020203D0002B14BFEB
:10AB4000082204222168C1F8002220463A463146F4
:10AB5000BDE8F0410CF05BB81022F3E7B07D0020B7
:10AB6000D199070096990700D2410700FD99070087
:10AB7000109A070070B5174D0679142303FB06538E
:10AB800004461B7A5BB914491448154A40F2BF13B6
:10AB90000AF01EFB124840F2BF11EEF715F90368E8
:10ABA0000022C3F80022036801225A6069B12046DE
:10ABB000FFF7ACFE0028FAD023680022C3F8002576
:10ABC000142303FB065501232B722046BDE8704079
:10ABD000FFF79CBEB07D0020D1990700D24107004D
:10ABE0009699070008B50B4B0279142101FB02333B
:10ABF0001B7A5BB908490948094A40F2DD130AF09B
:10AC0000E7FA074840F2DD11EEF7DEF8BDE808404C
:10AC1000FFF77CBEB07D0020399A0700D2410700C3
:10AC20009699070010B5B2211A480BF0C6FFC1066D
:10AC3000044608D5184BDA68520704D51A6812B1D1
:10AC4000596801209047A00608D5134BDA68110710
:10AC500004D51A6812B1596802209047220608D517
:10AC60000D4BD86810F0100003D11A680AB159686A
:10AC70009047A3070DD5074B0022C3F80025064BCC
:10AC800001221A721A6822B1BDE8104059680320E7
:10AC9000104710BD00C00140B07D0020054B93F867
:10ACA0002E00431E012B03D9043818BF0120704722
:10ACB00000207047C47D002010B5164A16490020B8
:10ACC000C2F8000591F82F40D2F8043381F82E40E5
:10ACD0000C6823F033030CB143F02303C2F81C01CA
:10ACE000D2F81C41C2F81801D2F81841C2F8080184
:10ACF000D2F8082191F83320D00791F8342048BFCA
:10AD000043F08003D207034A48BF43F04003C2F830
:10AD1000003310BD00700040C47D002070B50D4AA6
:10AD2000002392F8301001251E4618B90BB182F8A5
:10AD3000301070BD90FAA0F3B3FA83F305FA03F470
:10AD40000C3302EB430320EA0400DE8021EA040115
:10AD50000123EAE7C47D002038B548B91449154AF3
:10AD6000154881230AF034FA81211248EEF72CF8B5
:10AD7000FF2807D911490F4A0F4882230AF028FA01
:10AD80008221F2E70E4B082493F830500122002371
:10AD9000104203D0154208D00133DBB2013C4FEA28
:10ADA0004202F5D107480B7038BD0748FCE700BFE9
:10ADB000BA9A07007D9A0700D2410700CE9A070091
:10ADC000C47D00200000AD0B0400AD0B73B5002363
:10ADD000044601AA0E464FF4807101930BF03BFF2D
:10ADE0004FF48A7120460BF036FF4FF4827105460E
:10ADF00020460BF030FF20B11EB115B1144BD3F833
:10AE0000343601AA4FF4847120460BF024FF4FF42E
:10AE1000867120460BF01FFF4FF4887120460BF01F
:10AE20001AFF0C4B234083B14FF48E75294601AABB
:10AE300020460BF010FF291F083589B22046ADB21D
:10AE40000BF009FFB5F5AE7FF0D1019802B070BDEF
:10AE500000700040C0FF3F002DE9F04F93B09A46CC
:10AE60000DF1080C0AAF1C9D3F4B3E46E046002406
:10AE700003EB041E0134DEF8189548F8049B082CF7
:10AE8000DEF81CE546F804EBF2D1D3F8F065D3F810
:10AE9000404601944FF0010E0024D3F84496D3F8B5
:10AEA0004886C3F8FC4FC3F8FCEF2F4B5CF804BB9B
:10AEB00003EB041E0134CEF818B557F804BBCEF8E6
:10AEC0001CB5082CF2D1019CC3F84046F6B2274CC1
:10AED000C3F84496C3F84886C3F8F065002684F8A2
:10AEE000336084F83460A6602661256084F8310000
:10AEF000A683C3F8F015C3F8F4252DB32322C3F8B5
:10AF000000231A4D184E0021012707FA01F30340D0
:10AF10004FEA01121BD102F1804404F5E044C4F869
:10AF20001035C4F8143532440131D2F8184524F0F4
:10AF3000807444EA03630829C2F8183505F1020554
:10AF4000E3D113B0BDE8F08FC3F80053D9E702F1A5
:10AF5000804303F5E043EC7F95F81EC0C3F810C5AD
:10AF6000C3F814455346DEE700700040C47D00205E
:10AF700010B5C3794BB922492248234A98230AF0D5
:10AF800027F921489821EDF71FFFC3788278417A8D
:10AF90001B03120202F4E06203F4805313430278AD
:10AFA00002F0030213430279120402F4E022134375
:10AFB0004278120102F0300213438279120602F045
:10AFC000807213434279120502F4801213430A017E
:10AFD00002F1804202F5E042C2F818350B4AC4790A
:10AFE00001F10C0302EB43039C71007AD871012339
:10AFF00003FA01F192F830300B4382F8303010BD83
:10B00000ED9A0700D24107007D9A0700C47D002019
:10B0100070B51F4D95F82E40002C37D10126FF202A
:10B0200085F82E60FFF77AFE1A4B1B49C3F80041E2
:10B03000D3F80021C3F80441D3F80421C3F8104128
:10B04000D3F81021C3F81441D3F814311C239A0803
:10B0500006FA02F212F0330F1FBF03F1804202F52D
:10B06000E242146012681A1F920806FA02F212F005
:10B07000330F1CBF5C505A5808335C2BE7D10720B4
:10B08000F7F75CF9002305482B6070BD0448FCE726
:10B09000C47D002000700040FC7000400000AD0B3B
:10B0A0000C00AD0B08B5134B93F82E3002465BB97C
:10B0B0001149124A12484FF4B3730AF089F84FF459
:10B0C000B3710E48EDF780FE48B90E490B4A0C48A3
:10B0D00040F267130AF07CF840F26711F1E7FFF7DE
:10B0E000DDFD20B91046FFF743FF074808BD0748BC
:10B0F000FCE700BFC47D00201A9B07007D9A070073
:10B10000D2410700339707000000AD0B0B00AD0BD9
:10B1100008B5094B93F82E205AB908490848094A3E
:10B1200040F275130AF054F8064840F27511EDF735
:10B130004BFE93F8300008BDC47D00201A9B070029
:10B14000D24107007D9A07002DE9F0431B4F994635
:10B1500097F82E3085B00546884616465BB91849E3
:10B160001848194A40F28D130AF032F8164840F296
:10B170008D11EDF729FEFFF791FDE8B90DF10F01F3
:10B180002846FFF7E9FD114B9842044610D1331EC3
:10B1900018BF0123CDF80090324641462846FFF7FC
:10B1A0005BFE9DF80F3087F83230022387F82E308F
:10B1B000204605B0BDE8F083054CF9E7C47D0020CA
:10B1C0001A9B0700D24107007D9A07000000AD0BD3
:10B1D0000B00AD0B2DE9FF47374E994696F82E3000
:10B1E00080468A4615465BB93449354A354840F2AF
:10B1F000B71309F0EDFF40F2B7113148EDF7E4FD68
:10B200004AB931492E4A2F484FF4DC7309F0E0FF68
:10B210004FF4DC71F1E7FFF741FD0746002847D105
:10B220000DF10F014046FFF797FD284B9842044669
:10B230003AD16B8833B19DF80F30012B3AD8B9F170
:10B24000000F37D02A786B782AB123B99DF80F10F8
:10B2500001292FD80127CDF8009051464046FFF72D
:10B26000FBFD6B881A4A8BB1A3F15001B1F5F66F63
:10B270000AD318491348184A40F2255309F0A8FF89
:10B28000154840F22551B9E743F48053C2F8F83528
:10B290009DF80F3086F832302B7986F8353004234C
:10B2A00086F8367086F82E30204604B0BDE8F08768
:10B2B0000A4CF9E70A4CF7E7C47D00201A9B070007
:10B2C0007D9A0700D2410700509807000000AD0B9F
:10B2D000007000409E9B07006A9B07000B00AD0BAF
:10B2E0000300AD0B38B5224B93F82E205AB92149F3
:10B2F0002148224A4FF4FA7309F06AFF1F484FF4BD
:10B30000FA71EDF761FD1C695CBB00F06044B4F1BB
:10B31000005F28D193F83240B1FBF4F504FB15151A
:10B320001DBB0DB2002D20DD052A05D8032A0AD841
:10B33000022A0DD0124838BD062AFBD1114AC2F8A4
:10B340002C06C2F830169A6842B1C3E9040103E042
:10B350008C420AD1C3E902040B48ECE7C3E90201BD
:10B36000FAE70A48E7E70A48E5E70A48E3E700BFE3
:10B37000C47D00201A9B0700D24107007D9A070078
:10B380000500AD0B007000400000AD0B0C00AD0BD4
:10B390000A00AD0B0600AD0B2DE9F3415C4C94F8AF
:10B3A0002E205AB95B495C4A5C4840F22D2309F0D3
:10B3B0000FFF40F22D215848EDF706FD012A09D173
:10B3C0005749554A554840F22E2309F001FF40F2F3
:10B3D0002E21F0E7A368002B00F09780022A05D009
:10B3E000042A30D04F4802B0BDE8F0814E4D01260E
:10B3F000C5F800652168E26849B1032184F82E1080
:10B40000C5F82C36C5F830262E604848EBE7C5F85D
:10B410002C36C5F830262E600BF034FC08346E60F4
:10B4200021460220FFF7D2FC0028F9D03E4B002233
:10B43000C3F80821D3F80811C3F80C21D3F80C1174
:10B44000C3F80025E1E7384D4FF00108C5F8008545
:10B45000276857B1052284F82E20E268C5F82C36FB
:10B46000C5F83026C5F80080CFE7A18B94F83220CC
:10B47000019203EB41030093C5F82C36C5F8302642
:10B48000C5F800800BF0FEFB94F836305BBB264D10
:10B4900001236B6069460220FFF798FC0028F9D071
:10B4A0000022C5F80821D5F80831C5F80C21D5F8D7
:10B4B0000C31A18B94F832300B44E1689BB28B4283
:10B4C000A38321BF1A4BA283D3E90201C3E9000180
:10B4D000154B28BF22614FF000022CBF13481548BE
:10B4E000C3F800257FE7D5F8F465F6B208FA06F64A
:10B4F000013EBE42CBD9C5F8048000210420FFF7ED
:10B5000065FC0028F9D00137F3E70B486BE700BF73
:10B51000C47D00201A9B07007D9A0700D2410700D6
:10B52000C19B07000500AD0B007000400000AD0B93
:10B53000CC7D00200B00AD0B0200AD0BF8B5334EF7
:10B5400096F82E10024659B931493248324A40F233
:10B55000D12309F03DFE304840F2D121EDF734FC13
:10B56000FFF79CFB00284ED12C4C86F82F100723A8
:10B5700086F82E3001237260C4F80035D4F80453E5
:10B58000C4F80003E3603AB125F0C00545F0330587
:10B59000C4F800532248F8BD00211020FFF716FC24
:10B5A0000028F9D00023C4F80431D4F804311D4B2D
:10B5B000C4F82C3601270223C4F8303627600BF07C
:10B5C00061FBA76000212020FFF700FC0028F9D0D4
:10B5D000124B0022C3F80421D3F80411C3F8082148
:10B5E000D3F80811C3F8002596F82F1086F82E100E
:10B5F000C3F81C21D3F81C11C3F81821D3F8182163
:10B60000C3F80053C6E70848C5E700BFC47D002063
:10B610001A9B0700D24107007D9A07000070004086
:10B620000000AD0BDC7D00200B00AD0B7FB5624947
:10B63000614E3320FFF7CAFB10F0100F05460BD008
:10B640005E4B1022C3F80823B218C3F82C2602223E
:10B65000C3F8302601221A60594CAA0694F82E30FD
:10B660000ED5072B554A05D0D2F834369BB2E3608D
:10B6700000232361D2F80433DB0601D5FFF71CFB5E
:10B68000A80718D594F82E30A16802910022E1682D
:10B690008DF80420062BADF80C1018D0072B35D0F0
:10B6A000032B08D1454BC3F80025022384F82E3024
:10B6B000236801A89847E9074FD594F82E30033B3B
:10B6C000042B4AD8DFE803F05A4929415E0094F878
:10B6D000353023B1236913B1384B01221A60236836
:10B6E00001A89847374B93E8030086E8030000233E
:10B6F0002361A368002BDED1304AC2F80035042351
:10B7000084F82E3005238DF80430D1E7FFF7D4FA02
:10B7100002238DF804306368CBE704238DF80430EE
:10B7200001A823689847254BD3F8F825D20444BFD5
:10B7300001225A602269062384F82E302AB11F4B59
:10B740006169C3F82C26C3F8301623692BB903238B
:10B750008DF8043001A82368984794F82E30072B01
:10B760000AD0164B1848D3F8043300211840FFF7CD
:10B770002DFB012685094DB904B070BD0F4B012288
:10B780005A60EAE70D4B01229A60E6E795FAA5F3C5
:10B79000B3FA83F306FA03F225EA02055A08DB43FB
:10B7A00003F001038DF809308DF8046023688DF8EB
:10B7B000082001A89847DEE7CC7D002000700040FB
:10B7C000C47D0020D47D0020C0FF3F0070B51D4A1D
:10B7D0000C68B2FBF4F304FB13258DBB94422FD805
:10B7E0005C1E1C402CD1B3F5007F29D802684D792E
:10B7F000D2F80465097926F0030601F0030131430C
:10B80000C2F80415D2F8081593FAA3F321F0030146
:10B8100005F00305B3FA83F32943C2F80815C2F80B
:10B8200010350068402300F58072D450D15804339D
:10B83000582BFAD140F30730F6F780FD024870BD6F
:10B840000248FCE70024F4000000AD0B0400AD0B3F
:10B85000F8B549B91F49204A20487C2309F0B8FCB3
:10B860007C211D48EDF7B0FA05791D4C0C236B4384
:10B87000E618377A67BBE2508B681A4A7360036830
:10B8800093420FD002F5805293420BD002F58052C2
:10B89000934207D002F58032934203D002F58052E2
:10B8A000934202D14B79032B07D90F490A4A0B481F
:10B8B000942309F08DFC9421D3E7FFF787FF0C2335
:10B8C00003FB0544094BC21A534253412372F8BD8E
:10B8D0000748FCE750980700EA9B0700D2410700A1
:10B8E000FC7D002000800040279C07000000AD0B7D
:10B8F0000C00AD0B10B50C4B02790C2101FB023290
:10B90000127A4AB909490A480A4ADB2309F060FC5D
:10B910000848DB21EDF758FA04680122226100791A
:10B9200001FB00331A7210BDFC7D0020399A07001C
:10B93000D2410700EA9B0700F8B5154D03790C27A3
:10B9400007FB035304461B7A4BB912491248134AAA
:10B95000BC2309F03DFC1148BC21EDF735FA006825
:10B9600040F30730F6F7F8FC23680026D3F80022EE
:10B97000C3F8006223684FF0FF32C3F80823204663
:10B98000FFF7B8FF237907FB03552E72F8BD00BF00
:10B99000FC7D0020399A0700D2410700EA9B07008E
:10B9A00008B50B4B02790C2101FB02331B7A5BB902
:10B9B00008490948094A4FF4807309F009FC07480F
:10B9C0004FF48071EDF700FA03680122DA6008BDD8
:10B9D000FC7D0020399A0700D2410700EA9B07004E
:10B9E00070B5154C05790C2606FB0544247A5CB924
:10B9F00012491348134A4FF4957309F0E9FB1148B3
:10BA00004FF49571EDF7E0F94FF4803405688C4000
:10BA100073B18B0003F5A0730026EE50EB5803685A
:10BA2000C3F80443036801F5A87143F8212070BDF1
:10BA3000C5F80843F6E700BFFC7D0020399A0700EF
:10BA4000D2410700EA9B07002DE9F0410025402381
:10BA50002946012003F1804202F5214214682CB1ED
:10BA6000116012689A0800FA02F215430433582B49
:10BA7000F0D10E4B0E4FD3F80463402406F47C162D
:10BA80004FF00108A30808FA03F31E4208D02B4226
:10BA900006D03B6823B104F58070796880B298477E
:10BAA0000434502CEED1BDE8F08100BF00A000406E
:10BAB000FC7D002038B544090DD0012C21D015495A
:10BAC0001548164A40F2CA3309F082FB134840F287
:10BAD000CA31EDF779F94FF0FF34C440E507EED5F0
:10BAE0004FF0A04404EB80001B02D0F800570C4C30
:10BAF00043EA82022C4042EA41012143C0F8001788
:10BB000038BD00F01F004FF6FF74C440E407D6D5DF
:10BB1000044CE7E7495C0700D2410700165C0700C8
:10BB2000F0F8FCFF0003005038B5857B0446D5B91A
:10BB3000D0E9000398420BD10C490D480D4A40F260
:10BB4000071309F045FB0B4840F20711EDF73CF9EC
:10BB5000062303222946FFF7ADFF60680623032270
:10BB60002946FFF7A7FF012038BD00BFDDA8070069
:10BB7000D2410700A1A8070010B4CC7B8A680368F3
:10BB80002CB9D1E90041C3F80845C3F80C15C3F836
:10BB90002425037928225343064AD35833B1006839
:10BBA0005DF8044B40F30730F6F7C8BB5DF8044B73
:10BBB000704700BF087E0020F8B506460D4659B90B
:10BBC00018491948194A40F21B1309F001FB17489C
:10BBD00040F21B11EDF7F8F80079154F2821484382
:10BBE0003C1894F82210C9B93A50A160636084F8F7
:10BBF000251084F82410AB7B84F827302846FFF703
:10BC000093FF68B16B7B84F8263030462946FFF7F6
:10BC1000B3FF0123074884F82230F8BD0648FCE74B
:10BC20000648FAE750980700D2410700A1A807008C
:10BC3000087E00200000AD0B0C00AD0B0400AD0B26
:10BC400008B50E4B0279282101FB023393F822201C
:10BC5000012A0BD00A490B480B4A4FF4E17309F053
:10BC6000B7FA09484FF4E171EDF7AEF80268062122
:10BC7000C2F80015022283F8222008BD087E0020A9
:10BC800004A90700D2410700A1A8070010B51E4B68
:10BC90000479282202FB043292F8221059B91B4978
:10BCA0001B481C4A4FF4E77309F092FA19484FF405
:10BCB000E771EDF789F80021916002681649C2F832
:10BCC0000813D2F8001221F4BC51C2F800124FF050
:10BCD0008051D1F83001082809D1D1F83411052953
:10BCE00005D80E48415C11B10921C2F800150021A8
:10BCF000C2F80015282202FB0433012283F8222017
:10BD000083F8241010BD00BF087E0020D1990700E1
:10BD1000D2410700A1A8070002029C0104B207005B
:10BD2000F8B51D4E0779282505FB0765044695F8EB
:10BD300022305BB919491A481A4A4FF4D17309F0F5
:10BD400047FA18484FF4D171EDF73EF8006840F318
:10BD50000730F6F701FB2046FFF798FF95F82730EC
:10BD600093B995F826507DB92368D3F80805D3F820
:10BD70000C452A462B460121FFF79CFE2B462A46FE
:10BD800001212046FFF796FE282303FB07660023C8
:10BD900086F82230F8BD00BF087E0020D199070048
:10BDA000D2410700A1A807002DE9F84F03790E46FC
:10BDB00017463BB94B68B3F5803F03D28B68B3F5A8
:10BDC000803F0BD3AA49AB4AAB4840F2B62309F0F7
:10BDD000FFF940F2B621A748ECF7F6FFA74D95F81A
:10BDE0002230022B09D0A649A24AA3484FF42F7350
:10BDF00009F0EEF94FF42F71EDE72B68C3B90B781A
:10BE0000022B09D19F499B4A9B4840F2BF2309F06E
:10BE1000DFF940F2BF21DEE7032B09D19A49954AA9
:10BE200095484FF4307309F0D3F94FF43071D2E7ED
:10BE30000023046885F82330736833B1F36803F096
:10BE40006043B3F1005F40F091813378023B012BF6
:10BE500006D8336903F06043B3F1005F40F0868198
:10BE60008A4BC4F8083395F8243003F0FF013BB146
:10BE7000AB68DFF82882C4F804334046BDE8F88F89
:10BE800017F0140F0CBF0123002385F824303378FA
:10BE900085F82030737885F82130F268EA6073689D
:10BEA0002B61D6F810C0C5F814C0B068A861C7F3FC
:10BEB000001E85F825E0EF6196F801E0C4F888E5FA
:10BEC000C4F86011D4F860E1C4F84811D4F848E12E
:10BED000C4F82411D4F824E1C4F80411D4F80411EE
:10BEE00017F0010118BF0121C4F8501517F0020125
:10BEF00018BF0121C4F84015317807F0080903295B
:10BF000000F2B080DFE801F091A78102F80609D5C0
:10BF10005F49584A58484FF40B7309F059F94FF4E8
:10BF20000B7158E7B9F1000F09D05A49514A5248EC
:10BF300040F22D2309F04CF940F22D214BE779070F
:10BF400009D555494B4A4C4840F22E2309F040F997
:10BF500040F22E213FE74FF48071C4F80012C4F87C
:10BF60004425C4F848350123A3604FF480112046CE
:10BF70000AF0D2FE0028F8D1D5E90523C4F84425FB
:10BF8000C4F848354FF48023AB60DFF814812A6889
:10BF9000B9F1000F40F0C0803378032B00F0BC8073
:10BFA000012B40F0858023609AB92A69002A5CD071
:10BFB000DFF8F0A0DFF8F0904FF0010B514620467B
:10BFC0000AF0AAFE830548BFC4F814B010EA090FAE
:10BFD000F4D072682B68002A40F09E80002B00F09D
:10BFE0009F8001236361790744BF0023AB607A0619
:10BFF0005EBFAB6843F00203AB60AB6843F4007311
:10C00000AB60AB68C4F8043337E7C4F84425C4F820
:10C010004835C4F834C54FF48453C4F83805C4F81F
:10C020000032012323620223AEE7C4F84425BA0696
:10C03000C4F848354BBF4FF480734FF40073C4F815
:10C040000032C4F800324CBF4FF480230223AB60AF
:10C050000123236299E7C4F83425C4F838354FF436
:10C060008053DCE7DFF8448091E76361A0E700BF1D
:10C070002EA90700A1A80700D2410700087E0020D2
:10C08000EBB0070014B1070064B1070002029C0185
:10C09000B4B10700CAB10700E0B107000B00AD0B57
:10C0A0000000AD0B02020400020004000400AD0B0E
:10C0B0000123A360002A8CD12A692AB3DFF8C4A027
:10C0C000DFF8C4B019EA0A0F83D1594620460AF0B6
:10C0D00023FE10F4007F8146F4D04FF0807120469B
:10C0E0000AF01AFED4F8003280B113F4007103D1C3
:10C0F0000122226289466261D805E3D54FF480218E
:10C1000020460AF009FE04E06361D7E701232362B9
:10C1100063614FF00009D5E72B68002B7FF463AF14
:10C12000D4F8C434C4F8C434002285F824208BB178
:10C13000104A114913F0010F14BF9046884601328E
:10C1400013F0020F18BF904613F0040F0B4B18BFEB
:10C15000984692E67B063FF590AE094920460AF0E4
:10C1600099FD054B002808BF984686E6DFF81C803D
:10C1700083E600BF0000AE0B0100AD0B0200AE0B6A
:10C18000087E002002000400020204000A00AD0B39
:10C1900070B5634C236886B05BB962496248634AF4
:10C1A00040F2063309F014F8604840F20631ECF72B
:10C1B0000BFE5F4D022128460AF0AEFD4FF40071E0
:10C1C000064628460AF0A8FDD8B1E6B9A368C5F826
:10C1D00008330223A360A368C5F804334FF08071CD
:10C1E00028460AF099FD18B1D5F800329B0503D412
:10C1F0004F4B01221A625A61012384F8233006B0A2
:10C2000070BD002E57D0E5696E060AD494F823302D
:10C210003BB9434946480AF03DFD80F0010084F8EF
:10C22000230015F0040524D1414B94F82520C3F8D0
:10C230006051D3F86011C3F85C51D3F85C1112B1AE
:10C2400094F8232052B10022C3F80022A260394A98
:10C25000C3F80823384B0822C3F88021238CADF89B
:10C260000430E36804932369029363690593A36927
:10C2700003932F4AD2F8C434C2F8C434980749D47F
:10C28000590749D4DA0749D494F823309B00DBB22C
:10C290008DF8003094F825300BB984F82430E36928
:10C2A0005B0703D594F82330002BA8D0D4E90031E4
:10C2B00068469847A3E74FF4802128460AF02CFDF2
:10C2C00094F82030A3B994F825304BB9C5F8003262
:10C2D000A360184BC5F80833174B0822C3F8802118
:10C2E00000238DF8043094F821308DF80530B8E73C
:10C2F0004FF40073C5F8003240F20223A36003F14B
:10C30000CE73C5F80833A368C5F804330123AB60C6
:10C310002B6274E70123BBE70223B9E70323B7E7E6
:10C32000087E0020F6B10700D2410700A1A807004F
:10C330000030004002029C0100E100E070B50446BC
:10C340004868460C0D46C0034FF47A72002331460C
:10C35000CBF7D0FEB6F57A7F09D312491248134ABB
:10C36000432308F035FF11484321ECF72DFD2368E6
:10C370002A68C3F80C25C3F8040522790C4B0C215C
:10C3800001FB02335B6863B124680023C4F8003109
:10C3900044F30730D4F80031F5F7D0FF0123C4F897
:10C3A000043370BD45B20700D24107000AB207004E
:10C3B000307E0020F8B50479084E0C277C433719ED
:10C3C000C7E90123335D33B90123335509B1FFF7C1
:10C3D000B5FF0348F8BD0348FCE700BF307E0020EE
:10C3E0000000AD0B0C00AD0B08B549B90C490D4868
:10C3F0000D4AA62308F0ECFE0B48A621ECF7E4FC5E
:10C4000003790C225343094AD35C2BB1022B05D08C
:10C41000FFF794FF064808BD0648FCE70648FAE720
:10C4200050980700D24107000AB20700307E002072
:10C430000000AD0B0500AD0B0B00AD0B08B503798B
:10C440000F4A0C214B43D118497849B90D490E4A7E
:10C450000E48D82308F0BCFED8210B48ECF7B4FCFA
:10C46000D15C012907D00A49074A0848D92308F0B6
:10C47000AFFED921F1E7006801600221D15408BD67
:10C48000307E00205DB207000AB20700D2410700EB
:10C4900004A9070038B5037949B91A491A4A1B4853
:10C4A000EE2308F095FEEE211748ECF78DFC0C24E6
:10C4B000174A6343D418D35C012B07D01549124A9D
:10C4C0001248EF2308F084FEEF21EDE7EFF311852A
:10C4D000402282F31288BFF36F8F6278072A0FD849
:10C4E0000A70511C61700168D1F80805934003433C
:10C4F0000948C1F8083585F31188BFF36F8F38BD3F
:10C500000648F8E774B207000AB20700D2410700F4
:10C51000307E002004A907000000AD0B0200AD0B27
:10C5200008B503790C2253430B4AD35C022B0BD082
:10C530000A490B480B4A40F2151308F049FE094816
:10C5400040F21511ECF740FC0368074A01F5C07191
:10C5500043F8212008BD00BF307E002081B20700D3
:10C56000D24107000AB207003546526E10B40B4B99
:10C57000D3F80414D3F800216AB10022C3F80021D3
:10C58000D3F80031064BD3E901424FF480702346C3
:10C590005DF8044B18475DF8044B704700000140FC
:10C5A000307E002008B503685909024614D00129DD
:10C5B00006D103F01F034FF6FF71D940C80713D40B
:10C5C0000B490C480C4A40F2CA3308F001FE0A48F5
:10C5D00040F2CA31ECF7F8FB4FF0FF31D940C90700
:10C5E000EED54FF0A04000E00448136008BD00BF46
:10C5F000495C0700D2410700165C070000030050A9
:10C60000F7B50C4606460AF0B1FB20460AF0AEFB31
:10C6100001A80196FFF7C6FF019B2E4F019400EB86
:10C62000830040F20D65D0F800373B402B43C0F843
:10C63000003701A8FFF7B6FF019B00EB8300D0F89D
:10C6400000373B402B43C0F8003704200AF0B3F911
:10C650000925012701A80194FFF7A4FF019AD0F84A
:10C660001035D340DB0715D401A80196FFF79AFFD8
:10C67000019B07FA03F3C0F80C3504200AF09BF97C
:10C6800030460AF073FB013D04200AF094F915F0DE
:10C69000FF05DFD101A80194FFF784FF019A012370
:10C6A0009340C0F80C3504200AF085F920460AF0C2
:10C6B0005DFB04200AF07FF901A80194FFF772FFE7
:10C6C000019AD0F810350448D34003F00103C01A92
:10C6D00003B0F0BDF0F8FCFF0100AD0B08B5124B44
:10C6E000A822002118460AF029FD032202610F4901
:10C6F00042610F4A8161C2614FF48062026200228E
:10C7000082624262C26201660A4941661021816604
:10C71000094902670346C266426711F8010D985441
:10C720000132102AF9D108BD10040020C3B207005D
:10C730001000002000000020DCB207002DE9F84FB7
:10C74000DFF87C80182606FB008E00FB0666464458
:10C75000DEF82440DEF828C07368A4450746894601
:10C76000154603EB040022D8DEF820B0ABEB040A38
:10C770000AF1FF339A4203D80AF0D2FC2C440FE0AE
:10C7800063449A4219D852462C440AF0C9FCB4EBCF
:10C790000B0405D07068224609EB0A010AF0C0FCC0
:10C7A000182303FB078301205C62BDE8F88F0CF1BE
:10C7B000FF3CACEB040C9445DED20020F5E700BF53
:10C7C00010040020F8B5144B182700FB07751D4412
:10C7D00007FB00330E46DB6A012B14460AD0022BFE
:10C7E00014D023B928460AF0CEFA844208D900248E
:10C7F0002046F8BD28460AF0C6FA844228BF0446FF
:10C800002246314628460AF0C7FAF1E72846BDE835
:10C81000F8400AF0DCBA00BF10040020F8B50B4B5A
:10C820001B78532B04460E46174601D0FFF756FFE0
:10C830000AF0FCFA3A46054631462046FFF7C2FFA9
:10C84000044628460AF0FAFA2046F8BD10040020F3
:10C85000034B182202FB00339A6A586A801A704709
:10C860001004002010B4094A09490023C85C12F8DA
:10C87000014D844205D10133102BF7D15DF8044BF3
:10C8800070475DF8044BFFF729BF00BFDCB207001B
:10C890001004002008B50A4A0A4B93420ED90A49EF
:10C8A0000A4A0B48192308F093FC0A4808F090FC48
:10C8B00006481921ECF788FA2433EEE7FCD308BDCB
:10C8C0008C7D06004C7B060000B30700DDB207003C
:10C8D000D24107008570070070B50446E0B10378C7
:10C8E00033B3144D144EB5421FD91449144A154898
:10C8F000282308F06DFC144808F06AFC1048282131
:10C90000ECF762FA2968A14208D128460AF09FFA9A
:10C91000002814BF2C460024204670BD2046CBF7CB
:10C9200090FC0028F1D02435DDE7EBD30024F3E7B9
:10C930001C46F1E74C7B06008C7D060000B3070027
:10C94000DDB20700D241070085700700014B9868EF
:10C95000803070473C7E00202DE9F047044600AF50
:10C960000D46EFF31189402383F31288BFF36F8FD5
:10C970000428394A98BF394B9668117C94BF53F804
:10C980002030374BEA468CB06A46DFF804813548E0
:10C990005061C2E9083140F202431385324BC2E9CB
:10C9A000068442F8103F314800234FF45151F2F70A
:10C9B0002BFCD546B5B1EB69C3F3080393B108204E
:10C9C000F2F742FA40B12A4BC0E905380323037459
:10C9D000002343748374C374244900234FF4C25268
:10C9E00009F0A4F82EB130460AF0CBFA08B103786A
:10C9F00003B92048EA468AB06A461F4BC2E90538A7
:10CA000040F2024393841D4BC2E9076042F8103F95
:10CA1000164800234FF43151F2F7F6FB2946D5466C
:10CA20002046ECF7D3FF042C0CD11549154A1648C3
:10CA3000872308F0CDFB154808F0CAFB1148872171
:10CA4000ECF7C2F989F31188BFF36F8F3046F5F721
:10CA500003FCBD46BDE8F0873C7E00204095060003
:10CA600018B3070026B3070006000001C4810600C2
:10CA700052B3070028A9060077B30700050000019C
:10CA8000B5B3070093B30700D2410700D2B3070044
:10CA900028B4070038B50A4B53F82040013053F84A
:10CAA0002050A54200D838BD606830B1037FDB0755
:10CAB00001D40AF0D7F90834F3E723689847FAE776
:10CAC0005495060070B5384B384C394D012286B06C
:10CAD00003201A70FFF7DEFFF4F7C8FD0420FFF70C
:10CAE000D9FFAC42264628D93249334A334842233B
:10CAF00008F06EFB324808F06BFB42212E48ECF741
:10CB000063F954F80C3C059354F8103C049354F822
:10CB1000143C039354F8183C029354F81C3C0193C2
:10CB200054F8203C009354E90A2354E90C0101F025
:10CB300093FC54F8303C5E65D3E7AE4204F1300418
:10CB4000DFD302F0E9FA194C1E4EAC421FD9194945
:10CB5000194A1A48662308F03BFB194808F038FBCD
:10CB60006621CBE7D4E90A23B3F1FF3F08BFB2F156
:10CB7000FF3F05D052EA0301206803D102F04EFDC9
:10CB80003034E2E73146183003F030F9F8E7E9D302
:10CB900002F030FBDAF766FD0B4A137B23F001034A
:10CBA000137306B070BD00BFD4C90020907D06008D
:10CBB000407F060057B4070036B40700D241070093
:10CBC00085700700E76F06005055002008B5034840
:10CBD000034A0021121A0AF05CF908BDC80F0020B0
:10CBE000D8C9002070B5164E164D174986B0E023FF
:10CBF00003FB0066154B059301220F23CDE9033299
:10CC00000023CDE90133182303FB0055044601EB53
:10CC100040210F4B00954FF4C072304601F01CFCD0
:10CC2000737B0C4AEE6023F0040373734FF490633C
:10CC300004FB033313442C746B6006B070BD00BF5B
:10CC4000705400203C7E0020001C012084B40700AA
:10CC500011D0050080170120BFB50020FFF71AFF93
:10CC60002B4B83F308882B4C2B4F636943F40073E1
:10CC70006361E02384F8223000252023E3772576C2
:10CC80006576A57684F82050636A43F4E0236362F6
:10CC900084F82350F5F75CFAF5F796FC4FF0FF3374
:10CCA000A362E362F5F7D0FDF5F7B2FCF2F78CF87A
:10CCB0001A481B4C01F08AFCFFF7ECFD0120FFF73E
:10CCC000E9FE0220FFF7E6FE02F024FB154B1649B1
:10CCD0009C61164B05930123CDE903534FF4006289
:10CCE0003B46CDE901550095204601F0B5FB627B3E
:10CCF000064622F004022046627301F0E3FD284656
:10CD0000FFF770FF3A4631462046F5F737FC00BF83
:10CD1000001C012000ED00E0C5CA050030560020CF
:10CD2000505500203C7E0020001E01204FD40600FC
:10CD300038B50D4C0D4D0020AC4213D90C490D4AAD
:10CD40000D48942308F044FA0C4808F041FA0948C9
:10CD50009421ECF739F820460AF09FF8002802DB0E
:10CD60002034E9E7F7D338BD400D0020600D0020E6
:10CD7000B1B407008CB40700D241070085700700EA
:10CD80002DE9F74305460F4691461C4600F108067B
:10CD9000EFF31188402383F31288BFF36F8F30467F
:10CDA00002F0AEFF60B9324A32493348882308F0B6
:10CDB0000FFA3146314808F00BFA88212C4826E05A
:10CDC000304602F0C1FF2B691BB33B601C68EB6966
:10CDD0002C610133EB6114B96A6993421FD0EB688F
:10CDE000E41A09D4D5E905235A43A24204D9B4FB75
:10CDF000F3F203FB124494B12149224A1E48E9236D
:10CE000008F0E6F9204808F0E3F91E48E921EBF7BD
:10CE1000DBFF59EA040214D13B606FF00B0430468B
:10CE200002F07CFFF0B9124A1849134840F231135E
:10CE300008F0CEF93146164808F0CAF940F231112F
:10CE4000BCE7CDE900942A464146304601F00EFF8A
:10CE5000044618B90F4B9B681B693B60204603B022
:10CE6000BDE8F08388F31188BFF36F8FF6E700BF4A
:10CE7000916C0700BE6C0700D2410700D36C07001D
:10CE8000CEB407008CB407004AB50700E96C070070
:10CE9000006D07003C7E00202DE9F843C368CB1AE3
:10CEA00005460E4623D4D0E90512514399421ED9B6
:10CEB000B3FBF2F102FB1133CBB900F10807EFF33A
:10CEC0001189402484F31288BFF36F8F384602F033
:10CED00017FFD8B9414A42494248882308F078F9F7
:10CEE0003946414808F074F988213C480CE03F4934
:10CEF0003F4A3C4840F2111308F06AF93D4808F0F7
:10CF000067F93B4840F21111EBF75EFF384602F03B
:10CF10001BFFD5F81080B8F1000F40D1EFF311835B
:10CF200084F31288BFF36F8F83F31188BFF36F8F81
:10CF30005BB93149314A2B48B02308F049F93048F0
:10CF400008F046F9B0212D48DEE72C68A54226D02E
:10CF50002CB3A3683BB92B49284A2248992308F0EF
:10CF600037F99921EFE7D4E9003213605A60637B07
:10CF7000C4F8088023F002036373C4E9008804F155
:10CF8000180003F017F82046C4F89880266101F0D5
:10CF900099FC49463846BDE8F84302F011B82B69C0
:10CFA0003360EB692E61013BEB61384602F0B6FE5F
:10CFB00068B90A4A14490B4840F2311308F008F9DD
:10CFC0003946124808F004F940F231118DE789F32F
:10CFD0001188BFF36F8FBDE8F88300BF916C070025
:10CFE000BE6C0700D2410700D36C070011990700FF
:10CFF0008CB4070065B50700B2B5070087B5070018
:10D00000CAB50700CDB50700E96C0700006D070041
:10D0100008B50D4B9B6893F90E30002B09DB4024BB
:10D02000EFF3118384F31288BFF36F8F08F0D5FFFD
:10D03000F6E706490648074A1C2308F0C9F80548E0
:10D040001C21EBF7C1FE00BF3C7E002005B60700A7
:10D05000D2410700E4B5070008B583684BB90B4916
:10D060000B480C4A992308F0B3F80A489921EBF7CA
:10D07000ABFED0E9003213605A60427B0023C0E966
:10D08000003322F002024273836008BDCDB5070071
:10D09000D241070087B507002DE9F34704468946CA
:10D0A00017461E46EFF3058373B152EA06030BD011
:10D0B0005649574A5748822308F08AF8564808F0DC
:10D0C00087F88221524819E004F10805EFF311882E
:10D0D0004FF0400A8AF31288BFF36F8F284602F0A0
:10D0E0000FFE68B94D4A4E494A48882308F070F847
:10D0F00029464C4808F06CF888214848EBF764FE54
:10D10000284602F021FE626A23699A4266D2EFF352
:10D1100011838AF31288BFF36F8F83F31188BFF3F3
:10D120006F8F5BB94049414A3A48B02308F050F844
:10D13000394808F04DF83D48B021DFE72668B44291
:10D140001AD0CEB13046FFF787FF06F1180002F083
:10D1500031FFE26830694946002409F0E1FF3046BA
:10D16000C6F8984001F0AEFB4146284601F028FF82
:10D17000204602B0BDE8F087206A6369984202D376
:10D18000A369984207D32A49214A22489A2308F0E2
:10D190001FF89A2196E7E268494609F0C1FF236A21
:10D1A000E2681344A2692362934204BF6369236265
:10D1B000636A013363620024284602F0AFFD00BBBE
:10D1C000164A1C49134840F2311308F001F8294669
:10D1D000194807F0FDFF40F231118EE757EA0603C8
:10D1E0000CD0164B9B682246C3F810904146CDE9FF
:10D1F0000076284601F03AFD0446B9E76FF02204B4
:10D20000DAE788F31188BFF36F8FB1E74FB60700F5
:10D210002DB60700D2410700CAB50700916C070080
:10D22000BE6C0700D36C0700B2B5070087B50700D6
:10D2300095B60700E96C0700006D07003C7E0020F2
:10D240002DE9F7430446884617461D46EFF305834C
:10D2500073B152EA05030BD05D495E4A5E48DE2396
:10D2600007F0B6FF5D4807F0B3FFDE21594818E02C
:10D2700004F10806EFF31189402383F31288BFF30A
:10D280006F8F304602F03CFD68B9554A5549524807
:10D29000882307F09DFF3146534807F099FF882106
:10D2A0004F48EBF791FD304602F04EFD636A002BCC
:10D2B00062D0E268E169404609F032FFE369E26862
:10D2C0001344A269E361934204BF6369E361636A43
:10D2D000013B6362EFF31183402282F31288BFF3B4
:10D2E0006F8F83F31188BFF36F8F5BB93F49404A5B
:10D2F0003948B02307F06CFF384807F069FF3C4815
:10D30000B021CEE72568AC4246D0002D45D0284656
:10D31000FFF7A2FE05F1180002F04CFE206A6369D7
:10D32000984202D3A369984207D33249294A2A482E
:10D33000F82307F04DFFF82198E72969E26809F022
:10D34000EFFE236AE2681344A2692362934204BF9A
:10D3500063692362636A0133636200242846C5F867
:10D36000984001F0AFFA4946304601F029FE2546C3
:10D37000284603B0BDE8F08357EA05031FD01E4BD3
:10D380009B682246C3F810804946CDE900753046B7
:10D3900001F06CFC0546EBE70025304602F0BEFCD0
:10D3A00080B90F4A15490C4840F2311307F010FFBD
:10D3B0003146134807F00CFF40F2311170E76FF06F
:10D3C0002205EAE789F31188BFF36F8FD0E700BF2A
:10D3D0004FB607002DB60700D2410700CAB50700B7
:10D3E000916C0700BE6C0700D36C0700B2B5070054
:10D3F00087B5070095B607003C7E0020E96C070062
:10D40000006D07002DE9F047044600F10806EFF330
:10D4100011894FF0400888F31288BFF36F8F3046B0
:10D4200002F06EFC074660B93F4A404940488823F5
:10D4300007F0CEFE31463F4807F0CAFE88213A4841
:10D4400018E0304602F080FCEFF3118388F3128875
:10D45000BFF36F8F83F31188BFF36F8F63B93649C2
:10D46000364A3348B02307F0B3FE354807F0B0FE24
:10D470003248B021EBF7A8FC2568AC424FD07DB311
:10D480002846FFF7E9FD05F1180002F093FD6FF063
:10D49000220AC5F898A0284601F014FAEFF3118388
:10D4A00088F31288BFF36F8F83F31188BFF36F8FF8
:10D4B000002BD4D02568AC4209D100236362236AD3
:10D4C000E36149463046BDE8F04701F079BD45B11A
:10D4D0002846FFF7C1FD05F1180002F06BFDD8E703
:10D4E0002F4600236362236AE361002FE9D13046AF
:10D4F00002F014FC68B90C4A12490D4840F231138D
:10D5000007F066FE3146104807F062FE40F2311126
:10D5100095E789F31188BFF36F8FBDE8F08700238B
:10D520006362236AE361E2E7916C0700BE6C070067
:10D53000D2410700D36C0700B2B5070087B50700DA
:10D54000CAB50700E96C0700006D07002DE9F3413B
:10D55000044617461E46EFF3058565B15849594AFA
:10D5600059486F2307F034FE584807F031FE5548FC
:10D570006F21EBF729FCEFF31188402383F3128826
:10D58000BFF36F8F524802F0BBFB60B9514A52495A
:10D590004D48882307F01CFE4D49504807F018FEFF
:10D5A00088214C48E5E74A4802F0CEFBE3684C4A44
:10D5B0009BB1A0689168884229D057EA06032ED112
:10D5C000434802F0ABFBA0B188F31188BFF36F8F23
:10D5D0006FF00F0002B0BDE8F081916891F90E1074
:10D5E0003B4821610133E3609368A36002F096FB3E
:10D5F00078B9384A3B49344840F2311307F0E8FD26
:10D600003349394807F0E4FD40F23111C9E7216997
:10D61000E6E788F31188BFF36F8F0020DAE791F90E
:10D620000E1090F90E309942A8BF19466FF07E0295
:10D630009142B8BF11468B4202DD09F048FC054615
:10D64000CDE9007622482246414601F00FFB002832
:10D65000E3D0EFF31186402383F31288BFF36F8F7B
:10D660001B4802F04DFB002890D0194802F06CFBDB
:10D67000A068C0B1236821699C420AD04BB193F9DC
:10D680000E309942A8BF19466FF07E039942B8BF89
:10D69000194609F01CFC30B10D48314601F090FCF0
:10D6A0006FF00A0096E7002DF6D1094802F036FB2C
:10D6B00000289ED086F31188BFF36F8FF0E700BF7C
:10D6C00003B70700E1B60700D241070015B707000E
:10D6D000607E0020916C0700BE6C0700D36C0700D1
:10D6E0003C7E0020E96C0700006D0700F8B5054698
:10D6F000EFF3058363B15549554A5648D72307F0E0
:10D7000067FD554807F064FDD7215148EBF75CFBF6
:10D710008368002B00F09380504A9268934240F057
:10D720009180C3683BB94E49494A4A48EF2307F004
:10D730004FFDEF21E9E7012B03D0013BC36000203F
:10D74000F8BDEFF31187402484F31288BFF36F8F85
:10D75000444802F0D5FA60B9434A44493D48882319
:10D7600007F036FD3F49424807F032FD88213E4828
:10D77000CCE73C4802F0E8FA2969A86809F0A7FB61
:10D78000EFF3118384F31288BFF36F8F83F3118853
:10D79000BFF36F8F5BB93749374A2E48B02307F084
:10D7A00017FD364807F014FDB0213348AEE72C686A
:10D7B000AC4215D10023C5E902332A4802F0AEFA83
:10D7C000002837D1284A2E49224840F2311307F069
:10D7D000FFFC24492B4807F0FBFC40F23111C6E75F
:10D7E000002CE7D0A3683BB92749234A194899235D
:10D7F00007F0EEFC9921D8E7D4E9003213605A60B3
:10D80000637B002623F002036373C4E90066A6600D
:10D8100004F1180002F0CEFBAC6094F90E302B61DD
:10D820002046C4F8986001F04DF80E48394601F0E2
:10D83000C7FB84E787F31188BFF36F8F7FE76FF033
:10D8400015007DE74FF0FF307AE700BF03B7070010
:10D85000E1B60700D241070015B707003C7E002063
:10D860003AB70700607E0020916C0700BE6C07008D
:10D87000D36C0700B2B5070087B50700CAB507002B
:10D88000E96C0700006D0700CDB5070008B5836897
:10D890004BB90B490B480C4A992307F099FC0A48ED
:10D8A0009921EBF791FAD0E9003213605A60427B7C
:10D8B0000023C0E9003322F002024273836008BDF6
:10D8C000CDB50700D241070087B507002DE9F04725
:10D8D00004469DF820600D4691469A4600F10807DF
:10D8E000EFF31188402383F31288BFF36F8F38461C
:10D8F00002F006FA60B94B4A4B494C48882307F0BE
:10D9000067FC39464A4807F063FC882145481BE01C
:10D91000384602F019FA06B16568EFF31183402228
:10D9200082F31288BFF36F8F83F31188BFF36F8F79
:10D9300063B94049404A3D48B02307F049FC3F489D
:10D9400007F046FC3C48B021EBF73EFA234653F87B
:10D950000C6F9E4216D0AEB13046FFF797FF002401
:10D9600006F1180002F026FB3046C6F89840C6F8CB
:10D97000109000F0A7FF4146384601F021FB2046F9
:10D98000BDE8F087BAF1000F14D0082002F034FE91
:10D9900000283FD00122C0F804900260016801F025
:10D9A00003015DB922680A430260626820606AB9B7
:10D9B00060600BE0C9F800A04846EFE72A68032A38
:10D9C0001DD801606168A1B9C4E90000002438468F
:10D9D00002F0A4F908BB134A1949144840F2311364
:10D9E00007F0F6FB3946174807F0F2FB40F2311119
:10D9F0008CE70A6802F0030202430A60D8E722F0CB
:10DA000003020A4302602A6802F0030240EA0203AA
:10DA10002B60DBE76FF00B04D9E788F31188BFF3C5
:10DA20006F8FACE7916C0700BE6C0700D241070016
:10DA3000D36C0700B2B5070087B50700CAB5070069
:10DA4000E96C0700006D07002DE9F7430646904694
:10DA50001F4600F10805EFF31189402383F3128874
:10DA6000BFF36F8F284602F04BF968B9244A254965
:10DA70002548882307F0ACFB2946244807F0A8FB7B
:10DA800088211F48EBF7A0F9284602F05DF93468B9
:10DA9000F4B12368726823F0030394422046336094
:10DAA00008BF7360012109F021FA0446284602F0FC
:10DAB00035F9E8B9124A1649134840F2311307F014
:10DAC00087FB2946134807F083FB40F23111D8E762
:10DAD00058EA0703EAD0CDE9008706F10C0249466F
:10DAE000284601F0C3F838B90B4B9B681C6903E06A
:10DAF00089F31188BFF36F8F204603B0BDE8F08330
:10DB0000916C0700BE6C0700D2410700D36C070080
:10DB1000E96C0700006D07003C7E002008B58368B3
:10DB20004BB90B490B480C4A992307F051FB0A48A3
:10DB30009921EBF749F9D0E9003213605A60427B32
:10DB40000023C0E9003322F002024273836008BD63
:10DB5000CDB50700D241070087B5070070B5044670
:10DB6000EFF31186402585F31288BFF36F8F30489D
:10DB700002F0C6F860B92F4A2F493048882307F0D1
:10DB800027FB2B492E4807F023FB8821294818E062
:10DB9000274802F0D9F8EFF3118385F31288BFF319
:10DBA0006F8F83F31188BFF36F8F63B92549264ABE
:10DBB0002248B02307F00CFB244807F009FB224859
:10DBC000B021EBF701F92568AC4213D095B1284696
:10DBD000FFF7A4FF05F1180002F0ECF90023284636
:10DBE000C5F8983000F06EFE31461148BDE870402F
:10DBF00001F0E6B9D4E902329A4218BF01330C4869
:10DC0000A36002F08BF868B90A4A11490B4840F248
:10DC1000311307F0DDFA06490E4807F0D9FA40F251
:10DC20003111B3E786F31188BFF36F8F70BD00BF6A
:10DC3000647E0020916C0700BE6C0700D241070093
:10DC4000D36C0700B2B5070087B50700CAB5070057
:10DC5000E96C0700006D0700F7B5044616461D463F
:10DC6000EFF305837BB152EA05030CD02D492E4A10
:10DC70002E48882307F0ACFA2D4807F0A9FA2A4865
:10DC80008821EBF7A1F8EFF31187402383F3128883
:10DC9000BFF36F8F274802F033F860B9264A27494F
:10DCA0002248882307F094FA2249254807F090FA81
:10DCB00088212148E5E71F4802F046F8A368D3B160
:10DCC000013B1C48A36002F029F868B91A4A1D49B3
:10DCD000164840F2311307F07BFA16491A4807F04C
:10DCE00077FA40F23111E4E787F31188BFF36F8FC1
:10DCF000002003B0F0BD56EA05030BD10D4802F039
:10DD00000DF80028E2D087F31188BFF36F8F6FF012
:10DD10000F00EEE7CDE9006522463946054800F0E0
:10DD2000A5FFE6E771B7070051B70700D24107002A
:10DD3000CAB50700647E0020916C0700BE6C070026
:10DD4000D36C0700E96C0700006D07002DE9F04374
:10DD5000764E774F85B00446EFF31188402383F366
:10DD60001288BFF36F8F304601F0CAFF68B9714A5D
:10DD700071497248882307F02BFA6C49704807F004
:10DD800027FA88216B48EBF71FF8304601F0DCFFDB
:10DD9000D4F8E450F5B9022104F1FC0009F0C9F807
:10DDA000002840D004F1F40500220121284601F0AA
:10DDB0005FFE0028F8D1002302934FF0FF324FF0AE
:10DDC000FF33CDE90023414604F1EC02304601F077
:10DDD000ADFEC1E7D4F8E8202B68C4F8E4309542E2
:10DDE00008BFC4F8E830D4F8FC3043F00203C4F8AC
:10DDF000FC30EB68D5F8049023F0040343F00103F2
:10DE0000EB60304601F08AFFF8B94A4A4D494B4869
:10DE100040F2311307F0DCF944494B4807F0D8F9D8
:10DE200040F23111AEE7D4F8FC30DD06C3D5C4F8BA
:10DE3000FC003E4801F072FF0028E6D088F311880C
:10DE4000BFF36F8F05B0BDE8F08388F31188BFF38F
:10DE50006F8FB9F1000F0AD13C4938483C4A40F273
:10DE6000AB2307F0B5F93A4840F2AB218BE72846DF
:10DE7000C847EFF31188402383F31288BFF36F8FF5
:10DE8000304601F03DFF00283FF471AF304601F00D
:10DE90005BFFEB68D90623F0010231D4EA60EB683E
:10DEA0009A0716D5386823F00203EB6088B103683F
:10DEB000002170B14268954230D1036841BB7A6855
:10DEC0003B60824200D17B60002340F8083BFFF7B3
:10DED00045FED4F8FC3023F00203C4F8FC30304691
:10DEE000C3F3002501F01AFF00288ED088F31188B3
:10DEF000BFF36F8F002D7FF42FAF01F013FA2BE7E4
:10DF000023F01103EB6005F11000FFF727FEC6E7D1
:10DF10000B607B68834208BF7960D5E723B11A683C
:10DF2000014618461346C4E71A46F9E7707E0020FA
:10DF3000687E0020916C0700BE6C0700D24107008C
:10DF4000D36C0700E96C0700006D070001B80700FB
:10DF5000BFB70700F8B5C3689A0704460F46C3F376
:10DF600040063BD45B0727D40B680BB983680B6072
:10DF7000E368DD0723D5A3685BB9294929482A4A04
:10DF80004FF4AA7307F024F927484FF4AA71EAF76F
:10DF90001BFF3B6002263D68002D3ED0234B9A6854
:10DFA000D5F8E0309A420CD0D5F8FC30D807C3F34E
:10DFB000800216D46FF0120600233B6027E0012692
:10DFC000E9E708F0D8FFD5F8FC300028EED1D907F2
:10DFD000C3F3C002EED552B15B0708D46FF00F0651
:10DFE000EAE7002AFAD1C3F3C003002BF6D10023DD
:10DFF0002360D5F8E83063B9C5E93944284608F00C
:10E00000A3FFE36843F00403E3603B68A36030468A
:10E01000F8BD1C60C5F8E840F0E76FF01506CBE7E7
:10E02000E0B70700D2410700BFB707003C7E0020E1
:10E0300073B50446EFF31185402383F31288BFF3D1
:10E040006F8F1E4801F05CFE68B91D4A1D491E48CD
:10E05000882307F0BDF819491C4807F0B9F8882152
:10E060001748EAF7B1FE154801F06EFE00230321C0
:10E07000201F0193A4F1100608F05BFF28B1A369EB
:10E08000019301A93046FFF765FF0C4801F046FEF9
:10E0900068B90B4A0E490C4840F2311307F098F862
:10E0A00006490C4807F094F840F23111D8E785F39F
:10E0B0001188BFF36F8F02B070BD00BF707E00206B
:10E0C000916C0700BE6C0700D2410700D36C0700BB
:10E0D000E96C0700006D070038B50D46044648B9E5
:10E0E0000C490D4A0D48992307F072F899210A4806
:10E0F000EAF76AFE39B90A49074A08489A2307F03D
:10E1000067F89A21F3E71022002109F017F86560FB
:10E1100038BD00BF53B80700BFB70700D2410700A2
:10E1200001B8070037B50C46019059B92849294A6A
:10E1300029484FF4BD7307F04BF84FF4BD712548E3
:10E14000EAF742FE4B684BB92449224A224840F282
:10E150007B1307F03DF840F27B11F0E7EFF31185F8
:10E16000402383F31288BFF36F8F1D4801F0C8FD71
:10E1700060B91C4A1C491848882307F029F8184937
:10E180001A4807F025F888211648D9E7144801F005
:10E19000DBFD204601A9FFF7DDFE0446104801F033
:10E1A000BDFD68B90F4A12490B4840F2311307F020
:10E1B0000FF80B490F4807F00BF840F23111E3E775
:10E1C00085F31188BFF36F8F204603B030BD00BFC9
:10E1D00053B80700BFB70700D2410700FBB70700DD
:10E1E000707E0020916C0700BE6C0700D36C0700A6
:10E1F000E96C0700006D0700F0B589B004460E9D7C
:10E2000058B92F492F4A304840F2F12306F0E0FF79
:10E2100040F2F1212B48EAF7D7FD49B92B49294AA9
:10E22000294840F2F22306F0D3FF40F2F221F1E751
:10E23000D0F8FC0010F0010009D02549214A2248FD
:10E2400040F2F32306F0C4FF40F2F321E2E7C4E911
:10E25000390004F1EC00C4E93B0004F1F400C4E926
:10E260003D0055B32879002840F2011008BF012075
:10E27000C4F8FC0000204FF0FF364FF0FF37CDE927
:10E280000330CDE90100CDE90667124B009420462A
:10E2900000F056F955B1296811B1204600F0CCF8CC
:10E2A0006B791BB1237B43F001032373204601F0FC
:10E2B000B5F9C4F8E04009B0F0BD0120D8E700BFCF
:10E2C0004CB80700BFB70700D24107000775070029
:10E2D00018B807004DDD050038B50D46044658B99D
:10E2E0000F49104A104840F2923306F071FF40F295
:10E2F00092310C48EAF768FD49B90C49094A0A48C5
:10E3000040F2933306F064FF40F29331F1E730229C
:10E31000002108F013FF4FF480736560E36038BD9F
:10E3200052B80700BFB70700D241070001B8070085
:10E33000F7B50C46019016461D4658B93349344A84
:10E34000344840F20D4306F043FF40F20D4130489F
:10E35000EAF73AFD49B930492D4A2E4840F20E43BA
:10E3600006F036FF40F20E41F1E7EFF3118740234C
:10E3700083F31288BFF36F8F284801F0C1FC60B9A6
:10E38000274A28492348882306F022FF23492648A4
:10E3900006F01EFF88212248DAE7204801F0D4FC6D
:10E3A000E36813F01E0F27D155EA060216D1204666
:10E3B00001A9FFF7CFFD0446184801F0AFFCE8B90A
:10E3C000174A1A49134840F2311306F001FF134966
:10E3D000174806F0FDFE40F23111DCE743F0080378
:10E3E000E360019BA36204F11000124932462B4600
:10E3F00001F0FCFC0124DFE70024DDE787F311884E
:10E40000BFF36F8F204603B0F0BD00BFE6B7070033
:10E41000BFB70700D241070052B80700707E002046
:10E42000916C0700BE6C0700D36C0700E96C070015
:10E43000006D070031E0050010B5044608B9054B32
:10E440009C681F2204F1600008F092FE002084F80E
:10E450007F0010BD3C7E0020F0B585B004460D9DC8
:10E460000F9E0F2D46D13048834247D1073222F00C
:10E470000702FF320E9F277304F1580022F07F023B
:10E48000C4E91600042700207F2AC4E90600A06022
:10E490006773A573E07301F1800EA2F1800C05D8BB
:10E4A00080F31188BFF36F8F384602DF8D18002785
:10E4B0000C9AC4F88C70C4E921EC02920B9A019278
:10E4C0000A9A009220462A46F3F7D2FF676546B3C0
:10E4D0001F22314604F1600008F04AFE84F87F7084
:10E4E000124B9B680BB1D3F89030C4F8903028469B
:10E4F00005B0F0BD05F110001E28B7D90C4A0D4932
:10E500000D4840F2052306F063FE0C4829466FF0E3
:10E510000F030E2206F05CFE054840F20521EAF7E3
:10E5200053FC84F86060DBE711D005003C7E0020DE
:10E5300067B807008AB80700D24107000AB9070088
:10E54000F0B587B0DDE912760446EFF3058575B1C5
:10E5500019491A4A1A4840F2922306F039FE19481E
:10E5600006F036FE154840F29221EAF72DFC05959B
:10E57000109D04950F9D03950E9D02950D9D01958F
:10E580000C9D0095FFF768FFB6F1FF3F08BFB7F19C
:10E59000FF3F05D056EA070305D1204601F03EF8BB
:10E5A000204607B0F0BD3A46334604F1180006494C
:10E5B00001F01CFCF4E700BF03B7070067B80700D1
:10E5C000D24107003BB90700E76F060040F2011394
:10E5D00010B583810023C0E92133044602F006F818
:10E5E000014B9C6010BD00BF3C7E00200A4A93682E
:10E5F0006FF00A01C3F898100849C3F894004B68FB
:10E6000043F080534B60002383F31188BFF36F8F77
:10E610009368D3F8980070473C7E002000ED00E03E
:10E6200038B590F90D20437B002A014611DA03F03A
:10E630007F0343731B4B984209D11B491B481C4A5B
:10E64000562306F0C5FD1A485621EAF7BDFB08F02F
:10E650009AFC184D2A46AB6852F81C4F944200D0E1
:10E6600004B9EC688B4214D05BB91349134A0F48C4
:10E67000D52306F0ADFD124806F0AAFD0F48D521BE
:10E68000E3E75A7BD20604D1DA897F2A01D9A2694D
:10E690002AB1A34202D0204601F0A6FA2346AB617C
:10E6A00038BD00BF7054002082B90700D241070076
:10E6B00060B907003C7E0020CFB90700A3B907006E
:10E6C000CAB5070008B583684BB9094909480A4A21
:10E6D000992306F07DFD08489921EAF775FB08F0BB
:10E6E00052FC437B23F0020343730023836008BD85
:10E6F000CDB50700D241070087B5070070B590F986
:10E700000D20437B002A50DBD9064ED163F07F03F6
:10E710004373274B984209D126492748274A4F235C
:10E7200006F056FD25484F21EAF74EFB244C2246C1
:10E73000216A52F81C3F934207D1C0E900210860CA
:10E74000206211E09942F8D01B68002BF5D090F9B7
:10E750000E5093F90E60B542F4D0AE42F2DD596826
:10E76000C0E9003108605860E569954200D005B9FC
:10E77000E568A3685BB91349134A0F48D52306F02F
:10E7800027FD124806F024FD0F48D521CCE75A7B1F
:10E79000D20604D1DA897F2A01D9AA6932B1AB4203
:10E7A00002D0284601F020FAA56170BDA361FCE704
:10E7B0007054002082B90700D241070060B90700F9
:10E7C0003C7E0020CFB90700A3B90700CAB50700F7
:10E7D00070B590F90D20437B324C002A014610DAC7
:10E7E00003F07F03A042437309D12F492F4A3048D9
:10E7F000562306F0EDFC56212C48EAF7E5FA08F01E
:10E80000C2FB4B7BA14263F07F034B7307D12649C8
:10E81000264A27484F2306F0DBFC4F21ECE7254C26
:10E820002246206A52F81C3F934207D1C1E90020DA
:10E830000160216211E09842F8D01B68002BF5D0EE
:10E8400091F90E5093F90E60B542F4D0AE42F2DD6C
:10E850005868C1E9003001605960E569A3689542D4
:10E8600000D005B9E5688B4214D05BB91249134A50
:10E870000F48D52306F0ACFC114806F0A9FC0F4860
:10E88000D521BAE75A7BD20604D1DA897F2A01D989
:10E89000AA692AB1AB4202D0284601F0A5F92B465D
:10E8A000A36170BD7054002082B9070060B90700F1
:10E8B000D24107003C7E0020CFB90700A3B9070072
:10E8C000CAB5070038B50446EFF31185402383F33A
:10E8D0001288BFF36F8F174801F012FA68B9164A11
:10E8E00016491748882306F073FC1249154806F0AC
:10E8F0006FFC88211048EAF767FA0E4801F024FA05
:10E900002046FFF7FBFE0B4801F008FA68B90A4AF7
:10E910000D490B4840F2311306F05AFC05490B48EB
:10E9200006F056FC40F23111E4E785F31188BFF39D
:10E930006F8F38BD747E0020916C0700BE6C07009D
:10E94000D2410700D36C0700E96C0700006D070097
:10E95000F8B56C4DAE688642044659D1EFF3058395
:10E96000002B55D1EFF31187402383F31288BFF3B7
:10E970006F8F654801F0C4F960B9644A644965481D
:10E98000882306F025FC6049634806F021FC8821B5
:10E990005E4813E05C4801F0D7F9737B03F07F0316
:10E9A00043F0100373735D4B9E4209D15C49594893
:10E9B0005C4A562306F00CFC5A485621EAF704FA42
:10E9C000304608F0E0FA2B4653F81C4F9C4200D02A
:10E9D00004B9EC68AB689C4202D0204601F004F90F
:10E9E0004948AC6101F09AF968B9484A4E4949482A
:10E9F00040F26B1306F0ECFB43494C4806F0E8FB91
:10EA000040F26B11C4E73846BDE8F840FFF7EEBDB1
:10EA1000EFF31186402383F31288BFF36F8F3A48D8
:10EA200001F06EF90028A8D0374801F08DF9637B1A
:10EA3000DA0612D5344801F071F900285DD1334A65
:10EA40003949344840F2311306F0C2FB2E493748A9
:10EA500006F0BEFB40F231119AE7D90943F01002EB
:10EA60003ED16273EF69324B9F4200D007B9EF6825
:10EA7000AB68BB4202D0384601F0B6F8AB68AF6174
:10EA80009C42D7D1EFF30585002DD3D1237BDB0743
:10EA90001FD51D4801F042F90028D0D086F3118817
:10EAA000BFF36F8F85F31188BFF36F8F0423184670
:10EAB00002DFEFF31186402383F31288BFF36F8FD9
:10EAC000114801F01DF900283FF457AF0E4801F03E
:10EAD0003BF90D4801F022F9002886D0304693E733
:10EAE00003F07F0343F0100363730C4B9C423FF42D
:10EAF0005DAF204608F047FAB4E786F31188BFF30C
:10EB00006F8FF8BD3C7E0020747E0020916C070062
:10EB1000BE6C0700D2410700D36C07007054002080
:10EB200082B9070060B90700E96C0700006D0700B3
:10EB3000587E002038B50446EFF31185402383F357
:10EB40001288BFF36F8F184801F0DAF868B9174AD6
:10EB500017491848882306F03BFB1349164806F06E
:10EB600037FB88211148EAF72FF90F4801F0ECF83C
:10EB7000A36813B12046FFF7A5FD0B4801F0CEF8BE
:10EB800068B90A4A0D490B4840F2311306F020FBE0
:10EB900005490B4806F01CFB40F23111E2E785F312
:10EBA0001188BFF36F8F38BD747E0020916C070011
:10EBB000BE6C0700D2410700D36C0700E96C070068
:10EBC000006D070038B50446EFF31185402383F349
:10EBD0001288BFF36F8F1E4801F092F868B91D4A82
:10EBE0001D491E48882306F0F3FA19491C4806F00F
:10EBF000EFFA88211748EAF7E7F8154801F0A4F87A
:10EC0000637B13F0280F0BD1A36813B12046FFF7E5
:10EC100059FD637B23F0040363732046FFF76EFD09
:10EC20000B4801F07BF868B90A4A0E490B4840F2DC
:10EC3000311306F0CDFA06490B4806F0C9FA40F246
:10EC40003111D7E785F31188BFF36F8F38BD00BF4F
:10EC5000747E0020916C0700BE6C0700D241070053
:10EC6000D36C0700E96C0700006D07002DE9F04741
:10EC7000DFF800A1344D354B1746A842DAF80820DA
:10EC80001A60DDE9089804460E460BD13049314838
:10EC9000314A40F2722306F09BFA2F4840F272216B
:10ECA000EAF792F8EFF31183402383F31288BFF35E
:10ECB0006F8F284601F024F860B9284A2849254872
:10ECC000882306F085FA2946264806F081FA88212D
:10ECD0002248E5E7284601F037F8DAF808503946C7
:10ECE000284608F058F9B8F1FF3F08BFB9F1FF3FD7
:10ECF00006D01D494A46434605F1180001F076F852
:10ED0000204601F00BF868B91849144A114840F23E
:10ED10006B1306F05DFA2146154806F059FA40F2E9
:10ED20006B11D5E7084800F0F9FF40B90F490B4ACD
:10ED3000084840F26B1306F04BFA0349ECE7304603
:10ED4000BDE8F047FFF752BC747E0020787E0020BB
:10ED5000F6B90700D241070060B90700916C0700BF
:10ED6000BE6C0700D36C0700E76F0600E96C070074
:10ED7000006D07003C7E002070B50546EFF311865C
:10ED8000402383F31288BFF36F8F1B4800F0B8FF56
:10ED900068B91A4A1A491B48882306F019FA164915
:10EDA000194806F015FA88211448EAF70DF81248B8
:10EDB00000F0CAFF2C68A54215D014B12046FFF719
:10EDC00081FC0D4800F0AAFF78B90C4A0F490D48A4
:10EDD00040F2311306F0FCF907490D4806F0F8F946
:10EDE00040F23111E0E70024EBE786F31188BFF32E
:10EDF0006F8F204670BD00BF747E0020916C0700AD
:10EE0000BE6C0700D2410700D36C0700E96C070015
:10EE1000006D07002DE9F04104460D46EFF3118720
:10EE2000402383F31288BFF36F8F584800F068FFC8
:10EE300060B9574A57495848882306F0C9F95349D9
:10EE4000564806F0C5F98821514818E04F4800F0AF
:10EE50007BFF637B03F01F02002A0CBF0126002604
:10EE60005DD103F07F0363734D4B9C4209D14D4943
:10EE700049484D4A562306F0ABF94B485621E9F76D
:10EE8000A3FF204608F07FF8DFF83081637B42461D
:10EE900063F07F036DB2A573637352F81C3F934216
:10EEA0003AD1D8F82010C4E900210C60C8F82040FD
:10EEB0000FE09942F7D01B68002BF4D093F90E00B5
:10EEC0008542F6D0A842F4DD5968C4E900310C60EF
:10EED0005C60D8F81C40944200D00CB9D8F80C40C3
:10EEE000D8F808309C4202D0204600F07DFEC8F8D9
:10EEF0001840264800F012FF00283FD1244A2B4931
:10EF0000254840F2311306F063F92049284806F0FD
:10EF10005FF940F2311197E7D8F82010CCE79B0752
:10EF20002AD5A16841B923491B48234A992306F0F1
:10EF30004FF921489921A2E720466DB208F023F845
:10EF4000A5730B68994209D14B68C4E900131C6092
:10EF50004C60CEE74A689342F6D01B68002BF3D092
:10EF600093F90E209542F5D0AA42F3DD5A68C4E920
:10EF7000003214605C60BCE7A573BAE787F31188C0
:10EF8000BFF36F8F3046BDE8F08100BF747E002074
:10EF9000916C0700BE6C0700D2410700D36C0700DC
:10EFA0007054002082B9070060B90700E96C0700BF
:10EFB000006D0700CDB5070087B507003C7E002037
:10EFC00070B504460D46F9B9EFF30586E6B91A4B5C
:10EFD0009A699B689A4217D000F0A0FE78B9174A48
:10EFE0001749184840F26B1306F0F2F8214616480C
:10EFF00006F0EEF840F26B111048E9F7E5FE3046F6
:10F00000BDE87040FFF7F2BA204600F087FE68B90D
:10F010000A4A0B490B4840F2311306F0D9F8214651
:10F02000094806F0D5F840F23111E5E785F311887B
:10F03000BFF36F8F70BD00BF3C7E0020916C070056
:10F04000E96C0700D2410700006D070038B504469F
:10F05000EFF31185402383F31288BFF36F8F1D48B0
:10F0600000F04EFE68B91C4A1C491D48882306F072
:10F07000AFF818491B4806F0ABF888211648E9F7A5
:10F08000A3FE144800F060FE637BDA0616D4114834
:10F0900000F044FE68B9104A1349114840F2311398
:10F0A00006F096F80B49114806F092F840F231113B
:10F0B000E4E785F31188BFF36F8F38BD23F01003A9
:10F0C00020466373FFF71AFB29460248BDE8384023
:10F0D000FFF776BF747E0020916C0700BE6C0700BE
:10F0E000D2410700D36C0700E96C0700006D0700F0
:10F0F000034648B9EFF3058232B9064A916992682E
:10F10000914201D0FFF772BA83F31188BFF36F8F7A
:10F11000704700BF3C7E002010B5EFF31184402300
:10F1200083F31288BFF36F8F264800F0E9FD60B9C2
:10F13000254A26492648882306F04AF821492548C9
:10F1400006F046F88821204810E01E4800F0FCFD3B
:10F15000EFF3058363B12049204A1D488F2306F051
:10F1600037F81F4806F034F88F211C48E9F72CFEC9
:10F170001C4B9A68D37B012B0AD11B49174A1448B0
:10F18000902306F025F8164806F022F89021ECE7C7
:10F19000013BD3730B4800F0C1FD68B90A4A13491B
:10F1A0000B4840F2311306F013F80649104806F0F8
:10F1B0000FF840F23111C6E784F31188BFF36F8F67
:10F1C00010BD00BF747E0020916C0700BE6C07006C
:10F1D000D2410700D36C070003B7070087B50700CB
:10F1E000CAB507003C7E00202FBA0700E96C070073
:10F1F000006D070070B5EFF31186402383F312888A
:10F20000BFF36F8F374800F07BFD60B9364A37494E
:10F210003748882305F0DCFF3249364805F0D8FF2F
:10F220008821314813E0344D2E4800F08DFDAB6845
:10F23000DA7B72B93149324A2D4840F20D3305F07C
:10F24000C7FF304805F0C4FF40F20D312C48E9F704
:10F25000BBFDEFF3058161B12B49294A244840F2F7
:10F260000E3305F0B5FF274805F0B2FF40F20E312E
:10F27000ECE70132DA732A4652F81C4F944200D070
:10F2800004B9EC685A7BD20604D1DA897F2A01D905
:10F29000A2692AB1A34202D0204600F0A5FC234671
:10F2A0001048AB6100F03AFD68B90F4A17491048A1
:10F2B00040F2311305F08CFF0A49154805F088FF2C
:10F2C00040F23111ADE786F31188BFF36F8FEFF392
:10F2D0001180402383F31288BFF36F8FBDE8704025
:10F2E000FFF706BF747E0020916C0700BE6C07001C
:10F2F000D2410700D36C07003C7E002060BA0700B3
:10F3000060B90700CAB5070003B70700E96C07003A
:10F31000006D0700024B03F11C02C3E9072270478E
:10F320003C7E002070B5EFF3058373B139493A4A4A
:10F330003A4840F2244305F04BFF394805F048FFB6
:10F34000354840F22441E9F73FFDEFF311864023B1
:10F3500083F31288BFF36F8F324800F0D1FC60B99D
:10F36000314A32492D48882305F032FF2D49304873
:10F3700005F02EFF88212C48E5E72E4C294800F0A7
:10F38000E3FCA168206A0B68814214BF1A46002280
:10F3900049680B605960A368216A2AB9264AC3E903
:10F3A00000210B6023620CE093F90E0092F90E50DD
:10F3B000A84225D0854223DD5168C3E900210B60B6
:10F3C0005360E5691C4B9D4200D005B9E568A36810
:10F3D0009D4202D0284600F007FC1248A56100F0CB
:10F3E0009DFC88B9104A15490C4840F26B1305F092
:10F3F000EFFE0C49124805F0EBFE40F26B11BAE744
:10F400008A42CBD01268C8E73046BDE87040FFF7AB
:10F41000EDB800BF03B7070060B90700D24107008D
:10F42000CAB50700747E0020916C0700BE6C07000F
:10F43000D36C07003C7E0020587E0020E96C07005A
:10F44000006D07002DE9F04106460C46EFF30587F5
:10F4500077B13449344A354840F23C4305F0B8FEB0
:10F46000334805F0B5FE304840F23C41E9F7ACFCCA
:10F4700050EA010304D1FFF755FF0020BDE8F081F9
:10F48000EFF31188402383F31288BFF36F8F29486D
:10F4900000F036FC60B9284A28492448882305F042
:10F4A00097FE2449264805F093FE88212248DDE78F
:10F4B000244D204800F048FC234BA8681860FFF753
:10F4C000AFF8A868214923463246183000F08EFC78
:10F4D000AA68537B43F0040304465373154800F0B5
:10F4E0001DFC68B9144A1A49104840F26B1305F024
:10F4F0006FFE1049174805F06BFE40F26B11D5E71F
:10F500004046FFF773F8AB68D3E90A23B3F1004F25
:10F5100008BFBA42B1D107F09FFD201A20EAE0707F
:10F52000ACE700BF03B7070060B90700D24107008E
:10F53000CAB50700747E0020916C0700BE6C0700FE
:10F54000D36C07003C7E0020787E0020E76F060029
:10F55000E96C0700006D070070B504460E46EFF336
:10F56000058575B11A491B4A1B4840F2664305F0F0
:10F570002FFE1A4805F02CFE164840F26641E9F7C6
:10F5800023FCFFF75FFFB6F1FF3F08BFB4F1FF3F79
:10F590000246204616D047F6FF704FF47A740346B1
:10F5A0002946C2FB0431B3F5004F71F100020AD3C2
:10F5B0006FF400429A4243F6FF728A4105D3D80B9A
:10F5C00040EA414070BD2846FCE76FF00040F9E793
:10F5D00003B7070060B90700D2410700CAB50700AA
:10F5E0000C490D4A38B500244FF400458C4621469D
:10F5F000C0FB05C100236046C8F77CFDC117FFF7BB
:10F6000021FF054A47F6FF73C0FB0234DB0B43EAD8
:10F61000444038BD3F420F0040420F0038B5044619
:10F62000EFF31185402383F31288BFF36F8F2048D7
:10F6300000F066FB68B91F4A1F492048882305F07F
:10F64000C7FD1B491E4805F0C3FD88211948E9F78D
:10F65000BBFB174800F078FB637B5B0710D504F118
:10F66000180000F0A7FC637B23F0040320466373BB
:10F67000FFF744F829460E48BDE83840FFF7A0BC24
:10F680000B4800F04BFB68B90A4A0E490B4840F2A0
:10F69000311305F09DFD06490B4805F099FD40F238
:10F6A0003111D3E785F31188BFF36F8F38BD00BFE9
:10F6B000747E0020916C0700BE6C0700D2410700E9
:10F6C000D36C0700E96C0700006D0700014B9868D8
:10F6D000704700BF3C7E00202DE9F8430446077BBD
:10F6E000EFF31185402383F31288BFF36F8F7D48BA
:10F6F00000F006FB68B97C4A7C497D48882305F008
:10F7000067FD78497B4805F063FD88217648E9F775
:10F710005BFB744800F018FB637B190717D5714831
:10F7200000F0FCFA68B9704A7349714840F231132D
:10F7300005F04EFD6B49714805F04AFD40F231116C
:10F74000E4E785F31188BFF36F8FBDE8F883D9092B
:10F7500043F0080240F083806273A36813B120462F
:10F76000FEF7B0FF04F1180000F024FCA66D04F1D0
:10F770005808B04511D04FF0000976B13046FEF779
:10F78000A1FF06F1180000F015FCC6F8989030466D
:10F79000FEF7B4FFA66DB045EFD1DFF88881D8F849
:10F7A00008309C4270D1EFF30589B9F1000918BF08
:10F7B0004FF00109D8F81C60514A964200D00EB9AA
:10F7C000D8F80C60B34202D0304600F00DFA204663
:10F7D000C8F81860F2F7AEFEB9F1000F02D0494840
:10F7E000FEF7F4FED8F808309C4260D1EFF30586AE
:10F7F000002E5CD1237BDA071FD53A4800F08EFA41
:10F80000002890D085F31188BFF36F8F86F311889D
:10F81000BFF36F8F0423184602DFEFF311854023F7
:10F8200083F31288BFF36F8F2E4800F069FA002827
:10F830003FF461AF2B4800F087FA2A4800F06EFAD7
:10F8400028BB294A2C492A4840F26B1305F0C0FC1A
:10F8500024492A4805F0BCFC40F26B1156E703F03E
:10F860007F0343F008036373274B9C4208D1274969
:10F87000274A1F48562305F0ABFC5621244846E78B
:10F88000204607F080FB68E74FF0000992E7284622
:10F89000FEF7ACFE1F491E4A15484FF4DD7305F014
:10F8A00097FC1D4805F094FC4FF4DD71E6E70D4828
:10F8B00000F034FA00283FF436AF85F31188BFF327
:10F8C0006F8FFB077FF541AF114A1449084840F29A
:10F8D0003D5305F07DFC2146114805F079FC40F2CE
:10F8E0003D51CBE7747E0020916C0700BE6C070091
:10F8F000D2410700D36C0700E96C0700006D0700D8
:10F90000587E0020305600207054002082B9070035
:10F9100060B9070091BA07009CBA0700BEBA070099
:10F92000C9BA07003C7E00202DE9F0410446164686
:10F930001D46EFF31187402383F31288BFF36F8FC7
:10F940003F4800F0DDF960B93E4A3F493F4888230F
:10F9500005F03EFC3A493E4805F03AFC882139481A
:10F9600023E0374800F0F0F9637B1B0748D455EAE1
:10F97000060358D0DFF8F480D8F80800A04255D02C
:10F98000A26800F158039A4250D0EFF3058373B197
:10F990003049314A2D4840F25F5305F019FC2F4899
:10F9A00005F016FC2C4840F25F51E9F70DFA04F11E
:10F9B000580107F0F0FAB5F1FF3F08BFB6F1FF3F7D
:10F9C00007D0D8F80800264932462B46183000F0F8
:10F9D0000DFA1B4800F0A2F968B91A4A21491B48E0
:10F9E00040F26B1305F0F4FB15491F4805F0F0FBDE
:10F9F00040F26B11B3E73846BDE8F041FEF7F6BDC3
:10FA000000240F4800F08AF998B90E4A15490F48AA
:10FA100040F2311305F0DCFB0949134805F0D8FB2F
:10FA200040F231119BE76FF00F04EAE76FF02C040E
:10FA3000E7E787F31188BFF36F8F2046BDE8F081B9
:10FA4000747E0020916C0700BE6C0700D241070055
:10FA5000D36C070003B7070060B90700E7BA0700D7
:10FA6000E76F0600E96C0700006D07003C7E002090
:10FA70002DE9F843064688461746EFF311894023DF
:10FA800083F31288BFF36F8F214800F039F90546E0
:10FA900068B9204A20492148882305F099FB1C4970
:10FAA0001F4805F095FB88211A48E9F78DF9184899
:10FAB00000F04AF93468A6421FD004B32046C4F8C7
:10FAC00098802761FEF7FEFD04F1180000F072FA3D
:10FAD0002046FEF713FE0E4800F020F988B90D4AC3
:10FAE00010490E4840F2311305F072FB08490E48E8
:10FAF00005F06EFB40F23111D6E70025EBE7254615
:10FB0000E9E789F31188BFF36F8F2846BDE8F883D2
:10FB1000747E0020916C0700BE6C0700D241070084
:10FB2000D36C0700E96C0700006D0700D3B5DDE971
:10FB30000667089CCDE90067FFF798F81CB1034BF6
:10FB40009B681B69236002B0D0BD00BF3C7E0020D3
:10FB500008B568B10F4B98420AD303F118029042DE
:10FB600006D2C01A1822B0FBF2F302FB13034BB10A
:10FB700009490A480A4A382305F02AFB084838216F
:10FB8000E9F722F9074BC0105843074B01221A54DA
:10FB900008BD00BF1057002024BB0700D24107005A
:10FBA000FCBA0700ABAAAAAAD5C90020C3897F2B3B
:10FBB00012D80A4B1B6863B1094B90F90E201B68E1
:10FBC0009A4209DB437BDB0606D1064BC31A18BFFA
:10FBD000012303F0010070470023FAE7080A002020
:10FBE0007C7E00207054002070B50E4B0E4C1E7CA5
:10FBF00006EB460304EBC3040546204600F0DAF9A1
:10FC00000A4B002228469A55FFF7D0FF48B1084B0F
:10FC100008491A68013A2046D317BDE8704000F041
:10FC2000E5B870BD3C7E002010570020D5C90020EB
:10FC3000080A002051FB050038B5EFF31185402379
:10FC400083F31288BFF36F8F234800F059F868B927
:10FC5000224A23492348882305F0BAFA1E4922483C
:10FC600005F0B6FA88211D48E9F7AEF81A4800F009
:10FC70006BF81E4B1E4A9C681068A04213D1FFF718
:10FC8000B3FF154800F04AF808BB144A1949154853
:10FC900040F2311305F09CFA0F49174805F098FA25
:10FCA00040F23111DFE700211B7C1160134AD35C65
:10FCB000002BE6D02046FFF779FF0028E1D0637BD8
:10FCC000DB0602D12046FEF783FD2046D7E785F309
:10FCD0001188BFF36F8F38BD747E0020916C0700D0
:10FCE000BE6C0700D2410700D36C07003C7E0020A9
:10FCF000787E0020E96C0700006D0700D5C9002060
:10FD0000006838B1044B1B7C00F00300C01A18BF18
:10FD100001207047012070473C7E002000230268CC
:10FD20000360EFF30581074B19B19968497BC90757
:10FD300006D4197C98680843831A58425841704782
:10FD4000012070473C7E0020024B1A7C9B681343C5
:10FD5000036070473C7E00200748084A084908B500
:10FD6000121A07F098F80748074A0849BDE8084002
:10FD7000121A07F090B800BF00050020C40F002041
:10FD800090C20700B80400200005002048C2070008
:10FD9000024B1868984208BF002070470C0A0020E8
:10FDA000034B1B680BB9F7F7FDBC0020704700BF81
:10FDB000807E002030B570B10B4B5B6898420AD052
:10FDC000036843B1D3E90421D0E90445121941EB9A
:10FDD0000501C3E90421D0E9003213605A60002311
:10FDE000C0E9003330BD00BF0C0A0020B3F1FF3F73
:10FDF00008BFB2F1FF3F2DE9F74F044690469B46FE
:10FE000015461F4600F0B880D0F80090B9F1000FF9
:10FE10000CD05B495B4A5C48722305F0D9F95B481A
:10FE200005F0D6F957487221E8F7CEFF8160EFF36D
:10FE300011830193402383F31288BFF36F8F5448DB
:10FE4000FFF75EFF824660B9524A53494E48882305
:10FE500005F0BEF94E49514805F0BAF988214D48E0
:10FE6000E2E74B48FFF770FFB8F1FF3F7BF1FF334C
:10FE70004B4A1FDBFFF794FF494A0135D2E90017CF
:10FE80004BF1000B2D184BEBE073C4E904536D18D4
:10FE9000064643EB0707FFF77BFFDFF814E1DEF8C8
:10FEA00004900346F3B9C4E900E9C9F80040CEF86C
:10FEB000044029E0D2E900126FF001035B1A4FF011
:10FEC000FF3161EB0202B3EB080362EB0B02012B83
:10FED00072F10001BCBF01234A46C4E904324FF06D
:10FEE000000AD8E7D3E9041CD4E904208A4270EB65
:10FEF0000C0B2EDA891A5A686CEB0000C3E9041067
:10FF0000C4E9003214605C60FFF742FF84420ED106
:10FF1000244B1B685BB9BAF1000F02D1FFF740FF19
:10FF20000646304607F081F80021F7F715FC18481F
:10FF3000FFF7F4FEB0B9174A1B49134840F23113DA
:10FF400005F046F91249194805F042F940F231111D
:10FF500085E7521A60EB0C009945C4E90420A2D051
:10FF60001B689FE7019B83F31188BFF36F8F2846BF
:10FF7000394603B0BDE8F08F00252F46F7E700BFF4
:10FF8000F9BC0700D5BC0700D2410700CAB507007D
:10FF9000847E0020916C0700BE6C0700D36C0700C4
:10FFA00028570020807E0020E96C0700006D0700C4
:10FFB0000C0A002070B50446EFF31186402383F34A
:10FFC0001288BFF36F8F2348FFF79AFE68B9224A61
:10FFD00022492348882305F0FBF81E49214805F0F3
:10FFE000F7F888211C48E8F7EFFE1A48FFF7ACFE47
:10FFF000236833B3FFF7CCFE05462046FFF7DAFE51
:0200000260009C
:1000000000224FF00043A542C4E9042306D1FFF7C4
:10001000C7FE07F00AF80021F7F79EFB00240D4801
:10002000FFF77CFE80B90C4A0F490D4840F23113AE
:1000300005F0CEF807490D4805F0CAF840F2311135
:10004000D0E76FF01504EAE786F31188BFF36F8FEE
:10005000204670BD847E0020916C0700BE6C0700B6
:10006000D2410700D36C0700E96C0700006D070060
:100070002DE9F04D0446EFF31186402383F31288F7
:10008000BFF36F8F4348FFF73BFE68B9424A4349CD
:100090004348882305F09CF83E49424805F098F80B
:1000A00088213D48E8F790FEDFF8088139483E4F47
:1000B000FFF74AFEC8F80040FFF76AFE4FF0000A5B
:1000C00004464FF0000BD8F80030D7E9001CD817D1
:1000D00054B1D4E90452AB4270EB020E1EDAED1AB1
:1000E00062EB0002C4E904525B184CEB00000024F0
:1000F000C7E900302046C8F8004006F096FF2146C8
:10010000F7F72AFB2348FFF709FEA8B186F3118809
:10011000BFF36F8FBDE8F04DFFF78EBD69184CEB54
:10012000E5732046C4E904ABC7E90013FFF742FEBC
:100130001848FFF7F3FD68B9174A1C49184840F200
:10014000311305F045F81349194805F041F840F21C
:100150003111A6E786F31188BFF36F8FA36820469D
:100160009847EFF31186402383F31288BFF36F8F14
:100170000848FFF7C5FD002888D00648FFF7E4FDD2
:10018000D8F800305B1BC8F80030FFF701FE0446CA
:1001900099E700BF847E0020916C0700BE6C0700C9
:1001A000D2410700D36C070028570020E96C0700F4
:1001B000006D0700807E002070B5EFF311864023AC
:1001C00083F31288BFF36F8F1A48FFF799FD68B960
:1001D000194A1A491A48882304F0FAFF15491948A0
:1001E00004F0F6FF88211448E8F7EEFD1148FFF708
:1001F000ABFDFFF7D5FD144AD2E90045041945EBE4
:10020000E0750C48FFF78AFD68B90B4A0F490C48A6
:1002100040F2311304F0DCFF06490D4804F0D8FF2A
:1002200040F23111DFE786F31188BFF36F8F20466C
:10023000294670BD847E0020916C0700BE6C0700CB
:10024000D2410700D36C070028570020E96C070053
:10025000006D0700F8B50446EFF31187402383F3E0
:100260001288BFF36F8F4F48FFF74AFD68B94E4AB7
:100270004E494F48882304F0ABFF4A494D4804F0EB
:10028000A7FF88214848E8F79FFD4648FFF75CFD37
:10029000226892B14348FFF741FD00287DD1424AD0
:1002A0004549434840F2311304F092FF3D49434829
:1002B00004F08EFF40F23111E4E7D4E90A36581C0D
:1002C00046F10001022871F1000127D3012B76F1DC
:1002D0000001BCBF012316465D1E46F1FF3606F045
:1002E000BFFE013041F10001401946EB0101012838
:1002F00071F100014CDB06F0B3FE013041F1000169
:100300006FF00102401946EB0103121A4FF0FF3162
:1003100061EB03032A492046FFF768FD236B013395
:100320002363236AD3B11F48FFF7F8FC0028B6D037
:1003300087F31188BFF36F8F236A20469847EFF346
:100340001187402383F31288BFF36F8F1548FFF79F
:10035000D7FC00288BD01348FFF7F6FC54F8185F41
:10036000A54297D0002D95D02846FEF7E3FB002349
:100370000C48C5F89830FFF7D1FC00288FD087F3E0
:100380001188BFF36F8F2846BDE8F840FEF79ABA90
:100390006FF001024FF0FF33BCE787F31188BFF322
:1003A0006F8FF8BD887E0020916C0700BE6C07003F
:1003B000D2410700D36C0700E96C0700006D07000D
:1003C000550206002DE9F843064614461D4691469F
:1003D0009846EFF31187402383F31288BFF36F8FA2
:1003E0002848FFF78DFC68B9274A28492848882300
:1003F00004F0EEFE2349274804F0EAFE8821224853
:10040000E8F7E2FC1F48FFF79FFCB5F1FF3F08BF8C
:10041000B4F1FF3F11D11B48FFF780FC60BB1A4AC3
:100420001D491B4840F2311304F0D2FE15491B4808
:1004300004F0CEFE40F23111E1E7631C75F1FF33A9
:100440000ADB012C75F100032246BCBF0122002506
:1004500012F1FF3945F1FF383046FFF7ABFDDDE91A
:100460000823C6E90A23002333634A46434630463D
:100470000B49FFF7BBFCCEE787F31188BFF36F8F03
:10048000BDE8F883887E0020916C0700BE6C0700F1
:10049000D2410700D36C0700E96C0700006D07002C
:1004A000550206002DE9F84F4F1E0F4206460D4635
:1004B0009A460BD02F49304A3048172304F088FE63
:1004C0002F4804F085FE17212B481CE0141D4DD247
:1004D00041F0040B00F11408EFF31189402383F37A
:1004E0001288BFF36F8F4046FFF70AFC68B9254AB0
:1004F00025492248882304F06BFE4146234804F036
:1005000067FE88211F48E8F75FFC4046FFF71CFCA8
:10051000224659463046D04704464046FFF7FEFB88
:1005200068B9184A1A49154840F2311304F050FED0
:100530004146184804F04CFE40F23111E2E789F3DD
:100540001188BFF36F8F8CB144F8046B7DB13C42CE
:100550000DD0094A10490948342304F039FE2146D8
:100560000E482A4604F034FE3421ADE7002420462C
:10057000BDE8F88F3DBD070019BD0700D241070057
:1005800058BD0700916C0700BE6C0700D36C0700D4
:10059000E96C0700006D070075BD0700A7BD0700E7
:1005A0002DE9F04105460E46174606F0E4FC30B949
:1005B000074B9B68D3F8904014B9BDE8F081054C17
:1005C0003B46324629462046BDE8F041FFF76ABF68
:1005D0003C7E0020600D00200246024B02480021B4
:1005E000FFF760BF1F500600600D0020014BC0F8F0
:1005F00090307047600D00200146024A0020FFF74E
:10060000CFBF00BF1F50060038B50D4C0D4DAC429A
:1006100013D90D490D4A0E481A2304F0D9FD0D488F
:1006200004F0D6FD09481A21E8F7CEFBD4E90112FF
:10063000204606F046FD1834E9E7F7D3002038BD20
:10064000600D0020780D0020F1BD0700CFBD070030
:10065000D241070085700700F8B505460E4600F147
:100660001404EFF31187402383F31288BFF36F8FD5
:100670002046FFF745FB68B91B4A1C491C488823E4
:1006800004F0A6FD21461B4804F0A2FD882116486F
:10069000E8F79AFB2046FFF757FB28463146ECF770
:1006A00025F905F10C0006F0ACFC28B139462046CE
:1006B000BDE8F840FEF784BC2046FFF72FFB68B981
:1006C000094A0D490A4840F2311304F081FD2146E0
:1006D0000A4804F07DFD40F23111D8E787F3118814
:1006E000BFF36F8FF8BD00BF916C0700BE6C0700B1
:1006F000D2410700D36C0700E96C0700006D0700CA
:1007000007B5074B0093074907484FF0FF334FF4F5
:100710000072FDF771FD002003B05DF804FB00BF1F
:100720006C950600802601203057002038B510EE69
:10073000105A25F00044B4F1A14FF0EE407A10D3E6
:10074000B4F1FF4F04D970EE007AB0EE670A38BDFD
:10075000DFED4D7A9FED4D7A002DC8BFF0EE477A60
:10076000F3E74B4B9C4210D8B4F1445F0AD29FEDA3
:10077000497A30EE077AF7EE006AB4EEE67AF1EEE7
:1007800010FAE2DC4FF0FF3313E006F0A5FC424B19
:100790009C424FD8A3F5D0039C4241D8F0EE007A9A
:1007A000BFEE007AA0EE277A002330EE270AC7EECC
:1007B000007A5A1C27EEA76A9FED387ADFED385A87
:1007C0009FED385A66EE066AE6EE875A9FED367A56
:1007D000A5EEA67ADFED355AE7EE265A9FED347A7C
:1007E000A5EEA67ADFED335AE7EE265A9FED327A70
:1007F000A6EE875A9FED317AA5EE267A9FED305A04
:10080000A7EE265A9FED2F7AA5EE267A27EE267AB6
:10081000A5EE867A27EE877A21D177EEC77A94E71C
:10082000F7EE007A30EE677A30EE270A0123C7EE42
:10083000007ABEE7244B9C420BD8F7EE087AB7EE5D
:10084000007AA0EE277A022370EE676AC6EE877AF6
:10085000AFE7BFEE007AC7EE007A0323A9E71B4A91
:100860001B4902EB830201EB8303D3ED006A37EEF1
:10087000667A002D37EE677AD2ED007A77EEC77A86
:10088000B8BFF1EE677A60E7DB0FC9BFDB0FC93F86
:10089000FFFFDF3ECAF24971FFFF973FD769853CF2
:1008A00059DA4B3D6BF16EBD356B883D6E2EBA3D0E
:1008B0002549123EABAAAA3E21A215BD95879DBD32
:1008C000388EE3BDCDCC4CBEFFFF1B4084950600A7
:1008D0007495060010EE103A07B51E4A23F0004347
:1008E000934206D8DFED1C0A03B05DF804EB00F07C
:1008F0003BBEB3F1FF4F04D330EE400A03B05DF8C6
:1009000004FB684600F000FD00F00300012809D058
:10091000022810D0B0B9DDED010A9DED000A00F00B
:1009200023FEEBE7DDED010A9DED000A01F0F2F890
:10093000B1EE400AE2E7DDED010A9DED000A00F0AC
:1009400013FEF5E7DDED010A9DED000A012001F03F
:10095000E1F8D3E7D80F493F0000000010EE103A4D
:1009600007B51F4A23F00043934207D8DFED1D0A65
:10097000002003B05DF804EB01F0CCB8B3F1FF4FF9
:1009800004D330EE400A03B05DF804FB684600F083
:10099000BBFC00F0030001280AD002280FD0C0B928
:1009A000DDED010A9DED000A012001F0B3F8EAE750
:1009B000DDED010A9DED000A00F0D6FDE3E7DDED77
:1009C000010A9DED000A012001F0A4F8B1EE400AF1
:1009D000D9E7DDED010A9DED000A00F0C5FDF5E760
:1009E000D80F493F0000000010EE103A07B5124A38
:1009F00023F00043934207D8DFED100A012003B033
:100A00005DF804EB01F0CEB8B3F1FF4F04D330EE44
:100A1000400A03B05DF804FB684600F075FC400036
:100A200000F00200DDED010A9DED000AC0F10100B9
:100A300001F0B8F8EDE700BFDA0F493F0000000011
:100A400038B52DED028B55EC104B00F0F5F8154B39
:100A5000B0EE408AF0EE608A93F90030013319D08D
:100A600022462B4620462946C7F738F990B900227E
:100A7000002320462946C7F709F958B105F0F5FAD1
:100A8000212303600022002310461946C6F7B6FF53
:100A900041EC180BB0EE480AF0EE680ABDEC028B90
:100AA00038BD00BFDA0C002008B52DED028BB0EE8A
:100AB000408A00F079F9134B93F900300133F0EEDE
:100AC000408A1AD0B4EE488AF1EE10FA15D6B0EE8C
:100AD000480A06F001FBF7EE007AB4EEE70AF1EE01
:100AE00010FA0ADD05F0C1FABDEC028B2123036088
:100AF000BDE80840044801F079B9B0EE680ABDECE1
:100B0000028B08BDDA0C0020CCB5070008B52DED2E
:100B1000028BB0EE408A00F03FFA134B93F900309D
:100B20000133F0EE408A1AD0B4EE488AF1EE10FAA2
:100B300015D6B0EE480A06F0CFFAF7EE007AB4EE1A
:100B4000E70AF1EE10FA0ADD05F08FFABDEC028B30
:100B500021230360BDE80840044801F047B9B0EE26
:100B6000680ABDEC028B08BDDA0C0020CCB507008A
:100B700008B52DED028BF0EE408A00F0F3FA164B2B
:100B800093F900300133B0EE408A11D0B0EE680A1C
:100B900006F0ACFA60B1DFED117AF4EEE78AF1EE1F
:100BA00010FA0ADD05F061FA9FED0D8A2223036039
:100BB000B0EE480ABDEC028B08BDDFED0A7AF4EE18
:100BC000E78AF1EE10FAF3D505F04FFA22239FEDF4
:100BD000068A0360ECE700BFDA0C00208071B142A6
:100BE0000000807FB5F1CFC20000000008B52DEDF8
:100BF000028BB0EE408A06F076FA0D4B93F9003086
:100C0000013311D0B4EE488AF1EE10FA0CD6DFEDC4
:100C1000098AB4EEE88AF1EE10FA05D505F025FA56
:100C200088EEA80A21230360BDEC028B08BD00BF3B
:100C3000DA0C0020000000002DE9F041594A55EC83
:100C4000104BAA432B4620460FD122462946C6F711
:100C5000ABFD02460B4620462946C6F7EFFB04468D
:100C60000D4645EC104BBDE8F081002D0DDC25F064
:100C700000422243F5D095B122462946C6F7DCFB57
:100C800002460B46C6F7BAFEE9E72A1515D1002140
:100C900009E0C30A153A4005002BFAD0F7E72A46C7
:100CA000FAE75B000131DD02FBD54C1E121BC1F1DE
:100CB000200420FA04F423438840C3F31303D40729
:100CC00043F480135CBF5B0003EBD073A2F2FF35EB
:100CD00058BF40005B0000266D1003EBD073470047
:100CE0004FF0160EB0464FF4001208EB0201994285
:100CF000DEBF5B1A02EB0108B6185B00BEF1010E05
:100D000003EBD7734FEA52024FEA4707EDD1F4469F
:100D100020204FF00041984501EB0E022FDB0BD154
:100D2000BA4209D8002A01EB020E02DABEF1000F26
:100D30002CDA0023BF1A8C445B00013803EBD77315
:100D40004FEA51014FEA4707E5D13B4308D0BCF1D8
:100D5000FF3F13BF0CF101030136844623F0010C61
:100D600072104FEA5C03F10702F17F5202F50012A4
:100D700048BF43F0004302EB055118466FE7002AD5
:100D800001EB020E0BDABEF1000F08DB08F10104E3
:100D9000BA42A3EB080300D9013BA046CAE7444688
:100DA000F6E700BF0000F07F08B510EE103A23F020
:100DB0000042B2F17E5F2DED0C8B0AD19FED650AEA
:100DC000DFED657A002BC8BFB0EE670ABDEC0C8B77
:100DD00008BD04D930EE408A88EE080AF6E7B2F181
:100DE0007C5F3CD2B2F10C5F40F2B18060EE007AE1
:100DF000DFED5A6A9FED5A7A9FED5A6AA7EEA67AFE
:100E0000DFED596AE7EE276A9FED587AA6EEA77ADA
:100E1000DFED576AE7EE276A9FED567AA6EEA77ACE
:100E2000DFED556AA7EEA66ADFED546AE6EE276AA3
:100E30009FED536AA6EEA76AF7EE006AE6EE276A10
:100E400027EE277ADFED4F7A87EE266AE0EE467AC4
:100E500070EE677A9FED4C0A30EE670AB6E7002B1A
:100E6000DFED3EDADFED3ECA9FED3FCADFED3FBA70
:100E70009FED3FBADFED3F8A9FED3FDADFED39AA04
:100E80009FED3EAADFED3E9AB7EE009AF6EE007AAD
:100E900028DA30EE098A28EE270AE0EE2DCAE0EEC5
:100EA0000DAAACEE80CAAAEE80AAECEE00BAEAEE79
:100EB000009AABEE80BAA9EE809AEBEE008A68EE5B
:100EC000808A06F010F988EE897ADFED307AE0EE5C
:100ED000077AB0EE007A77EE807A9FED2D0AA7EEC2
:100EE000C70A73E739EE408A28EE278AB0EE480A2F
:100EF00006F0F9F8E8EE2DCAE8EE0DAAACEE88CAC5
:100F0000AAEE88AAECEE08BA10EE103AABEE88BA58
:100F100023F47F6323F00F03EAEE089A07EE903A7A
:100F2000EBEE088AB0EE486AA7EEE76AA9EE889A67
:100F300070EE276A68EE888A86EE267AC8EE896A9D
:100F4000A0EE267A37EE870A30EE000A3EE79FEDE4
:100F5000110A3BE7DB0F49400000000008EF1138A1
:100F6000047F4F3A613330BF461124BDA80A4E3E7C
:100F700090B0A6BEABAA2A3E2EC69D3D2D5701407D
:100F800039D119C06821A233DA0FC93F6821A2B351
:100F9000DA0F4940DB0FC93F38B510EE105A25F083
:100FA0000044B4F17E5F2DED048B0CD1DFED5D7A52
:100FB0009FED5D7A60EE277AE0EE077AB0EE670A81
:100FC000BDEC048B38BD04D970EE407A87EEA70AD9
:100FD000F6E7B4F17C5FF7EE008A0BD2B4F1485F1C
:100FE00052D2DFED527A70EE277AF4EEE87AF1EE23
:100FF00010FAE5DC06F070F838EEC08AF6EE007AFA
:1010000028EE278A9FED4A7ADFED4A7A9FED4A9AC9
:10101000A8EE277ADFED497AE7EE087A9FED487A65
:10102000A7EE887ADFED477AE7EE087A9FED467AF9
:10103000A7EE889ADFED457AE8EE077A9FED447ACD
:10104000A7EE887ADFED437AE7EE087AB0EE480A39
:10105000E7EE888A06F047F83F4B29EE089A9C4253
:1010600089EE286AF0EE006A3DD9A0EE060ADFEDAF
:101070003B7AE0EE267A9FED2C0A30EE670A002DCF
:10108000D8BFB1EE400A9BE760EE007ADFED296A37
:101090009FED277A9FED2C6AA7EEA67ADFED276AEF
:1010A000E7EE276A9FED267AA6EEA77ADFED256A9E
:1010B000E7EE276A9FED207AA6EEA77ADFED236A96
:1010C000E7EE866A9FED226AA6EEA76ADFED216A47
:1010D000E6EE276A27EE277AE6EEA78AC7EE287A99
:1010E000A0EE270A6CE710EE103A23F47F6323F09A
:1010F0000F0307EE103AA7EE478A70EE005A30EE63
:10110000070ADFED087A88EE005A9FED150AE5EE32
:10111000667AD5EE867AB0EE406AA7EE666A77EE1A
:10112000C67AAAE72EBD3BB3DB0FC93FCAF24971AD
:10113000047F4F3A08EF1138ABAA2A3E461124BD6E
:10114000A80A4E3E90B0A6BE2EC69D3D613330BF6C
:101150002D57014039D119C09999793F2EBD3B33A4
:10116000DB0F493F10EE102A22F00043B3F1FF4F8E
:1011700002D930EE000A70474FEAD27106D1DFED96
:10118000507A002918BFB0EE670A70474D48824276
:1011900004DD9FED4D0A20EE000A7047002A03DAB5
:1011A0004A4A934200F28880494A9342F7EE005A35
:1011B00052D9484A93424FEA810234D8464B1344ED
:1011C00093ED007A454B134430EE477AC1F10102AA
:1011D000D3ED007A521A37EE670A20EE006A9FEDCF
:1011E000405ADFED406AE6EE056A9FED3F5AA6EEF3
:1011F000865ADFED3E6AE5EE066A9FED3D5AA6EEA1
:10120000865AF0EE406AE5EE466AB0EE006A20EEDD
:10121000265A92BB76EEC66AC5EE267A37EEC00A2B
:1012200035EEC00A7047334B9FED337ADFED336AFA
:101230001344D3ED007AE0EE077AB0EE407AFDEE8B
:10124000E77A17EE902AF8EEE77AA7EEE67ADFED76
:101250002C6A67EEA67ABEE7B3F1465F0BD2DFEDEC
:101260001A6A70EE266AF4EEE56AF1EE10FA02DD13
:1012700030EE250A70470022AFE736EE666A12F1BB
:101280007D0FC5EE066AB8BF643277EEE67A77EE78
:10129000C77A75EEE77A17EE903AABBF03EBC2530D
:1012A00003EBC25300EE103ADFED167ABCBF00EE3E
:1012B000103A20EE270A70479FED010A704700BFE1
:1012C000000000001772B142CAF24971B5F1CF4275
:1012D0001872B13E9115853F9C95060094950600C5
:1012E0004CBB31330EEADDB555B38A38610B36BBE2
:1012F000ABAA2A3EA49506003BAAB83F8071313FB5
:10130000D1F717370000800DF0B510EE106A884B4A
:1013100026F000459D4287B0044605D8002380EDA5
:10132000000A4360002022E0824B9D423AD826F01A
:101330000043002E9FED807A804A23F00F0318DDD2
:10134000934270EE477A09BF9FED7D7ADFED7D6AAB
:10135000DFED7D6A77EEC77A37EEE67A77EEC77A09
:1013600080ED007A77EEE67AC0ED017A012007B0D1
:10137000F0BD934270EE077A09BF9FED717ADFED01
:10138000716ADFED716A77EE877A37EEA67A77EECB
:10139000C77A80ED007A77EEA67AC0ED017A4FF039
:1013A000FF30E4E7694B9D4273D805F095FE9FED51
:1013B000687AF6EE007AE0EE077AFDEEE77AB8EEAC
:1013C000E77A17EE900ADFED5C7AA7EE670A1F282E
:1013D000DFED5C7A67EE277AB1EE476A70EE676AF6
:1013E00016EE901A09DC5B4A471E26F0004352F8BD
:1013F000272023F0FF03934207D1C1F3C752C2EB6A
:10140000D552082A4FEAE55314DC216094ED007AA6
:1014100030EE470A002E30EE670A84ED010AA6DAA4
:10142000B1EE477AB1EE400A84ED007A84ED010A0C
:1014300040429CE7DFED425AF0EE406AE6EE256A54
:1014400070EE667AE6EE257ADFED3F5AD7EE257A22
:1014500076EEE75A15EE902AC2F3C7515B1A192BA4
:1014600004DCC4ED005AB0EE660ACFE7DFED3A5A6D
:10147000B0EE660AA6EE250A76EEC07ADFED376A90
:10148000E6EE257AD7EE267A30EE677A84ED007A9A
:10149000BCE7B5F1FF4F06D370EE407AC0ED017A9C
:1014A000C0ED007A3EE7EA15863AA5EBC25307EE97
:1014B000903ABDEEE77ADFED2A6AB8EEC77A77EEAA
:1014C000C77A8DED037A67EEA67ABDEEE77AB8EEBD
:1014D000C77A77EEC77A8DED047A67EEA67AF5EED5
:1014E000407AF1EE10FACDED057A1ED1B5EE407AD4
:1014F000F1EE10FA0CBF012302231A4901910221D7
:10150000009103A8214600F087F8002EBFF62FAF08
:10151000D4ED007AF1EE677AC4ED007AD4ED017A69
:10152000F1EE677AC4ED017A82E70323E5E700BFB5
:10153000D80F493FE3CB1640800FC93FD00FC93FBA
:10154000004435374344353708A3852E800F49437F
:1015500084F9223FAC95060000A3852E32318D24FC
:10156000000080432C96060010EE103A23F0004352
:10157000B3F1485FF0EE406AB7EE000A04D2FDEE28
:10158000E67A17EE902A42B326EEA67ADFED1A7AB3
:101590009FED1A6A1A4AA7EE276A9342DFED197A7D
:1015A000E6EE077A9FED186AA7EE876ADFED177AF5
:1015B000E6EE077A9FED166AA7EE876A60EEE60A06
:1015C00026EE076AF6EE007AE7EE060A67EE277A5D
:1015D00004D877EEE07A30EE670A70470D4A9342FE
:1015E0009ABF03F17F4307EE103AB5EE027A30EE70
:1015F000470A77EEC77AECE74ED747ADF6740F315E
:101600009999993E7CF293B4010DD037610BB6BA2B
:10161000ABAA2A3D0000483F2DE9F04F2DED048B89
:10162000D9B090469B46669ABE4BDDF89CC153F8F4
:1016300022A0019018F1040F0F460BF1FF3325DBB8
:10164000B8F1030248BF08F10402D210551CE900AA
:10165000D41A9FEDB87A0291A8EBC5050AEB0306F0
:101660000DF170090CEB840E0021B14210DD1CA9B4
:1016700001EB8B010DF588790026564526DCDDF857
:1016800004E0DFEDAC7A0C46002016E00022DDE736
:10169000CC425DBF5EF8210007EE900AF8EEE77AD3
:1016A000F0EE477AE9EC017A0131DEE7FEEC016AFF
:1016B00094ED007AE6EE877A01309842A4F10404B2
:1016C000F4DDE9EC017A01360431D6E708A901EB33
:1016D0008A010CEB8202DFED968A9FED949A0491C9
:1016E00003925446A200059258AA02EB840212ED1E
:1016F000140A44A908AA01EB8401164620460028D2
:10170000A1F104014EDC2846CDE9063200F074FB5D
:10171000B0EE408AB4EE000A28EE000A00F022FB88
:10172000F2EE007AA0EE678A002DDDE90632FDEECA
:10173000C87A17EE909AF8EEE77A38EE678A43DDBA
:10174000601E08A9C5F1080C51F8206046FA0CF19A
:10175000894401FA0CF1761A08A941F82060C5F114
:1017600007010E41002E3EDD4FF0000C09F101098A
:10177000604664456ADC002D05DD012D00F08380A4
:10178000022D00F08B80022E2DD1B7EE000A30EE34
:10179000488A40B32846069300F02EFB069B38EE9D
:1017A000408A20E060EE287A0138FDEEE77AF8EE14
:1017B000E77AA7EEC90ABDEEC00AA6EC010A91EDD0
:1017C000000A37EE800A9AE705D1611E08A850F892
:1017D00021603612C6E7F6EE007AB4EEE78AF1EE43
:1017E00010FA31DA0026B5EE408AF1EE10FA40F038
:1017F000A380611E0020514557DA002871D0013CBA
:1018000008AB083D53F82430002BF8D02846B7EE3B
:10181000000A00F0F1FA631C44AA9FED457A990092
:1018200002EB83022346002B80F2B4802346002B78
:10183000C0F2D28044AA02EB8305DFF8ECC0DFEDF2
:101840003D7A0020E21ABCE002268DE796465EF85B
:10185000041B60B981B10CF1010CC1F580716445C4
:101860004EF8041C0DDDDEF8001002F1080EC1F187
:10187000FF014EF8041C01210CF1010C72460846D0
:1018800077E7012077E7611E08AA52F8212002F0CD
:101890007F020DF1200C4CF8212074E7611E08AA8C
:1018A00052F8212002F03F02F3E708AA52F8212063
:1018B000013910439FE7013251F8040D0028FAD096
:1018C000059901F5B071694404EB0B000DF1700C42
:1018D000661C4C390CEB80002244B24204DA1446F8
:1018E00000E704990122E7E7039CDDF804C054F8FF
:1018F0002640059407EE904AF8EEE77A0024E0ECE3
:10190000017ADFED0C7A86469C4203DDE1EC017A38
:101910000136E2E7FCEC016A3EED017A0134E6EEC5
:10192000877AF1E770990600449906000000804329
:101930000000803B00000000029BB0EE480AA3EBD1
:10194000080000F059FA1FED077AB4EEC70AF1EE6D
:1019500010FA19DB5FED0A7A60EE277A08AAFDEE2D
:10196000E77A0835F8EEE77AA7EEC70AFDEEE77AE0
:10197000BDEEC00A10EE103A42F8243017EE903A4D
:10198000013442F8243041E7BDEEC00A08AA10EE47
:10199000103AF6E708A850F82300019007EE900AE5
:1019A000F8EEE77A013B67EE807A20EE070A62EDF7
:1019B000017A38E7FCEC016AB5EC017AE6EE877A49
:1019C0000130504501DC8242F4DA58A800EB820273
:1019D00042ED287A013B2AE7669B022B09DC002BAB
:1019E0002BDC44D009F0070059B0BDEC048BBDE8F6
:1019F000F08F669B032BF5D130AA0B1F13441A46B8
:101A000020460028A2F1040252DC2246012AA3F15A
:101A100004035DDC30AB5FED397A0B44012C67DCED
:101A2000DDED306A9DED317A002E67D1C7ED006A99
:101A300087ED017AC7ED027AD4E730AB1FED437A28
:101A40000B442246002A24DA4EB3F1EE477AC7ED62
:101A5000007ADDED307A77EEC77A31AA01239C4215
:101A600020DA0EB1F1EE677AC7ED017ABAE730AB52
:101A70005FED507A0B44002C05DA0EB1F1EE677A77
:101A8000C7ED007AAEE733ED017A013C77EE877A55
:101A9000F1E773ED017A013A37EE277AD2E7F0EEFB
:101AA000477AD4E7B2EC017A013377EE877AD6E74A
:101AB000D2ED007AD2ED016A37EEA67A013877EEE0
:101AC000C77A82ED007A77EEA67AC2ED017A98E7BE
:101AD000D3ED007AD3ED016A37EEA67A013A77EEBC
:101AE000C77A83ED007A77EEA67AC3ED017A8DE7A7
:101AF00033ED017A013C77EE877A8FE7F1EE666A83
:101B0000B1EE477AC7ED006A87ED017AF1EE677AA8
:101B100090E700BF10EE103A23F00043B3F1485FA6
:101B200004D2FDEEC07A17EE903A5BB320EE007A55
:101B3000DFED157A9FED156AA7EE276ADFED147ABF
:101B4000E6EE077A9FED136AA7EE876ADFED127A59
:101B500060EE076AE6EE077A30B99FED106AA7EEED
:101B6000276AA6EE260A704767EEE67AB6EE006AA6
:101B7000E0EE867AD7EE870ADFED097AE6EEA70A6D
:101B800030EE600A704700BFD3C92E2F342FD7B272
:101B90001BEF3836010D50B98988083CABAA2ABE24
:101BA000ABAA2A3E08B510EE103A23F00042B2F17B
:101BB000465FF0EE407A17D2BDEEC07A17EE101AEB
:101BC00041BB431C134308D105F086FAB7EE007AF7
:101BD000C7EE007AB0EE670A08BD0128FAD0BFEE62
:101BE000007AC7EE007AF5E74C498A4212D3002BFF
:101BF0009FED4B7AB8BFF1EE407A37EE677ADFEDB2
:101C0000497AB8BFF1EE600A77EEE07ADFED460A76
:101C100077EE877A67EEA76ADFED445A9FED446A54
:101C20009FED445A3D4926EEA67A8A42A7EE256AE0
:101C3000DFED415AE6EE075A9FED406AA5EE876A4E
:101C4000DFED3F5AE6EE075A9FED3E6AA5EE876A42
:101C5000DFED3D5AE7EE055A9FED3C5AA5EE875A57
:101C6000DFED3B5AE5EE075A9FED3A5AA5EE875A4B
:101C7000DFED395AE5EE075AB0EE467AA5EEA67AC0
:101C800027EEA65AB0EE606AA7EE056A9FED337A9A
:101C9000E6EE260AE5EE070A37EEA06A1DD307EE48
:101CA000100AB8EEC77A26EE065A36EE076A9B1778
:101CB000C5EE065A03F00203C3F1010306EE903AA3
:101CC00035EEE06AF8EEE66A77EEC67AB0EE006AC4
:101CD000A7EEC67A66EE877A7CE701281BD0204BF8
:101CE00016EE102A1A4005EE902A75EEE77AB7EE46
:101CF000007A70EEE70AFFEE007AC7EE866A16EE0B
:101D0000902A134007EE903AA5EEA77AA0EEA77AA4
:101D1000E7EE267A5EE7F0EE467A5BE740A12C3FDD
:101D2000DA0F493F68212233000000005FAE9BB705
:101D300045F4A3388453D937C8261A3A16696B3B41
:101D4000A427B33C8988083E7AC09538B9378139D1
:101D500048DEBE3A1F37113CD10D5D3DABAAAA3E0D
:101D600000F0FFFF10EE103AC3F3C7527F3A162A75
:101D700023F000412BDC002A12DADFED197A30EE75
:101D8000270AB5EEC00AF1EE10FA06DD002B24DAC0
:101D90000029144B08BF4FF0004300EE103A704783
:101DA000114911410B42FAD0DFED0D7A30EE270ACE
:101DB000B5EEC00AF1EE10FAEFDD002BBEBF4FF416
:101DC000000040FA02F29B1823EA0103E5E7B1F1B3
:101DD000FF4FE4D330EE000A70470023DDE700BF79
:101DE000CAF24971000080BFFFFF7F009FED010A2A
:101DF000704700BF0000C07F10EE103A33F0004281
:101E00002AD0B2F1FF4F02D330EE000A704713F030
:101E1000FF4F22D1224BDFED237A984220EE270A92
:101E200016DB10EE103AC3F3C752193A1044FE28DD
:101E300015DDDFED1D7ADFED1D6A10EE103AB0EE14
:101E4000677A002BB8BFF0EE667A27EE870A7047F4
:101E5000DFED177A27EE800A7047D20DE6E70028FB
:101E600006DD23F0FF4343EAC05300EE103A70470B
:101E700010F1160F09DADFED0E7ADFED0E6A10EEC3
:101E8000103AB0EE677A002BDCE7193023F0FF43FD
:101E900043EAC0539FED080A07EE903ADAE700BF25
:101EA000B03CFFFF0000004CCAF24971CAF249F190
:101EB0006042A20D6042A28D00000033024B014639
:101EC000186800F04DB800BF140A002038B5054668
:101ED000002941D051F8043C0C1F002BB8BFE41876
:101EE00000F0C2FC1D4A136833B9636014602846D1
:101EF000BDE8384000F0BEBCA34208D920682118D4
:101F00008B4201BF19685B6809182160EDE71A462A
:101F10005B680BB1A342FAD911685018A0420BD1EB
:101F200020680144501883421160E0D118685B6852
:101F3000536008441060DAE702D90C232B60D6E71F
:101F4000206821188B4204BF19685B68636004BF76
:101F5000091821605460CAE738BD00BF907E002098
:101F6000F8B5CD1C25F0030508350C2D38BF0C2520
:101F7000002D064601DBA94203D90C233360002063
:101F8000F8BD00F071FC21490A6814469CB9204F45
:101F90003B6823B92146304600F03CF838602946BA
:101FA000304600F037F8431C23D10C233360304611
:101FB00000F060FCE3E723685B1B17D40B2B03D90D
:101FC00023601C44256004E06368A2420CBF0B60E0
:101FD0005360304600F04EFC04F10B00231D20F04E
:101FE0000700C21A1CBF1B1AA350C9E72246646827
:101FF000CCE7C41C24F00304A042E3D0211A3046ED
:1020000000F008F80130DDD1CFE700BF907E00205E
:102010008C7E002038B5064D0023044608462B6010
:10202000F0F77EFD431C02D12B6803B1236038BD5D
:10203000947E00202DE9F041DFF8A880254B0A4668
:102040002DED028B0146D8F80000D0F7BDFC55EC11
:10205000104B22462B4620462946C5F73FFE90B13D
:10206000002D1D4809DAFFF7C1FEB1EE408AB0EE3F
:10207000480ABDEC028BBDE8F081BDEC028BBDE8E7
:10208000F041FFF7B3BE20462946C5F785FE08EEAE
:10209000100ADFED127AB0EEC87AB4EE677AF1EE8C
:1020A00010FAE4DD25F000470D4B4FF0FF322046DB
:1020B0003946C5F713FE40B9094B4FF0FF322046B1
:1020C0003946C5F7EDFD0028D1D0D8F800302222DE
:1020D0001A60CCE7780A0020CCB50700FFFF7F7FAD
:1020E000FFFFEF7F140A0020164B2DE9F0411F6817
:1020F000BC6D05460E46ECB95020FFF7DFFE0246E8
:10210000B86520B9104B1148572100F04DF9C0E9CE
:102110000044C0E90244C0E90444C0E90A44C0E9FB
:102120000C44C0E90E44C0E91044C0E91244846183
:1021300004774462BA6D314628460123BDE8F04178
:1021400005F053B8140A00201ABF070031BF07007A
:10215000242B2DE9F0478646904601D8012B06D165
:1021600003F083FF162303600020BDE8F0873648A4
:102170000D462A4615F8014B065D16F00806F8D103
:102180002D2C24D12C780126951C2BBB302C30D043
:102190000A2306F1004C0CF1FF3C0022BCFBF3F9D2
:1021A000104603FB19CAA4F13007092F28D83C4672
:1021B000A34234DD571C07D081452DD301D1A24560
:1021C0002ADB00FB0340012215F8014BEBE72B2C27
:1021D00004BF2C78951CD8E7102BDAD1302CD8D13D
:1021E0002A7802F0DF02582AD3D16C781023023506
:1021F000CFE72B7803F0DF03582BF6D00823C8E78E
:10220000A4F14107192F01D8373CD1E7A4F16107A8
:10221000192F04D8573CCBE74FF0FF32D4E7531CBB
:1022200008D12223CEF800306046B8F1000F9CD0D0
:10223000691E06E006B14042B8F1000F95D0002AB1
:10224000F6D1C8F8001090E714BE070013460A46FE
:10225000014602480068FFF77BBF00BF140A002058
:102260002DE9F74F91464A4A01908A461E460D468F
:102270002B4615F8014B175D17F00807F8D12D2CE8
:1022800042D12C7801279D1C002E42D1302C4DD0FC
:102290000A264FEAE67B32465B464FF0FF304FF0AE
:1022A000FF31C5F727FF3246009088465B464FF066
:1022B000FF304FF0FF31C5F71DFF002318461946C8
:1022C000A4F1300CBCF1090F37D86446A64245DDB5
:1022D000B3F1FF3F15D0009B834278EB01033AD363
:1022E000009B884508BF834201D1A24233DB714382
:1022F00000FB0B11A6FB00031944201841EBE4710D
:10230000012315F8014BDBE72B2C04BF2C789D1C17
:10231000BAE7102EBDD1302CBBD12B7803F0DF03F0
:10232000582BB6D16C7810260235B2E72B7803F023
:10233000DF03582BF6D00826ABE7A4F1410CBCF123
:10234000190F01D8373CC1E7A4F1610CBCF1190F9A
:1023500004D8573CBAE74FF0FF33D2E75A1C0AD1F2
:10236000019922220A6018461946B9F1000F0AD1D4
:1023700003B0BDE8F08F17B1404261EB4101B9F104
:10238000000FF5D00BB105F1FF3AC9F800A0EFE757
:1023900014BE070013460A46014602480068FFF7CC
:1023A0005FBF00BF140A00201FB514461A46094B30
:1023B0001B680546D86854B9074B1C46CDE9013463
:1023C00000912B46054900F00DF8F0F721FC044B75
:1023D000F4E700BF140A0020CCB507009CBF07003B
:1023E0008FBF07000EB403B5014603AB054853F891
:1023F000042B0068019300F017FE02B05DF804EBB7
:1024000003B07047140A00202DE9F04F8BB08B46C3
:102410000693AD4B02901B68039318469046C5F790
:102420001AFF039B0190034413F8013C0793DBF868
:1024300000309A1C174612F8010B3028FAD0FB1A0C
:10244000A3F1020A04F04AFF0446002839D1019A98
:102450000399384604F07AFE0546002865D1019BB1
:10246000F85CFE1804F03AFF002860D03346187874
:1024700030281F4603F10103F9D004F02FFFB0FA12
:1024800080F4640935464FF0010A3A461646013297
:10249000307804F023FF0028F8D1019A03993046E0
:1024A00004F054FE80B94DB9019BF5182A46164632
:1024B0000132307804F012FF0028F8D1AD1BAD00D6
:1024C00004E000242546E0E7002DF7D1337803F03F
:1024D000DF03502B38D173782B2B2AD02D2B2CD007
:1024E000711C4FF00009087804F0F8FE431EDBB2BF
:1024F000182B29D8A0F1100211F8010F04F0EEFEFC
:10250000431EDBB2182B1BD9B9F1000F00D0524289
:102510001544CBF80010CCB1BAF1000F0CBF062661
:10252000002630460BB0BDE8F08F3E46254601241C
:10253000CCE74FF00009B11CD5E74FF00109FAE7ED
:102540000A2303FB0200D5E73146E2E7F31B013B18
:102550002146072B0ADC029800F092F9044640B9A4
:102560005A4B0246DE215A48FFF71EFF01315B102D
:10257000EFE7019B00F114094FF0000BC3F10103D9
:10258000CDF81090DA460893B74238D3049E46F847
:1025900004ABA6EB0906B6102661504604F086FF90
:1025A0007601D8F80070361ABE4260DDF61B31465F
:1025B000204605F03AF8824678B1731E591103F0AF
:1025C0001F0259F821104FF0010A0AFA02F20A42DA
:1025D00003D0534542DC4FF0020A3146204604F056
:1025E0002CFE3544D8F80830AB424EDA029821462A
:1025F00000F086F9149A00231360A32691E7731E56
:10260000079A059316F8013C934217D0BBF1200FAF
:1026100006D1049B43F804AB4FF0000A0493D34661
:1026200016F8010C04F05AFE00F00F0000FA0BF04F
:10263000059B4AEA000A0BF1040B0DE0059B089A82
:102640001344BB42E2D31846019A0399099304F05C
:102650007DFD099B0028D9D11E4695E7B11E204675
:1026600004F0E3FF0028B6D04FF0030AB5E709DA1B
:10267000BE1B21460298324600F00EFBAD1B0446FD
:1026800000F114094FF0000AACE7D8F80430AB426F
:102690006FDD5D1BAF4234DCD8F80C30022B28D044
:1026A000032B2AD0012B1BD1AF4219D1012F11D1FD
:1026B000069AD8F80430136001232361C9F800306A
:1026C000149B62261C602CE7A8990600CBBF07006C
:1026D000DCBF0700791E204604F0A7FF0028E7D1E1
:1026E0000298214600F00CF9149A0023136050263A
:1026F00017E7159B002BF3D1DAE7159B002BD7D1F9
:10270000EEE76E1EBAF1000F30D126B131462046F9
:1027100004F08BFF82467211012359F8222006F043
:102720001F06B34013422946204618BF4AF0020A4A
:102730007F1B04F082FDD8F804500226BAF1000F86
:1027400047D0D8F80C30022B15D0032B17D0012B13
:1027500009D11AF0020F06D0D9F800304AEA030A6C
:102760001AF0010F0ED146F0100632E04FF0010AC8
:10277000D1E70126E2E7159BC3F101031593159BF1
:10278000002BF0D0D4F810B004F114034FEA8B0AF8
:1027900003EB8B014FF0000C184653F8042BB2F1F9
:1027A000FF3F1BD001320260022E04F114033CD122
:1027B000D8F80020013ABA4209D17911012253F820
:1027C000213007F01F0702FA07F71F423AD146F0FF
:1027D0002006149B1C60069B1D60A2E6994243F8EC
:1027E00004CCD9D8A3689B4517DB616802980131F6
:1027F00000F046F8814618B91A4B02468421B2E629
:102800002269023204F10C0192000C3004F088FCC1
:102810002146029800F074F84C4623695A1C04EBD8
:102820008303226101225A61BEE722695A450BDD0A
:102830000121204604F001FDD8F808300135AB42F3
:10284000FFF6D4AE0126C2E717F01F07FAD05344B3
:10285000C7F1200753F8040C04F028FEB842E7DB68
:10286000F0E700BFCBBF07000148F0F79DB900BFFC
:10287000780D00200148F0F7B3B900BF780D0020B3
:1028800070B5466A04460D4676B91020FFF716FB70
:102890000246606220B9184B18486621FFF784FD94
:1028A000C0E901660660C660666AF36883B1636A60
:1028B000DB6853F82500B8B9012101FA05F6721D4D
:1028C0009200204604F0D2FE60B1C0E901560EE04D
:1028D00021220421204604F0C9FE636AF060DB680F
:1028E000002BE4D1002070BD026843F825200023AE
:1028F000C0E90333F7E700BF1ABF070046C007006F
:1029000070B5466A05460C4676B91020FFF7D6FA30
:102910000246686220B9094B09488A21FFF744FD45
:10292000C0E901660660C6603CB16B6A6268DB683C
:1029300053F82210216043F8224070BD1ABF0700EF
:1029400046C007002DE9F0410D6907460C461E46BA
:1029500001F1140C0020DCF8003099B202FB016197
:102960001E0C0B0C02FB063389B2013001EB034154
:1029700085424CF8041B4FEA1346ECDC0EB3A36807
:10298000AB4219DC616838460131FFF779FF8046B8
:1029900028B902460C4B0D48B521FFF705FD226909
:1029A000023204F10C0192000C3004F0B9FB214614
:1029B0003846FFF7A5FF444604EB850301355E6109
:1029C00025612046BDE8F081CBBF070046C0070067
:1029D0002DE9F8430C4615461F46092208330646E2
:1029E00093FBF2F3002101229A4209DB3046FFF704
:1029F00047FF40B90246194B1948CE21FFF7D4FCD6
:102A000052000131F0E7089B4361092D4FF00103AB
:102A1000036116DD04F10909C8462C4418F8013B8E
:102A20000146303B0A223046FFF78CFFA045F5D126
:102A3000A5F108044C442D1B6319BB4204DBBDE81F
:102A4000F8830A340925F6E714F8013B0146303BC8
:102A50000A223046FFF776FFEEE700BFCBBF070044
:102A600046C0070010B50C460121FFF709FF0246DA
:102A700028B9054B05484FF4A071FFF795FC0123D9
:102A80004461036110BD00BFCBBF070046C0070013
:102A90002DE9F04F14460A6923699A42A8BF2346DC
:102AA0000F46A4BF0C461F46D4F810A0D7F81090CC
:102AB000A36861680AEB0906B34285B0B8BF01316B
:102AC000FFF7DEFE30B90246444B454840F25D1147
:102AD000FFF76AFC00F1140505EB86082B4600227F
:102AE000434521D307F1140104F1140202EB8A02D9
:102AF00001EB89030293131B153B23F003030433FB
:102B000004F11507BA4238BF04230193029B0391D5
:102B10008B420CD8002E03DD58F8043D002B5BD00F
:102B2000066105B0BDE8F08F43F8042BD8E7B1F893
:102B300000A0BAF1000F24D004F1140EA9464FF002
:102B4000000C5EF8047BD9F800301FFA87FB9BB2BB
:102B50000AFB0B334FEA174BD9F8007063444FEA76
:102B6000174C0AFB0BC707EB13479BB243EA07431B
:102B7000724549F8043B4FEA174CE2D8019B45F8EF
:102B800003C0039BB3F802900431B9F1000F21D0C8
:102B90002B6804F1140CAE464FF0000ABCF800B0EC
:102BA000BEF8027009FB0B7757449BB243EA074318
:102BB0004EF8043B5CF8043B4FEA134ABEF8003081
:102BC00009FB0A3303EB174362454FEA134AE5D882
:102BD000019FEB51043599E7013E9BE7CBBF07000E
:102BE00046C007002DE9F843154612F003020746D8
:102BF0000E4607D0254C013A002354F82220FFF757
:102C0000A1FE0646AD103DD07C6A7CB91020FFF7CE
:102C100055F90246786228B91D4B1E484FF4D7710A
:102C2000FFF7C2FBC0E901440460C460D7F8248008
:102C3000D8F808404CB940F271213846FFF712FF2E
:102C40000023C8F80800044603604FF00009EB07B2
:102C50000AD5314622463846FFF71AFF31468046EC
:102C60003846FFF74DFE46466D100BD0206838B948
:102C7000224621463846FFF70BFF2060C0F800903F
:102C80000446E4E73046BDE8F88300BFB499060087
:102C90001ABF070046C007002DE9F0470C464968F7
:102CA000236903EB6218A368074691464FEA621A4C
:102CB00008F10106B3420BDB3846FFF7E1FD05469C
:102CC00048B90246284B294840F2D911FFF76CFB5E
:102CD00001315B00EEE7002300F1140100F1100266
:102CE0001846534533DB20692AEAEA7A04F11403D3
:102CF00019F01F0901EB8A0103EB800C2BD0C9F1FD
:102D0000200E8A460022186800FA09F010434AF89B
:102D1000040B53F8042B9C4522FA0EF2F3D8ACEBCB
:102D20000403153B23F00303043304F11500844529
:102D300038BF0423CA500AB108F10206013E3846E2
:102D40002E612146FFF7DCFD2846BDE8F08742F8FA
:102D5000040F0133C5E7043953F8042B41F8042F5D
:102D60009C45F9D8EAE700BFCBBF070046C0070083
:102D70002DE9F74F8946064611464846144604F0A9
:102D8000E4FB051E12D129463046FFF779FD0246C5
:102D900028B93F4B40F232213E48FFF705FB0123A3
:102DA000C0E90435104603B0BDE8F08FBCBF4B4608
:102DB000A1463046D9F80410BABF1C4601250025AB
:102DC000FFF75EFD024618B9314B4FF41071E3E78F
:102DD000D9F810702669C56009F1100309F11405CE
:102DE00004F1140E00F1140B05EB87080EEB8606B8
:102DF0000193D9464FF0000C019B5EF8040B53F889
:102E000004AF01931FFA8AF3194683B2CB1A000C60
:102E10006344C0EB1A4000EB23409BB243EA0043FB
:102E2000764549F8043B4FEA204CE5D8331B153B67
:102E300023F0030315340433A64238BF04231D4492
:102E40005B441E462C4644450ED308F10301491B42
:102E500021F00301033DA84538BF00210B4453F87E
:102E6000041D91B117619DE754F8041BE646080C58
:102E70001CFA81FC714400EB2C4089B241EA00410C
:102E800046F8041B4FEA204CDDE7013FE7E700BFAF
:102E9000CBBF070046C0070082B08DED000B019A42
:102EA0000F4B1340A3F15073002B08DC5B42B3F1CE
:102EB000A07F4FEA235204DA4FF40023134100228B
:102EC00008E0A2F114031E2BDABF4FF00042DA40F3
:102ED000012200231946104641EC100B02B0704746
:102EE0000000F07F2DE9F041066900F1140808EBBD
:102EF0008606371F56F8042C104604F0D7FAC0F1A6
:102F000020030A280B601B4915DCC0F10B0C22FAC8
:102F10000CF3B84543EA010534BF56F8083C0023DA
:102F2000153002FA00F023FA0CF303431C4645EC7B
:102F3000104BBDE8F081B8453ABF56F8083CA6F101
:102F4000080700230B3812D0C0F1200123FA01F446
:102F500082402243474542F07F558CBF57F8042CEE
:102F600000228340CA4045F440151343DEE742EA9D
:102F70000105DBE70000F03F2DE9F7430F46012193
:102F800059EC108B1646FFF77BFC044630B902461D
:102F9000234B244840F20A31FFF706FAC9F30A55D9
:102FA000C9F313030DB143F480130193B8F1000387
:102FB00023D06846009304F09BFADDE90012D0B1FB
:102FC000C0F1200302FA03F30B43C2406361019294
:102FD000019BA361002B0CBF012202222261A5B13B
:102FE000A5F2334505443D60C0F135003060204610
:102FF00003B0BDE8F0836161EAE701A804F078FA64
:10300000019B636120300122E8E704EB8203A0F218
:1030100032403860186904F049FAC0EB4210E5E725
:10302000CBBF070046C007002DE9F04F0D469DB00D
:1030300014469846064618B183690BB900F08AFB1E
:10304000874B9D421BD175686B6ED90705D4AB8940
:103050009A0502D4A86DEFF7A7FDAB891B0701D530
:103060002B69EBB92946304600F08AFAC0B16B6E85
:10307000DC070ED54FF0FF301DB0BDE8F08F794B67
:103080009D4201D1B568DFE7774B9D4208BFF568E7
:10309000DAE7AB899805EDD4A86DEFF7A1FDE9E774
:1030A0000023099320238DF82930CDF80C8030239C
:1030B000DFF8B8818DF82A304FF0010923469A468F
:1030C00013F8012B0AB1252AF9D1BAEB040B0BD066
:1030D0005B4622462946304604F0EDFA013000F006
:1030E000A680099A5A4409929AF80030002B00F001
:1030F0009E8000234FF0FF32CDE905230AF1010A3B
:10310000049307938DF853301A935446574814F894
:10311000011B0522C3F7F4FF049BD0B9D90644BFB5
:1031200020228DF853201A0744BF2B228DF85320FC
:103130009AF800202A2A14D0079A544600204FF00B
:103140000A0C214611F8013B303B092B4AD970B9D2
:1031500014E0A0EB080009FA00F018430490A2461E
:10316000D3E7039A111D12680391002A01DB07922D
:1031700004E0524243F002030792049323782E2B7B
:103180000AD163782A2B32D1039B1A1D1B68039244
:1031900043EAE37302340593DFF8E0A021780322C9
:1031A0005046C3F7ADFF38B1049BA0EB0A004022A4
:1031B000824013430134049314F8011B2C488DF80A
:1031C00028100622C3F79CFF00283FD0294B1BBBC9
:1031D000039B073323F0070308330393099B3B4406
:1031E00009936BE70CFB02320C460120A9E7002390
:1031F0000134059319464FF00A0C204610F8012BB4
:10320000303A092A03D9002BC6D00591C4E70CFB3C
:10321000012104460123F0E703AB00932A46164B35
:1032200004A93046AFF300800746781CD6D16B6EF8
:10323000D90705D4AB899A0502D4A86DEFF7D0FC65
:10324000AB895B063FF516AF099815E703AB009312
:103250002A46094B04A9304600F012F8E4E700BF03
:10326000009A0600E0990600C0990600A3C0070076
:10327000ADC0070000000000B7760600A9C0070037
:103280002DE9FF470F7E0C9D782F914680460C4616
:103290009A4601F1430207D8622F0AD8002F00F0A6
:1032A000E080582F00F0BB8004F1420684F84270A1
:1032B0003AE0A7F16303152BF6D801A151F823F0EA
:1032C000193306002D330600A9320600A932060084
:1032D000A9320600A93206002D330600A9320600E5
:1032E000A9320600A9320600A932060049340600B8
:1032F000BD330600FF330600A9320600A9320600DE
:103300006B340600A9320600BD330600A932060060
:10331000A9320600073406002B681A1D1B682A60B4
:1033200004F1420684F842300123ABE023682968A7
:103330001F0601F10400286001D50D6803E05E0658
:10334000FBD5B1F900506168002D7ADA2D200029F3
:1033500084F84300A1602DDA5E486D420A231646C8
:10336000B5FBF3F103FB1157C75D06F8017D2F464E
:10337000BB420D46F4D9082B0BD12368DF0708D5D3
:10338000236961689942DEBF302306F8013C06F1EB
:10339000FF36921B2261CDF800A04B4603AA2146BE
:1033A000404604F09AF9013071D14FF0FF3004B07B
:1033B000BDE8F08723F004032360CDE72B68206885
:1033C000191D2960050601D51D6802E04106FBD5DF
:1033D0001D8840486F2F14BF0A230823002184F85A
:1033E00043106668A660002EB9DB216821F0040155
:1033F0002160002DB3D1002EB1D11646BBE7236862
:1034000043F0200323603448782784F84570296806
:1034100023680E1D2E601E0603D50D6804E02D489E
:10342000F3E75D06F9D50D88D90744BF43F02003C3
:1034300023600DB11023D1E7236823F0200323601C
:10344000F8E724480A23CCE72B6826686169181D31
:10345000286035061B6801D5196002E07006FBD5AF
:10346000198000232361164695E72B681A1D2A60F0
:103470001E68626800213046C3F742FE08B1801B17
:10348000606063682361002384F8433083E7236925
:10349000324649464046D047013086D023689B07D4
:1034A00014D4E068039B9842B8BF18467FE7012315
:1034B000324649464046D04701303FF476AF0135A9
:1034C000E36803995B1AAB42F1DCEAE7002504F1FB
:1034D0001906F5E7A4750700B4C00700F8B50E4655
:1034E0001446054618B183690BB900F033F9214B36
:1034F0009C4210D16C68A369A360A3891A0701D507
:10350000236993B92146284600F03AF868B14FF094
:10351000FF373846F8BD184B9C4201D1AC68EAE74A
:10352000164B9C4208BFEC68E5E723692068C01A87
:103530006369F6B28342374605DC2146284600F02F
:103540008BF80028E3D1A368013BA36023685A1CD1
:1035500022601E7063690130834204D0A389DB07B7
:10356000D7D50A2ED5D12146284600F075F8002877
:10357000CFD0CCE7009A0600E0990600C09906007B
:10358000314B70B51D6806460C4625B1AB6913B9C1
:10359000284600F0DFF82D4B9C420ED16C68B4F940
:1035A0000C301A072CD4DD0611D40922326043F006
:1035B0004003A3814FF0FF303DE0254B9C4201D1F9
:1035C000AC68ECE7234B9C4208BFEC68E7E7580780
:1035D00012D5616B41B104F14403994202D03046E7
:1035E000FEF774FC00236363A38923F02403A38103
:1035F0000023636023692360A38943F00803A38148
:1036000023694BB9A38903F42073B3F5007F03D07A
:103610002146304600F01CF9B4F90C3013F00102D9
:103620000AD00022A26062695242A261226942B9B4
:1036300013F08000BBD170BD990758BF6269A260CA
:10364000F4E70020F7E700BF140A0020009A060004
:10365000E0990600C099060038B50B6905460C468E
:1036600013B90025284638BD18B183690BB900F09D
:1036700071F8144B9C421BD16C68B4F90C30002BD0
:10368000EFD0626ED00704D4990502D4A06DEFF795
:103690008BFA2846214604F09AF8636EDA0705464D
:1036A000E0D4A3899B05DDD4A06DEFF799FAD9E7A3
:1036B000054B9C4201D1AC68DFE7044B9C4208BF3C
:1036C000EC68DAE7009A0600E0990600C099060067
:1036D000002310B50446C0E90033C0E90433836019
:1036E00081814366C2818361194608225C3003F000
:1036F00025FD054B6362054BA362054BE362054B59
:103700002462236310BD00BF8D790600AF790600E7
:10371000E77906000B7A0600014904F0F2B800BF11
:10372000593606000148EFF73FBA00BF8C0D002064
:103730000148EFF755BA00BF8C0D00200148EFF7A4
:1037400033BA00BFA00D00200148EFF749BA00BF0F
:10375000A00D002010B50446FFF7F0FFA3691BB1D0
:10376000BDE81040FFF7F0BFC4E912332365134BE7
:10377000134A1B68A262A34204BF0123A36120462F
:1037800000F020F86060204600F01CF8A0602046A1
:1037900000F018F80022E06004216068FFF798FF4D
:1037A000A06801220921FFF793FFE068022212219D
:1037B000FFF78EFF0123A361D2E700BFA4990600A3
:1037C00019370600F8B50746FFF7ACFF1E4B1E6819
:1037D000B36913B93046FFF7BDFF4836D6E9013467
:1037E000013B03D533680BB33668F7E7B4F90C50E7
:1037F000D5B9164BE36004F158006566EFF7A4F9FC
:10380000FFF796FFC4E90155C4E904552560A56199
:103810000822294604F15C0003F090FCC4E90D5530
:10382000C4E912552046F8BD6834D9E7042138466A
:1038300004F051F8044630600028D5D1FFF778FF36
:103840000C233B60EEE700BFA49906000100FFFFD8
:103850008B89F7B59D0706460C4607D504F147034B
:10386000236023610123636103B0F0BD01AB6A46AD
:1038700004F066F8009F054639463046FEF770FBB7
:1038800048B9B4F90C309A05EED423F0030343F0A1
:103890000203A381E2E70D4BB362A389206043F0EA
:1038A0008003A381019BC4E904075BB1B4F90E1046
:1038B000304600F041F828B1A38923F0030343F018
:1038C0000103A381A3891D43A581CDE71937060014
:1038D00038B5074D04460846114600222A601A46AC
:1038E00002F0B0FB431C02D12B6803B1236038BD4A
:1038F000947E002038B5064D0023044608462B6010
:1039000002F0A4FB431C02D12B6803B1236038BD35
:10391000947E002038B5074D002304460846114622
:103920002B6002F09DFB431C02D12B6803B1236086
:1039300038BD00BF947E002038B5064D00230446F4
:1039400008462B6002F087FB431C02D12B6803B1B1
:10395000236038BD947E002038B5074D04460846E4
:10396000114600222A601A4602F073FB431C02D162
:103970002B6803B1236038BD947E002038B5074D15
:1039800004460846114600222A601A4602F056FBF9
:10399000431C02D12B6803B1236038BD947E002004
:1039A000704708B503F05CFB4FF47A72A0FB02038A
:1039B00002FB0131C00B40EA4140C90B08BD10B504
:1039C0004268046883688B600C604A6010BD0146E1
:1039D00040F2E73008B54FF47A72002300EBC130B3
:1039E0004914C4F787FBBDE80840FBF7B5BD0146A5
:1039F00040F2E73008B54FF47A72002300EBC13093
:103A00004914C4F777FBBDE80840FBF7A5BD08B52E
:103A100003F026FB4FF47A72A0FB020302FB013194
:103A2000C00B40EA4140C90B08BDD1F73FBB01467E
:103A300040F2E73008B54FF47A72002300EBC13052
:103A40004914C4F757FBBDE80840FBF785BD08B52E
:103A5000002101220846D5F71BFABDE80840E2F72D
:103A600001BD01210020D5F7D1BAD6F761BAE3F73D
:103A700087BA704708B503F0F3FA4FF47A72A0FBE7
:103A8000020302FB0131C00B40EA4140C90B08BDF3
:103A900090ED010A90ED007AD0ED027A20EE000A56
:103AA00007EE070A07EEA70A70471FB50246084649
:103AB00001A9D3F7A1FFB8B1D2ED007A9DED017A4B
:103AC00077EE877A9DED027AC2ED007AD2ED017A27
:103AD00077EE877A9DED037AC2ED017AD2ED027A14
:103AE00077EE877AC2ED027A05B05DF804FB03F049
:103AF000B7BA08B5FFF7FBFF4FF47A72A0FB0203D9
:103B000002FB0131C00B40EA4140C90B08BD1FB5A3
:103B1000037E8BB9CDE90133039301AB01F10C00B6
:103B2000F1EC017AB3EC017A77EEC77A8142E2ECEC
:103B3000017AF5D104B010BD01AB00F10C04B6EE72
:103B4000007AF0EC017AD0ED026A77EEA67AA04214
:103B500067EE877AE3EC017AF3D1DEE730B585B022
:103B6000D4F7E6F9F6EE007AB4EEE70AF1EE10FAD1
:103B70000D46144606DA2146284605B0BDE8304019
:103B8000D3F73ABF01AAFFF7C2FF214601A8D3F736
:103B900033FF0028EFD005B030BD30B5027E0446BB
:103BA0000B465AB907C984E8070093E8070004F1F7
:103BB0000C05012385E80700237630BD01F10C02D6
:103BC000F3EC017AB4EC017AF4EEC77AF1EE10FA74
:103BD00048BF44ED017A53ED017A94ED027AF4EE98
:103BE000C77AF1EE10FAC8BFC4ED027A9342E7D16A
:103BF000E3E70120FBF7F4BC014640F2E73008B5EB
:103C00004FF47A72002300EBC1304914C4F772FA02
:103C1000BDE80840FBF7A0BC38B5D4F789F9F6EE4B
:103C2000007AB4EEE70AF1EE10FA144603DBBDE8C1
:103C30003840FFF76CBF07C984E8070038BD08B5F6
:103C4000D4F79EFFBDE80840D5F764B80120D4F74B
:103C5000A5BB0220D4F7A2BB10B5044618B1D4F717
:103C6000DDFE84ED000ABDE81040D4F74DB9704781
:103C700070470020704738B52DED028BD0ED007AEB
:103C8000F5EE407AF1EE10FA0D461446B0EE408A99
:103C90000DD1D0ED017AF5EE407AF1EE10FA06D1B1
:103CA000D0ED027AF5EE407AF1EE10FA03D0B0EEE4
:103CB000480AD8F7A7F9B0EE480A2846D8F7C8F955
:103CC000B0EE480ABDEC028B2046BDE83840D8F77C
:103CD0008DBA7047FBF784BC014640F2E73008B567
:103CE0004FF47A72002300EBC1304914C4F702FA92
:103CF000BDE80840FBF730BC10B50378012B044643
:103D00000CD180227721002000F0F3F9621C0323FC
:103D1000BDE8104078210020E0F716B910BD10B5BD
:103D200002460144FF208A4200D110BD12F8013B37
:103D30000824584010F0800F4FEA400318BF83F06A
:103D40000703013CD8B2F5D1EDE7036800EE103A65
:103D5000BAEEC10A70473320704708B503F080F906
:103D60004FF47A72A0FB020302FB0131C00B40EA60
:103D70004140C90B08BD1FB5034640F2052202921F
:103D8000032200689B8801918DF80C209DF80C207F
:103D9000816842F002028DF80C208C68012201A992
:103DA000A04704B010BD014640F2E73008B54FF41B
:103DB0007A72002300EBC1304914C4F79BF9BDE8C7
:103DC0000840FBF7C9BB10B502460144FF208A42F8
:103DD00000D110BD12F8013B0824584010F0800FAC
:103DE0004FEA400318BF83F00703013CD8B2F5D176
:103DF000EDE7036800EE103ABAEEC10A70473320CF
:103E0000704708B503F02CF94FF47A72A0FB020357
:103E100002FB0131C00B40EA4140C90B08BD01461D
:103E200040F2E73008B54FF47A72002300EBC1305E
:103E30004914C4F75FF9BDE80840FBF78DBB13B523
:103E40008DF80400C0F303208DF80500022301AAB9
:103E500060210020E0F778F8042204466521002064
:103E600000F047F9044301D0DBF776F9332002B0C4
:103E700010BD014640F2E73008B54FF47A720023D6
:103E800000EBC1304914C4F735F9BDE80840FBF731
:103E900063BB13B58DF80400C0F303208DF8050053
:103EA000022301AA60210020E0F74EF80422044614
:103EB0006521002000F01DF9044301D0DBF730FE3E
:103EC000332002B010BD014640F2E73008B54FF490
:103ED0007A72002300EBC1304914C4F70BF9BDE836
:103EE0000840FBF739BB02F0AEBF13B540BAADF8DE
:103EF00004008DF80610032301AA7C210020E0F7BE
:103F000023F804460520FFF7EEFF204602B010BD5F
:103F100037B540BA022301AA0D46ADF804007C2152
:103F20000020E0F711F804460520FFF7DCFF2A46E1
:103F30007E210020E0F74CF804430520FFF7D3FF73
:103F4000204603B030BD13B50223ADF8040001AA2A
:103F50001E210020DFF7F8FF022204461621002070
:103F600000F0C7F8044301D0DCF724FD332002B091
:103F700010BD73B50C461646F2B1A2238DF804307D
:103F80008DF80500022301AA7C210020DFF7DCFF69
:103F900005460420FFF7A7FF264422467E21002085
:103FA000E0F716F8013405430420FFF79CFFB44204
:103FB000F3D1284602B070BD4FF0FF35F9E701227A
:103FC000FFF7D7BFF7B50D46174622B30E46A2231B
:103FD0008DF8043016F8013B8DF805008DF8063099
:103FE00001AA03237C210020DFF7AEFF0446042052
:103FF000FFF779FF3D44AE4202D1204603B0F0BD49
:1040000016F8012B7E21002000F073F804430420F1
:10401000FFF769FFEFE74FF0FF34EEE707B5012246
:104020008DF807100DF10701FFF7CCFF03B05DF825
:1040300004FB10B50446DCF7F9FC4CB11822302122
:10404000002000F056F808B1DCF7D2FC002010BDCB
:10405000224630212046F4E7014640F2E73008B519
:104060004FF47A72002300EBC1304914C4F742F8D0
:10407000BDE80840FBF770BA08B502F0F1FF4FF455
:104080007A72A0FB020302FB0131C00B40EA4140FF
:10409000C90B08BD4FF4AF70FBF7A2BA014640F25E
:1040A000E73008B54FF47A72002300EBC1304914B1
:1040B000C4F720F8BDE80840FBF74EBA30B40C4610
:1040C0000146134651F8040B826815682246AC4637
:1040D00030BC6047F0B40C2707FB0214866814F864
:1040E000045C45F0020504F8045CB468A446F0BC26
:1040F000604707B58DF804108DF8052001A902224C
:10410000DFF722FE03B05DF804FBD20003F008B82D
:104110002DE9F04F8BB00C46079313460133DB00BB
:104120000493083B0993079B009023EAE373DB00A9
:10413000019205934FF00008019B984537DA059BE3
:10414000DDF800B00694E3180893D946C246264627
:104150002AE0F6E80223F5E80201C3F725FBDDE9D2
:104160000223C3F76BF9C9E90001013799ED007B20
:10417000079B9F428DED027BEBDBDDE905361E449C
:10418000099B8BED007B9B44019B0AF1010A53457F
:1041900009F1080907D1009A049B089C1A4400926F
:1041A00008F10108C8E7069625460027DEE70BB0B0
:1041B000BDE8F08F2DE9F0410646D700DDE90702A2
:1041C0000C46069901FB002203EBC2054FEAC10829
:1041D000002C01DCBDE8F081294630463A4602F069
:1041E0009FFF45443E44013CF2E7F8B500EBC306AF
:1041F000DF000D46144651EC100BD6E90023C3F73F
:104200001DF93D443C4400220023C6E90001C5E9F4
:104210000001C4E90023F8BD2DE9F04F87B08DED12
:10422000000B8DED021B8B180E46154600EBC207E6
:1042300000EBC304B54202DB07B0BDE8F08FD7E95D
:1042400000ABDDE9002350465946C3F7ADFAD4E987
:104250000089CDE90401DDE9022340464946C3F760
:10426000A3FA02460B46DDE90401C3F7E7F8E7E8E5
:104270000201DDE90001F4E80223C3F795FADDE964
:1042800002238046894650465946C3F78DFA0246B6
:104290000B4640464946C3F7CFF8013544E90201D1
:1042A000C8E72DE9F04F89B0531CD4008DED020B07
:1042B0008DED041B079304F10803054606934FEAAE
:1042C000C10A0026079B9E4202DD09B0BDE8F08FBF
:1042D00004EB050B069B9BED007B5F19D7E90023E0
:1042E000DDE904018DED007BC3F75EFADDE9022311
:1042F00080468946DDE90001C3F756FA02460B46BF
:1043000040464946C3F79AF8CBE90001D7E90023B4
:10431000DDE90201C3F748FADDE904238046894656
:10432000DDE90001C3F740FA02460B464046494624
:10433000C3F782F80136C7E900015544C2E72DE909
:10434000F04FD60089B006F108038DED020B8DED1C
:10435000041B0693CB0004460D4607930027AF428B
:1043600002DB09B0BDE8F08F06EB040B069B9BED6A
:10437000007B03EB040ADAE90023DDE904018DED9B
:10438000007BC3F711FADDE9022380468946DDE9A7
:104390000001C3F709FA02460B4640464946C3F7F7
:1043A0004DF8CBE90001DDE90201DAE90023C3F7AA
:1043B000FBF9DDE9042380468946DDE90001C3F706
:1043C000F3F90B46024649464046C3F735F8079BCA
:1043D000CAE9000101371C44C1E72DE9F0412DED88
:1043E000048B88B01C46149BDDF84880029306AB12
:1043F000019304AB16460F4600932246139B414699
:104400000546E0F799FC9DED048B9DED069BB0EE13
:10441000480AF0EE680A434622463146B0EE491A91
:10442000F0EE691A2846E0F711FDB0EE491AF0EEF9
:10443000691AB0EE480AF0EE680A03462246314691
:104440002846CDE9127808B0BDEC048BBDE8F041F8
:10445000C9F71EBF2DE9F04F55EC124B87B0074648
:104460000E4622462B46204629465BEC13AB8DEDCB
:10447000000B8DED021BC3F797F952468046894623
:104480005B4650465946C3F78FF902460B464046F5
:104490004946C2F7D3FFDDE900238046894620461E
:1044A0002946C3F781F9DDE90223CDE9040150462D
:1044B0005946C3F779F902460B46DDE90401C2F714
:1044C000BDFF42464B46C3F799FADDE90223C7E92F
:1044D000000120462946C3F767F9DDE900230446B9
:1044E0000D4650465946C3F75FF902460B46204633
:1044F0002946C2F7A1FF42464B46C3F77FFAC6E9F9
:10450000000107B0BDE8F08F2DE9F04FCC0004F1B9
:10451000080700238B4201DBBDE8F08F013300F177
:10452000080622181D468D4201D13844F2E7D2E92F
:104530000089D6E900AB0135C2E900ABE6E80289A3
:104540002244F0E72DE9D04300EBC10100EBC200AB
:10455000069A0024D2009C4201DBBDE8D083D1E959
:104560000067D0E900890134C1E90089C0E900672A
:1045700011441044EFE7F0B55A43594300EBC10131
:1045800000EBC20000229A4200DBF0BDD1E90045F9
:10459000D0E900670132E1E80267E0E80245F2E7AE
:1045A00030B589B000258DF807200DF10702029281
:1045B0000122CDE90532072303928DF810508DF8C2
:1045C0001C309DF81C30826843F002038DF81C30CB
:1045D00094680B46022202A9A04709B030BD08B575
:1045E00002F03EFD4FF47A72A0FB020302FB0131A0
:1045F000C00B40EA4140C90B08BDFAF7F1BF38B51E
:10460000002120EAE0744FF4004540F2E7304FF417
:104610007A720023C4FB0501C3F76CFDBDE8384086
:10462000FAF79ABF4FF0FF307047704770474FF06E
:10463000FF307047002070474FF0FF3070477047E1
:1046400000207047002070474FF0FF3070474FF058
:10465000FF3070474FF0FF307047002070477047C1
:104660004FF0FF30704770477047704710B54B8868
:10467000834202D8088810BD04310B884C886BB186
:10468000A042F9D331F8042C31F8021C001BD21AD5
:104690004243091BB2FBF1F2D018ECE7A042F1D281
:1046A0001846E8E71FB5102422460021684602F0AC
:1046B00045FD224669460820E5F7B2FBBDF9020038
:1046C00040EAE07004B010BD1FB51024224600215E
:1046D000684602F033FD224669460820E5F7A0FB54
:1046E000BDF9000040EAE07004B010BD1FB5102411
:1046F00022460021684602F021FD69462246082034
:10470000E5F78EFBDDE9020104B010BD4FF08043F8
:10471000D3F81824D3F8180400F00300704708B544
:10472000FFF7F4FF20B1BDE808400020E2F716BE15
:1047300008BD0120E2F712BEFFF7FBBF10B502462D
:10474000014400208A4200D110BD12F8013B082428
:10475000584010F0800F4FEA400318BF83F0070362
:10476000013CD8B2F5D1EDE708B502F079FC4FF481
:104770007A72A0FB020302FB0131C00B40EA414008
:10478000C90B08BD014640F2E73008B54FF47A7214
:10479000002300EBC1304914C3F7ACFCBDE808406E
:1047A000FAF7DABE014640F2E73008B54FF47A7204
:1047B000002300EBC1304914C3F79CFCBDE808405E
:1047C000FAF7CABE08B502F04BFC4FF47A72A0FBB0
:1047D000020302FB0131C00B40EA4140C90B08BD96
:1047E000014640F2E73008B54FF47A72002300EB3F
:1047F000C1304914C3F77EFCBDE80840FAF7ACBEEF
:10480000002070477047002070470020704700204C
:10481000704700207047E6F73BB94FF08043D3F86C
:104820000004C0F34000704791ED016AD0ED017AB9
:10483000D0ED006A91ED007A67EE867A56EE877ABF
:10484000D0ED026A91ED027A46EEC77AD0ED036AA6
:1048500091ED037A46EEC77AC2ED007A91ED016AD6
:10486000D0ED007AD0ED016A91ED007A67EE867A9C
:1048700046EE877AD0ED036A91ED027A46EEC77A6A
:10488000D0ED026A91ED037A46EE877AC2ED017AA5
:1048900091ED016AD0ED037AD0ED026A91ED007AD4
:1048A00067EE867A46EE877AD0ED006A91ED027A5D
:1048B00046EE877AD0ED016A91ED037A46EEC77A2B
:1048C000C2ED027AD0ED027A91ED016AD0ED036A71
:1048D00091ED007A67EE867A56EE877AD0ED016A1E
:1048E00091ED027A46EE877AD0ED006A91ED037A77
:1048F00046EE877AC2ED037A704703680B60D0ED0D
:10490000017AF1EE677AC1ED017AD0ED027AF1EE2B
:10491000677AC1ED027AD0ED037AF1EE677AC1EDE4
:10492000037A704710B503468CB0144600220092FB
:104930001A68019208465A689B68029204A9039378
:1049400008AAFFF7DAFF6946FFF76EFF0A4608A8D4
:1049500004A9FFF769FF019B2360029B6360039B2F
:10496000A3600CB010BD00B52DED028B83B001AB80
:104970000422B0EE408AF4F7ABFBDDED017AB0EE35
:10498000E70AF7EE007AB4EEE70AF1EE10FA0FDC70
:10499000FCF78AF830EE000AB4EEC80AF1EE10FA1D
:1049A0004CBF0120002003B0BDEC028B5DF804FB7E
:1049B0000120F8E790ED017AD0ED007A77EE877A62
:1049C00090ED027A77EE877AB0EE080A87EE800AD9
:1049D000704730B585B005460C4601AA0323F4F7AD
:1049E00091FB2B4601A904F10C000322F4F770FBA4
:1049F0002B1D01A904F118000322F4F769FB05F14E
:104A00000803032201A904F12400F4F761FB05B0B7
:104A100030BDD0ED017A91ED015A90ED004A91ED53
:104A2000006AD0ED025AD1ED023AD0ED036AD1ED21
:104A3000034A27EE857A14EE067A05EEE37A06EE4F
:104A4000E47A82ED007A26EE277A04EE057A05EE06
:104A5000A47A03EEE67A82ED017A27EEA47A67EE75
:104A6000A37A14EE237A44EE247A06EE257A45EEF4
:104A7000657A05EE267A46EE267A82ED027AC2ED56
:104A8000037A7047D0ED027AD0ED035AD0ED016A77
:104A9000D0ED001AD1ED012A91ED002A91ED023AF4
:104AA00077EEA74A35EEA57A64EEA74AB7EE006A1C
:104AB0002DED048B67EEA63A65EEA18A27EE257AE6
:104AC000B0EE465A36EE646A25EEA64A27EEA10AF3
:104AD00072EEA20A67EEA57A76EE475A33EEE86ADE
:104AE00033EE038A26EE206A05EE826A36EEA69A37
:104AF00070EE045A09EE665A05EE886A66EEA16AFF
:104B000035EE477A82ED006A37EEE66A77EEA67AEE
:104B100032EE021A73EEA83A34EE404A27EE227AB9
:104B200067EEA07A03EE817A44EE017A35EE645A9C
:104B300006EE087ABDEC048B45EE037A82ED017A2D
:104B4000C2ED027A7047D0ED015AD1ED036AD1ED82
:104B5000000A91ED061A91ED047AD1ED057A91EDF6
:104B6000023AD1ED011A91ED072A91ED084A90ED34
:104B7000046A90ED050AD0ED063AD0ED072AD0ED93
:104B8000084A2DED048B90ED009AD0ED028A90ED4D
:104B9000038A25EEA65A09EE205A08EE815A82EDC4
:104BA000005A25EE875A65EEA75A49EE035A48EE99
:104BB000845A09EE215AC2ED025A66EE865A40EE38
:104BC000885A41EE005A66EEA26AC2ED035A67EEB9
:104BD000065A27EE866A27EE227A67EEA27A41EE1F
:104BE000885A03EE086A40EEA36A01EEA37A43EE08
:104BF000237A08EE825ABDEC048B42EE005A04EE92
:104C0000006A41EE246A02EE247A44EE247A82EDB0
:104C1000015AC2ED045A82ED056AC2ED066A82EDC0
:104C2000077AC2ED087A704792ED000AE6F70EBBEC
:104C30000A4601461030FFF7ECBE92ED010AE6F796
:104C40004FBC92ED020AE7F79DB990ED080A704754
:104C500090F82400704790F82500704790ED7E0A88
:104C6000704790ED7F0A704780ED7E0AC0ED7F0AA5
:104C700070470A4601460020E7F704BE836800EB50
:104C8000C101B3F5004F2CBF51F8220031F81200DA
:104C9000704700EBC1018068B0F5004F2CBF41F8B0
:104CA000223021F81230704708B50122FFF7E6FFE5
:104CB000D04008BD8368B3F5004F00EBC10108D3B5
:104CC0004B681AB143F001034B60704723F00103B6
:104CD000FAE74B881AB143F001034B80704723F089
:104CE0000103FAE753000122FFF7D3BF8368B3F54E
:104CF000004F34BF04230823C91A081AC00870479C
:104D0000B0F5004F34BF042308230731C818C0088A
:104D1000704708B50A460121FFF7F2FF0132121A67
:104D2000B2FA82F0C0F11F0008BD2DE9F04117462C
:104D300003220E460446FFF7A1FF8642054607F10F
:104D400004080AD1E3680122BA4023EA0203E360BF
:104D5000002344F82830BDE8F08131460222204685
:104D6000FFF78CFF2B460646014644F828502046A4
:104D70000322FFF78EFF3346294620460222BDE874
:104D8000F041FFF786BF70B50D4686680446FFF711
:104D90008BFFB6F5004F014601D3012809D03046FC
:104DA000FFF7B7FF294602462046BDE87040FFF7EF
:104DB000BCBF70BD2DE9F047054680688846FFF707
:104DC000A8FF05EB800A0646DAF81090B9F1000F4B
:104DD0001BD00327DAF8104028462146FFF764FF6E
:104DE000404507D3324621462846FFF79EFF20461E
:104DF000BDE8F087032221462846FFF73FFF013F29
:104E0000CAF8100001D08145E4D1EB6801364FF0BB
:104E1000FF34B4401C40EAD094FAA4F2B2FA82F211
:104E2000131D55F82340DEE72DE9F04114460546F1
:104E30000E46FFF739FFA4EB0608371B074442462E
:104E400031462846FFF74EFF3A4621462846FFF7EF
:104E500049FF4346002221462846FFF71AFF214614
:104E60002846FFF721FF3B46211800222846BDE8CF
:104E7000F041FFF70EBF2DE9F041164604460F46FC
:104E8000FFF712FF314605462046FFF70DFF0544A8
:104E90002A4639462046FFF725FF31462046FFF7D0
:104EA00003FF2B46311800222046BDE8F041FFF7F2
:104EB000F0BE2DE9F0410D4686680446FFF7F4FE8A
:104EC000B6F5004F014601D3012832D03046FFF736
:104ED00020FF04EB80010E6996B9E368012282404D
:104EE0001343E36002220D612B4629462046FFF75B
:104EF000D0FE032229462046BDE8F041FFF7C9BE97
:104F0000022231462046FFF7B9FE294603460746EE
:104F10002046FFF7BEFE0322334629462046FFF710
:104F2000B8FE39462B462046FFF7B3FE0222314633
:104F3000E1E7BDE8F081F8B50C460546FFF7B4FEA1
:104F40002618012231462846FFF798FEC3070CD4E5
:104F500031462846FFF717FF21462846FFF7A4FEF3
:104F6000214622182846FFF786FF002221462846C0
:104F7000FFF784FE271A012239462846FFF77EFEF6
:104F800010EA020613D139462846FFF7FCFE2146F7
:104F900032462846FFF772FE2246211A2846FFF7BE
:104FA0006AFF214632462846FFF768FE241A21464A
:104FB0002846BDE8F840FFF77CBF70B5066809B920
:104FC000002070BDB068B0EBD10FF9D9FFF798FEA3
:104FD000014605463046FFF7EDFE04460028EFD0B7
:104FE00001463046FFF760FEA84209D92544214614
:104FF00030462A46FFF718FF29463046FFF759FF8B
:10500000304601222146FFF755FEB368B3F5004F45
:1050100034BF0423082303EBC4031844D1E711462B
:10502000FFF7CBBF2DE9F04706460D4617469846D9
:105030002BB398F8004093F80190DB78A40004EBC0
:10504000430498F802301C4444444FF0000ACA4517
:1050500009D3D8F8042008F1080339463046AC4695
:10506000BDE8F047604714F8013B48F8234020466C
:10507000C3F7F1F8013004440AF1010AE7E76FF0E1
:105080001500BDE8F08770B5002502462846144695
:1050900014F8013B0BB9184609E098B18D4207D1CD
:1050A000702B04D0A3F140023A2A0BD8002070BD27
:1050B000A3F140063A2E05D853780135941C002BF5
:1050C000E9D00020252B08BF80F001002246DEE752
:1050D0000020704730B50C688B6814B14A689A425A
:1050E00002DC01338B6030BD013A9A4214BF0546A1
:1050F0000025E5548B68F4E700F0E6BC0FB407B573
:1051000004A951F8040B019100F0DEFC03B05DF836
:1051100004EB04B070470CB407B504AB53F8042B90
:105120000193E8F723F903B05DF804EB02B0704790
:10513000044608B5084611461A46A047FAF7C6FACB
:10514000EDF78AF8D0E9002130B54FF03333A2FBF8
:105150000324D51843EB0405A1FB0313521844EBB9
:105160000304521944F10002891843F10003C0E915
:10517000001330BD10B50A68002A03460FDD013A5E
:105180000A601A6844680A20A2FB001200FB04228D
:10519000100F22F07042C3E90012303010BD3020F1
:1051A000FCE72DE9F0410746884615461E461446A1
:1051B000B44205D30EB1601B08E02378002BFAD06F
:1051C00014F8010B4146B8470028F1DABDE8F08138
:1051D0000FB407B504A951F8040B0191FFF78CFF38
:1051E00003B05DF804EB04B0704710B503690246E4
:1051F00013F0080009D11368D4689C4297BF526A23
:10520000E31AD31A01200B6010BD00231846FAE7F9
:1052100013B501A90446FFF7E8FF20B1019BE2683E
:10522000013B13440193606A019BC01A013802B02C
:1052300010BD10B5044650182269636AD20702D522
:10524000013B184010BD984228BFC01AFAE710B5BC
:1052500004460A46C168FFF7ECFF2369E06023F0CB
:105260000803236110BD38B50D46026A8B00016842
:1052700043F0020342F82130044601682A46FFF752
:10528000D8FFE36861682060984202BF236943F059
:10529000080323612A462046FFF7CBFF606038BD34
:1052A0002DE9F74FC768066A9B4606EB8703009314
:1052B00016F8273003F00303022B04468846914674
:1052C0004FF000030BD01360CBF8003023699B072D
:1052D00013D44FF0000A504603B0BDE8F08F56F8E3
:1052E000271013608908CBF80030EFD0FFF7AFFF2D
:1052F000E368A3604FF0010AEDE7E369009898477F
:1053000016F8272012F0010A0546E2D012F0020238
:105310001FD0B8F1000F03D041462046FFF7A3FF8E
:1053200061682A462046FFF784FFD4E902219142B2
:10533000606006D12A462046FFF77BFF4FF0000A47
:10534000A060A2682260E260226942F00802226145
:10535000C1E7014620460192FFF779FFE368A360A9
:10536000B8F1000F04D02168236A019A43F8212084
:1053700005EB0802CBF8002021682046FFF759FF13
:105380002369206043F00803236116F827306FF388
:10539000000306F82730009BC9F80030AAE770B573
:1053A00004461546FFF745FF2368834205D123696C
:1053B000216023F00803236170BD226AAB0043F033
:1053C000020342F82130204661682A46FFF731FF88
:1053D0006060F1E738B503695B07044606D5856A66
:1053E000FFF716FF85422CBFA562A06238BD08B545
:1053F000EFF31183402383F31288BFF36F8F00F024
:1054000036FE036800220BB9184670478B4210D154
:105410000B6842B942680360914200D143600023A7
:105420000B600120704713604368994208BF4260D7
:10543000F5E71A461B68E6E7838B13F0070305D1EF
:105440000368002B0CBF002003207047022B05D1FE
:10545000C08BB0FA80F0400980007047012B05D165
:105460000368002B0CBF0020052070470020704708
:1054700010B50C4600B111B96FF0150010BD081D34
:1054800000F02FF80028F9D1A368032BF6D9F3E731
:105490002DE9F0410D4607461946281D90461E4647
:1054A000E8F704FE044638B13346424629463846FA
:1054B000A446BDE8F0416047BDE8F08138B50C4630
:1054C000054658B151B10B6843B14B6833B1202246
:1054D000002101F033FE2C61002038BD6FF0150073
:1054E000FBE7034658B1426802F00302012A03D0E9
:1054F000032A04D1026812B10020986070476FF04F
:105500001500704770B50C8806468888241A3069E3
:10551000A4B2844285B224BF641BA4B22D1BA8B2DE
:10552000984228BF18463368234413600B8803440D
:105530000B8070BD70B4838985880669ED1AADB2A1
:10554000731B934228BF134670BC0A46011DFFF728
:10555000D9BF70B40E460146C58831F80A3FEC1A2F
:10556000A3B2934228BF1346324670BCFFF7CABFAE
:1055700010B54B880C88E41AA4B294420ED31A4496
:1055800092B28B884A800A800069D21A92B2824213
:1055900001D2002010BD03448B80FAE76FF01500A4
:1055A000F8E7704780EA1020C0EBC01300EB8303DC
:1055B000C3EB0313A0EB830083B2C0F3C8105840C1
:1055C00000EB8013C0EB031303EBC30300EB4300BA
:1055D000C0EB800080EA502000F07F00704770B47C
:1055E00006688489806A0D0C16FA81F105FB0411A6
:1055F00084682468A44670BC60472DE9F0431C46CB
:10560000C36A1D686D4289B006468846174605F094
:1056100020051CB9204609B0BDE8F083AC42A14684
:1056200028BFA9464B466A4641463046FFF7D7FF9A
:105630000028F0D16B46484502D1241A8044E8E79F
:1056400013F8012BBA4201D10130F4E70120E2E75F
:105650000B6803F580330B60C0891A0CB0EB134F55
:1056600004BFA3EB02430B60704710B5014604462C
:105670000722FF20E7F724F9E07110BD0368012B32
:1056800081BFC91801F1FF315B42194008467047DC
:105690002DE9F0410C4605460821C06AFFF7EEFFF0
:1056A000072207462146FF206688B4F80480E7F702
:1056B00007F9E379834208D1A8894644C01BB04268
:1056C00094BF00200120BDE8F0810020FBE738B541
:1056D00005460C46FFF7DCFFA0B1A08898B92288E8
:1056E0004FF6FF739A420DD1E86A0821FFF7C6FF13
:1056F0006288AB899B1AB3FBF0F202FB1030B0FA60
:1057000080F0400938BD0020FCE7F8B50446234688
:1057100080890D0C0A0C53F8301B2D0402FB00117C
:105720004FF0FF3604F50C70984210D1A06AA289A0
:1057300000F029FC50B9E26AA38952792946204633
:10574000FFF75BFF002818BF6FF00500F8BD5F880A
:10575000BA4208BF1E600433E6E7F7B504460D46BB
:10576000C06A0821FFF78AFF2968074608232046F8
:10577000FFF735FF0646002836D12B683B442B60E7
:10578000A28999B2D21B91422ED11A0C03BFE28991
:1057900002F1FF3203EB0241A3F5803129600823B7
:1057A0006A462046FFF71BFFE8B9E36A5A796B4661
:1057B00013F8011B8A420CD101300828F8D1636824
:1057C00005E02B68BDF802201B0C1B0413442B6062
:1057D0000AE069462046FFF77AFF0028F1D1294602
:1057E0002046E8F7E9FC0646304603B0F0BD2DE957
:1057F000F043074689B090461E461BB9002009B009
:10580000BDE8F0833C688389080C14FA81F100FB41
:105810000314FB6A1D686D4235400CD0B86A83687A
:105820002146D3F804902B46C8470028E7D1761BC1
:10583000E4D02C44A84432464146684601F070FC4E
:10584000FD6A2A686979921B0DEB060001F076FC6F
:10585000B86A2B688268214655686A46A847CEE731
:1058600038B50A460D46082341680446FFF7BFFFD6
:10587000024628884FF6FF73984205D0FFF792FE44
:105880000C30636844F82030E06A0821FFF7F6FE28
:1058900063681B1A6360104638BD13B54FF6FF737B
:1058A00000220446ADF800308DF806308368ADF86C
:1058B00004206846ADF80230FFF7D7FE694620465F
:1058C000FFF7CEFF02B010BD2DE9F04F044695B0B2
:1058D000C06A0821FFF7D2FE63681B0C1B04054653
:1058E00003A920460393FFF7B3FEDDF80CB0A689A9
:1058F0005E44761B06AA0823314620460496FFF72D
:105900006EFE021EC0F2B480E36A06AA5979002333
:1059100012F8010B814240F09A800133082BF7D135
:10592000A36862682B449A4280F0898059462046D9
:10593000FFF7EBFE02469BE0BDF81A30360C36044A
:105940001E44049608AA04A92046DDF810A0FFF71B
:1059500004FF0246002840F08B8008A92046FFF78C
:1059600097FE18B9019B9A45ECD1D9E7BDF8200004
:10597000FFF718FE0C3054F820300593013304BFB4
:10598000636805930AAA05A92046059EFFF7E5FE70
:10599000024600286CD1BDF82820BDF820309A427C
:1059A00027D06268059B9A42ECD15645DAD1BDF802
:1059B0002430002BD6D0BDF822704FEA1A431B04C6
:1059C0001F4408A8A368ADF82230FFF74EFEE36A33
:1059D000BDF824901E68764206F02006B9F1000F4B
:1059E0000ED108A92046FFF73BFF02460028B9D098
:1059F0003EE00AA92046FFF74BFE0028D1D0D4E7AD
:105A00004E45B04628BFC8460CAA434639462046F4
:105A1000FFF7E5FD024658BB4346A1680CAA2046A5
:105A2000FFF7E5FE41460246E06AFFF727FEA3685E
:105A30000344A360E2B9A9EB08094744CEE7204636
:105A4000FFF72BFF024600283FF470AF10E0731BF6
:105A500006A920460193FFF73AFE00287FF46CAFB9
:105A600004A92046E8F7A8FB024600283FF46AAFE5
:105A7000104615B0BDE8F08F13B500240094E8F788
:105A800023FF02B010BD03785B075FBF0368428845
:105A9000C3F34A2303EB12105DBF173020F0070059
:105AA0008008002070470020704700F044BF034684
:105AB000BFF35B8F53E8000F421C43E8002100292D
:105AC000F8D1BFF35B8F70471FB50023CDE902010A
:105AD000CDE900331A4619461846E9F72BFC05B004
:105AE0005DF804FB0120E9F7FDB80020704743682A
:105AF000DA7143681960436801225A71E9F7E4B822
:105B000070B5D2E901369B1B8B420C4615460AD371
:105B100013680A460146981901F002FBAB6823445A
:105B2000AB60204670BD6FF01B00FBE770B50E4602
:105B300015461946044618B9BDE87040E9F7D2B8D1
:105B400033B1C2F34A231030120D184401F0E8FAC1
:105B5000C4E900562046BDE87040E9F7F1BAF8B54F
:105B600006460D4614461F4604B9F8BD2146284690
:105B70003A46B047241A0544F6E710B542688168F2
:105B80000446D2E900230068FFF7E9FF63680022BA
:105B90001A6010BD13B500240094CCF77DF802B054
:105BA00010BD0A2838B504460D4602D10D20E9F78C
:105BB00067FC29462046E9F763FC002038BD2DE943
:105BC000F043054687B008460E8891F80090D1F85A
:105BD00008800C461746E9F727FC011EC6F382161B
:105BE000C9F3C2091EDB4846E9F7BCFA0346214661
:105BF000608851F8102B0196C2F34A22002A01EB6B
:105C00000204C0F30B1008BF00210022CDE90407F5
:105C1000CDE90214009241462846E9F761FC07B03D
:105C2000BDE8F0830023E2E743681B685B6800205F
:105C30001961704743681B681868E9F7E3BD70B5E0
:105C400043681D686B6818690C46E9F727F8214618
:105C500003460F222868BDE870401847036A1BB14D
:105C60001B790B70002070476FF057007047036A74
:105C70003BB1DB682BB11B6A1879B0FA80F04009A0
:105C800070470120704770B5056A04460E460DB195
:105C900003232B712046FFF7EAFF98B1032120462A
:105CA000B047002802DA10F1860F0BD1012125B987
:105CB00020463346BDE87040184729712046B0475A
:105CC00000232B7170BD10F0700F00F07F0201D027
:105CD000EAF700BA10F0800F18BF10320120904090
:105CE00070472DE9F84306460F469046994604252D
:105CF0004B46424639463046EEF7DEF810F10B0FC0
:105D0000044603D1F9F70EFB013DF1D12046BDE871
:105D1000F883006840B150F8043C5B688B42A0F106
:105D2000040001D04068F5E77047006850B150F8B2
:105D3000043C5B685B689B788B42A0F1040001D057
:105D40004068F3E7704730B5006888B150F8043C0C
:105D50005B681A6A1D7F04380023043ADCB2A5424E
:105D600001D84068F1E7013312F833408C42F5D195
:105D700030BD08B5EBF724F828B1406810F1100FDA
:105D800014BF0020012008BD4B1CDBB2817081765E
:105D900080F82530C37600F8061C704750E90231C0
:105DA000D0F89C0018470369002283F84A20704706
:105DB000036993F84A0050B193F8480038B1D3F81A
:105DC00090209388918910695B1A9BB2C01A704722
:105DD0000369002283F84B207047036993F8490058
:105DE00008B193F84B00704708B50246FFF7F5FF7E
:105DF00030B91046FFF7DCFF003818BF012008BD9E
:105E00000120FCE70369C3E9001270470229036916
:105E100008D004290BD001290ED1D3F89430136097
:105E20000020704793F89B30C3F34003F7E793F8E3
:105E30009B3003F00103F2E76FF08500704708B56F
:105E4000402903693FD013D8102932D006D8012940
:105E50001ED0082920D06FF0120008BD2029FAD1E9
:105E600093F89C1001F0FB0152B341F0040127E0CC
:105E7000B1F5807F30D0B1F5007F36D08029EAD1EE
:105E800093F89C1001F0EF01D2B141F0100117E03E
:105E9000C3F894200020E0E793F89C1001F0FE0185
:105EA0000AB141F0010183F89C100121EBF780FA5F
:105EB000F0E793F89C1001F0FD010AB141F00201F6
:105EC00083F89C10F2E793F89C1001F0F701002A88
:105ED000F6D041F00801F3E793F89C1001F0DF01E0
:105EE000002AEDD041F02001EAE793F89C1001F080
:105EF000BF01002AE4D041F04001E1E770B5046938
:105F00000546D4F88C00E8F723F994F8A03006464B
:105F1000B3B1D4F88C209388918912695B1A9BB233
:105F2000D31A3F2B0CD994F89E3033B16B681B6A9F
:105F30002246187B0021EBF7D1FA002384F8A03029
:105F4000304670BD08B50122FFF7D8FF013818BFF1
:105F50004FF0FF3008BD0269D2F8901088898B8815
:105F600009691B1A9BB2994204BF002382F848308A
:105F7000D2F88C30D9885B89994204BF002382F81B
:105F80004930012070472DE9F0418768FB680446DD
:105F90000D4616469847BB682BB132462946204627
:105FA000BDE8F04118476FF05700BDE8F0810146A9
:105FB0000068EBF76DBB08B5EBF74EFCBDE8084099
:105FC000EBF74EBC00210120EBF762BB61B662B675
:105FD00080F31188BFF36F8F704772B6002383F38D
:105FE0001188BFF36F8FBFF34F8F30BF62B6BFF31F
:105FF0006F8F704772B6002383F31188BFF36F8FE2
:10600000BFF34F8F20BF80F31188BFF36F8F62B64D
:106010007047202809D9B0F1004F08D80138B0FAEC
:1060200080F0C0F11F0040007047082070473E20FC
:106030007047002070474FF0FF3070470846114608
:10604000ECF742BD08461146ECF752BD4FF0FF3069
:106050007047002070470228CCBF00200120704705
:106060004FF400534B6000207047F6F76FBC08B543
:1060700000224FF480214FF00050F3F7DFFBF1F7DF
:10608000C7F94FF080430122C3F80025BFF34F8FBB
:1060900020BFFDE7817070470020704738B50025AC
:1060A000044680F80C5429464FF480620C3001F00D
:1060B00045F8294604F20D404FF48072BDE838409F
:1060C00001F03CB82DE9F0418368054683B3DB68F5
:1060D00073B30024D0F8107500F20C4800F10C06E0
:1060E000224618F8013F0134A4B2E3B13068411CE4
:1060F0004FEA830CC1EB8303002BB8BF5B42012B3B
:1061000031600CDC3AB93260AB682146DB68384656
:106110009847012207E06145FBD13060F9E761450E
:1061200001D1002AF9D1B4F5807F06F10406D8D157
:10613000BDE8F08143685B680020D971704703694E
:1061400042685B6852681374C3F3072353740020DA
:10615000704710B50369C0E905330023C360837F2E
:10616000044613B1407AEEF7EFFF012323770023B3
:106170006377E377A37710BDF7F7E8B9F7F7B6BA17
:1061800038B50446ECF788FF054660B1037A6BB179
:1061900020460024EFF782F82846AC77FFF7D9FFB6
:1061A0002C72204638BD6FF01500FBE76FF07700CA
:1061B000F8E770B504460E461546EDF72FFF30B9E7
:1061C00006B925B12046BDE87040EDF793BF70BD1C
:1061D00010B50C46EEF768F8EFF31183402282F316
:1061E0001288BFF36F8F02692260027B2AB9807D1B
:1061F00083F31188BFF36F8F10BD0420F8E7F7F722
:10620000ADBCF8B5069F0469C9B2EFF3118640250D
:1062100085F31288BFF36F8F0C2569430C44A56C7E
:1062200005F0070CBCF1010F0BD1A76486F31188B0
:10623000BFF36F8FC4E9102343685B589847002071
:10624000F8BD05F0C005AF4286F31188BFF36F8F2C
:106250000CBF6FF077004FF0FF30F1E713B58024EB
:106260000094FFF7CEFF02B010BD0069CBB200EB87
:106270004310002110470020F3F7A0BB0020F3F7E4
:106280000DBC1046F7F76ABC8022EFF7B9BB10B51A
:106290000346BFF35B8F53E8000F40EA010243E877
:1062A0000024002CF7D1BFF35B8F10BD0A2810B576
:1062B000044602D10D20EFF79FFDE0B2EFF79CFD01
:1062C000204610BD2DE9F3411C469046002382680C
:1062D0002360A36053690D4601AA69469847019B54
:1062E0005A1E019223B96FF0150002B0BDE8F0818B
:1062F0000098A26847682168676085B9A8EB020327
:106300000668B34228BF33461A4403FB07112160D5
:10631000A26002689A4206D808300090DFE76B1A44
:10632000B3FBF7F3ECE70020DFE713460022FFF7AB
:10633000C9BF10B50C4600F000FC0023C4E90003FF
:10634000184610BD38B505460C4600F0F6FB002D8A
:1063500007DBA84205D9401B84428CBF00200120E6
:1063600038BD0020FCE770B50D4628461946164694
:106370001C46FFF7E7FF28B921462846BDE87040D4
:10638000EFF79EBF24B122462946304600F0C8FEF2
:10639000002070BD43685B68D3F810350B600020A7
:1063A000704743685B6802EA010021EA0201C3F812
:1063B0000805C3F80C150020704743685B6800208F
:1063C000C3F80815704743685B680020C3F80C15D4
:1063D000704743685A68D2F8043521EA03000B403D
:1063E000C2F80805C2F80C350020704701298CBF9F
:1063F0006FF085000020704713B54FF080520829D8
:10640000136E526E28BF082112BA00921BBA0C46B6
:106410000A466946019300F083FE204602B010BD93
:10642000F0F7CEBC002201210320EBF7B7BF38B54F
:106430000446056901221146284600F06EFD01223E
:1064400005F11000002100F068FD2046BDE838404D
:10645000F0F776BC0069F7F7FFBB0069F7F77EBB82
:1064600013B501AA044600F02EF8002805DB019BB5
:10647000226819791868F0F701FD02B010BD10B557
:1064800044680021606AFFF7EBFF2046BDE810403A
:10649000F5F7D6BB10B544682046F5F7F7FB606A00
:1064A0000121BDE81040FFF7DBBF08B529B1012984
:1064B00006D1FFF7E4FF002008BDFFF7EBFFFAE786
:1064C0006FF08500F8E730B543681360057A4468DB
:1064D00004EBC504A34202D36FF0010030BD5C7928
:1064E0008C4201D00833F0E70020F7E7704743689B
:1064F000DB6B0020C2E90030704713B501AA0446E7
:10650000FFF7E1FF002805DB019B22681979186875
:10651000F0F7B4FC02B010BD0129F7B5044631D143
:1065200046680021B06BFFF7E8FF00273D46306862
:10653000E9B2F0F73BFD00280EDB019001A8F0F76F
:106540004FFD019AD0F80435D34013F001031CBF6E
:106550000123AB403B43DFB20135042DE7D10023DB
:1065600001206268916A00FA03F23A420CBF0122EC
:106570000022D20321F813200133042BF1D1002093
:1065800003B0F0BD89B945682846F4F7F3FA284608
:10659000F4F728FB0028FAD0236900221A605A6019
:1065A000A86B0121FFF7A9FFE9E76FF08500E7E796
:1065B00010B50469204600F092FC0023636110BD11
:1065C000F8B587687C6806469CB1436893F8263026
:1065D000DB071DD405694FF0FF334FF0FF3228462B
:1065E000F6F7B4FF6B69002B05DC00242846F7F7AB
:1065F0007DF82046F8BD013B6B61002BF5D17B682F
:1066000030469847041EBEBF6B6901336B61EDE7EE
:106610000024EEE7F0B4D0E901631B693BB1776871
:106620008F4208DB3568954205DCF0BC18476FF0F7
:106630005700F0BC70476FF01500FAE7F0B4D0E9EE
:1066400001631B6A3BB137698F4208DBF5689542ED
:1066500005DCF0BC18476FF05700F0BC70476FF0D6
:106660001500FAE770B4D0E90162956A03460C465A
:10667000A5B196F8242012B92B4670BC1847306A91
:10668000024410F8011BA14202D121461846F3E74B
:106690009042F6D16FF0850070BC70476FF05700E4
:1066A000FAE72DE9F341D0E901470E4694F82510A9
:1066B0000569FF2980460FD194F82610C1F38101A6
:1066C000022914D0D8F808301B6B003918BF0121FB
:1066D0004BB96FF0570003E0FFF7C4FF0028EBDA77
:1066E00002B0BDE8F081404698470028F8DBA26878
:1066F000B2F1004F05D011464046FFF78BFF00284E
:10670000EEDB6269B2F1004F05D011464046FFF75B
:1067100095FF0028E4DB2368B3F1004F14D0D8F8CC
:1067200008305B69002BD4D001A940469847002867
:10673000D6DB2268019B9A421CDD11464046FFF7DA
:1067400069FF002805DACBE762686FF000439A42E0
:10675000E5D19EB994F826309B0716D03B68404699
:1067600098470028BCDBA069F0F782FD6B69013314
:106770006B610AE062689342EBDDDEE76B6901332F
:106780006B6194F82630DA0601D40020A8E7404671
:10679000FFF716FFA4E743681868B0F1004018BF80
:1067A000012070470346084631B95B681B68B3F1A6
:1067B000004F01D0136070476FF01500704708B5A7
:1067C0004368986A38B193F82C100122F0F766FDFF
:1067D00000EAE07008BD6FF08500FBE74368986A47
:1067E00020B193F82C100022F0F758BD6FF085000F
:1067F00070474368586870474FF0FF324FF0FF33DF
:10680000F6F7A4BEF6F772BF2DE9F041D0F8048088
:10681000044600691F460E461546FFF7EDFFD8F8FF
:1068200000103A463144284600F07AFC2069FFF710
:10683000E9FF0020BDE8F0812DE9F041D0F80480A7
:10684000044600691F460D461646FFF7D5FFD8F8E7
:1068500000003A463146284400F062FC2069FFF708
:10686000D1FF0020BDE8F08138B5456804460069D5
:10687000FFF7C2FF6A682868002100F05FFC20690A
:10688000FFF7C0FF002038BD08B5006900F027FB06
:10689000002008BD4368586870474FF0FF324FF042
:1068A000FF33F6F753BEF6F721BF2DE9F041D0F8DC
:1068B0000480044600691F460E461546FFF7EDFFAB
:1068C000D8F800103A463144284600F029FC2069E7
:1068D000FFF7E9FF0020BDE8F0812DE9F041D0F895
:1068E0000480044600691F460D461646FFF7D5FF93
:1068F000D8F800003A463146284400F011FC2069DF
:10690000FFF7D1FF0020BDE8F08138B545680446A7
:106910000069FFF7C2FF6A682868002100F00EFCDA
:106920002069FFF7C0FF002038BD08B5006900F0FE
:10693000D6FA002008BD08B5F0F7A0FD08BD4FF05D
:10694000FF30704708B5034640681B6993F8242060
:106950008A4207D993F825303BB1C9B2F5F7E0FD7B
:10696000002008BD6FF01500FBE76FF00A00F8E7A4
:10697000036893FAA3F318061A0A40EA136002F4B4
:106980007F421B02104303F47F031843704704281F
:1069900006D8DFE800F0070305070300A0207047D2
:1069A000002070474FF49670704708B5C1F7FAFBA6
:1069B000002008BD004700F046BA0001090400F1BC
:1069C000804012B1C0F804197047C0F80819704728
:1069D00043090AD0012B0BD14FF6FF7300F01F00C3
:1069E00023FA00F000F0010070474FF0FF33F5E7A5
:1069F000002070472DE9F341019001A8DDE9085816
:106A00000C4617461E46F3F7B1F8019B391E18BF16
:106A1000012100EB8300231E18BF0123002E43EA4F
:106A2000410314BF0C210021002D43EA010314BFD0
:106A30004FF4E0610021B8F1000F43EA0103D0F800
:106A4000002714BF4FF4403100210B4322EA030317
:106A500004B124780FB13F787F001C430EB1367823
:106A6000B6003C438DB1297809023443B8F1000FD8
:106A700003D098F800804FEA0848214341EA080112
:106A8000C0F8001702B0BDE8F0812946EDE71FB558
:106A90000DF10F03019300238DF80F1000931A4698
:106AA0001946FFF7A7FF05B05DF804FB08B50146DE
:106AB000F3F7D6F810B10846F3F7ECF800F0010050
:106AC00008BD38B5054608460C46F3F7E3F8B0B103
:106AD0000846F3F7C5F890B90846F3F7B5F82A6801
:106AE00001238340C2F808332A6803B202EB830310
:106AF000D3F8102522F00302C3F8102538BD204634
:106B00000021BDE83840FFF7C2BFF3F761B9FFF7D6
:106B1000D8BF034608464FF080510A6949694A4385
:106B2000934208D340B1A3F11023B3F5427F2CBFA9
:106B3000002001207047012070474FF080531A69F0
:106B40005869504370474FF08053186970474FF0B1
:106B500080535869704700F180431A68002A1FBFAC
:106B600000221A601B68012008BF002070474FF008
:106B700080434FF46072C3F8042370474FF08043A2
:106B80004FF46072C3F80823704708B5F3F758FD57
:106B9000BDE80840F2F79EBF30B5A2F58075AD089C
:106BA0000124AC400C4207D0815829B1002181500A
:106BB00082581A6822431A6030BD13B500230C4670
:106BC00001934FF4887201ABFFF7E6FF21464FF4C3
:106BD0008A72FFF7E1FF21464FF48E72FFF7DCFF68
:106BE00021464FF48272FFF7D7FF21464FF484729B
:106BF000FFF7D2FF21464FF48672FFF7CDFF4FF427
:106C00008C722146FFF7C8FF019802B010BD30B565
:106C100002240C72CA6004680125C4F80055096892
:106C200079B112F0040F0CBF82219221150748BFE1
:106C300041F02001D406046848BF21F08001C4F867
:106C400000139B000168083312F0800006BF012288
:106C5000CA50C81830BDA1F5807310B59B08012437
:106C600004FA03F318400CD001F1804101F5E04132
:106C7000086830B100200860096811681943116084
:106C8000204610BD08B500210120F4F79FF8002828
:106C9000F9D008BD91F820200346032A29D8DFE85F
:106CA00002F0212519028A68500304D5D3F84C2537
:106CB0000869904207D18A6852031AD4D3F84C2548
:106CC0008969914215D000200622C3F80005C3F857
:106CD00000257047D3F84C2508699042F3D1D3F8CA
:106CE0003C25EDE7D3F84C250969EAE7D3F83C25C4
:106CF000FAE70120704730B5A2F58075AD08012490
:106D0000AC400C4207D0815829B1002181508258F3
:106D10001A6822431A6030BD13B500230C46019354
:106D20004FF4A47201ABFFF7E6FF21464FF48272E5
:106D3000FFF7E1FF21464FF49272FFF7DCFF214697
:106D40004FF4A872FFF7D7FF21464FF4A672FFF762
:106D5000D2FF21464FF4B072FFF7CDFF4FF4AE7271
:106D60002146FFF7C8FF019802B010BD07B501909A
:106D700001A8F5F717FC019A01239340C0F80835E4
:106D800003B05DF804FB0369C26893429CBF81684D
:106D90005B18013B981A70472DE9F041D0E9028455
:106DA0000546A8EB04064068964220440F4614446A
:106DB00004D900F0B5F9EC60BDE8F0813246A4EBEF
:106DC000080400F0ADF968682246B919F1E72DE929
:106DD000F843C5680646894617464FF000083369F0
:106DE000B46870689D4228BF1B19641BBC4203F144
:106DF000FF3328BF3C465B1B9C4228BF1C464946CC
:106E00002844224600F08CF9B3682544AB4208BF01
:106E100000253F1BA044A144F560E0D14046BDE8F9
:106E2000F88308B5F5F71EFD002008BDEFF31180CB
:106E3000402383F31288BFF36F8F704780F311886C
:106E4000BFF36F8F704708B1EBF712BF704740B1C7
:106E5000C368587810F001001EBF1878B0FA80F0AF
:106E60004009704710B54369044633B90020E26811
:106E7000537843F00103537010BD98470028F5D0B4
:106E80000028B8BF4042E368FF28A8BFFF20187061
:106E9000EDE700F053B900F043B98169C36843EAF4
:106EA000010212F003020FD102614269013A01FBB3
:106EB0000233C2689A4201D90020704702691A6001
:106EC000826903619B1AF4E76FF01500704790F92F
:106ED0000E308B4201D0F7F79DBF0020704703466C
:106EE0000020C3E90200C3E90033704710B504462F
:106EF00030B10268930703D0446809B100F0DAF8B2
:106F0000204610BD07B50123009300230A46194609
:106F1000F6F7DCFC03B05DF804FB3AB18A4205D316
:106F2000C0E90212C0E90000002070476FF01500B0
:106F30007047026801238B4022EA0303036022FAB0
:106F400001F000F00100704720B100221146EC3042
:106F5000F8F78EBD704710B5F7F7E4F8041E08DDAA
:106F6000EFF31180402383F31288BFF36F8FF8F79C
:106F7000BFF8204610BDEFF30580003818BF012090
:106F8000704760307047D0E9003213605A600023C8
:106F9000C0E90033704738B504460D46F7F740FBAB
:106FA000637B43F002036373E5B1A5602B689D42E8
:106FB00009D16B68C4E900531C606C6012E06A6818
:106FC0009A42F6D01B68002BF3D094F90E2093F967
:106FD0000E108A42F3D09142F1DD5A68C4E90032C2
:106FE00014605C6038BD01211838F7F7EBBD10B5AF
:106FF0000446F7F79FFD04F11800BDE81040F8F7CC
:10700000D9BF38B504680546AC424FF0000000D146
:1070100038BD002CFCD02046FFF7E9FF2046F7F7EB
:1070200051FC2C680120A542F1E708B50246F8F7AB
:10703000AFFE70B1D0E904319B1A61EBE272B3F19B
:10704000004F72F1000104DA002AACBF184600209C
:1070500008BD6FF00040FBE708B5F9F7ADF808BDD3
:10706000F9F7AAB80023C0E9081200F11802C0E934
:107070000622C0E9003303634363704710B504463A
:10708000F8F798FFA8B9636A0BB12046984704F156
:107090001800F7F771FE60B1F7F714FCEFF31180F9
:1070A000402383F31288BFF36F8FBDE81040F8F7D9
:1070B0001FB810BD20B1011F50F8040CF9F7CCBA6D
:1070C000704710B400F10C04C0E90344002444618B
:1070D0005DF8044BE5F758BC10EE103A23F000437E
:1070E00000EE103A7047B1EEC00A704710EE103A49
:1070F00023F00040B0F1FF4FACBF002001207047EB
:1071000010B501390244904201D1002005E0037816
:1071100011F8014FA34201D0181B10BD0130F2E756
:107120000A44914200F1FF3300D1704710B511F8C5
:10713000014B03F8014F9142F9D110BD02440346BF
:10714000934200D1704703F8011BF9E710B56AB10B
:107150000139841810F8012B11F8013F9A4203D12C
:10716000A04201D0002AF5D1D01A10BD1046FCE78C
:1071700010B50139034632B111F8014F03F8014B44
:10718000013A002CF7D11A440021934200D110BDDE
:1071900003F8011BF9E710B5024601448A42134681
:1071A00003D01C780132002CF8D1181A10BD70B52C
:1071B00004460D4645EC104B1646FBF76DFE51ECB0
:1071C000100B7EB1C5F30A53C3F16B03002B09DD2D
:1071D0001B0503F17F55002405F5401522462B467B
:1071E000C0F7E2FA41EC100B70BDF0B5044608B9E7
:1071F000146844B1204614F8015B0F4617F8016B80
:107200001EB965B91560002005E0B542F6D1002B26
:10721000F0D114600370F0BD1C460CE015B914F8F1
:10722000013B0E4616F8015BAB42F7D1002BF3D0C1
:10723000002304F8013C1460EDE70369B3EB611F20
:107240002DE9F0434FEA611204DC002303610023BF
:10725000436130E000F1140411F01F0104EB8306D8
:1072600004EB82050CD100F110072946B14230D35E
:107270009B1A9B00EA1E964238BF0023234415E068
:1072800054F82270C1F12008CF4005F1040EA14648
:107290007645F44611D89A1A9200043A0135AE4266
:1072A00038BF0022A318A75007B104331A1B92104D
:1072B000A3420261CBD0BDE8F083DCF800C00CFA39
:1072C00008FC4CEA070749F8047B5EF8047BCF40D2
:1072D000DEE751F804CB47F804CFC7E7A0F130034D
:1072E000092B02D82038C0B27047A0F16103052BEA
:1072F00001D84738F7E7A0F14103052B01D827381B
:10730000F1E700207047C2F10802920070B5C2F1A7
:1073100020064368046803FA06F52C43D340046052
:1073200040F8043F8842F4D370BD30B503680133A0
:1073300011F8014B14B90360012030BD13F8012B83
:10734000A2F14105192D98BF2032A242F0D00020B1
:10735000F3E72DE9F04F0B6801685E1102EB86063A
:1073600013F01F0387B018BF04360025371F82466D
:107370009046019346F8045CB9463C460295AB46FC
:107380004A784B1C039342B3104605910492FFF7D1
:10739000A5FF002851D1049A0599202A18D8029BEC
:1073A0009B4513DD4C4506D2072D04DC2A46494691
:1073B0002046FFF7A8FF444552D90023A4F1040951
:1073C00044F8043CCDF808B04C461D460399D7E775
:1073D000292A57D10231CAF80010BBF1000F51D051
:1073E0004C4506D2072D04DC2A4649462046FFF7C5
:1073F0008AFF444536D9A8F10402234653F8041BFA
:1074000042F8041F9F42F9D23B1B23F003030433CD
:107410000134033EB44288BF04234344002243F8AE
:10742000042B9F42FBD23B681BB9474528D101235F
:107430003B60052007B0BDE8F08F0135082D0BF14A
:10744000010B06DD4445C1D9002344F8043C012565
:10745000043C226800F00F0040EA02102060B5E70B
:107460000825B3E7019B002BDDD0C3F120034FF0CB
:10747000FF32DA4056F8043C134046F8043CD2E7A9
:10748000043FD0E70420D5E782B001B901A942B199
:107490004BB113780B601278101E18BF012002B098
:1074A00070471046FBE76FF00100F8E7B0F5803F4A
:1074B000034636BF030400201020B3F1807F3CBF99
:1074C0001B020830B3F1805F3CBF1B010430B3F1F5
:1074D000804F03D3002B0ADB013070479B0001D59E
:1074E000023070475B0001D50330704720207047A1
:1074F0000368024613F007000BD0D90721D4980780
:1075000049BF5B089B08012013605CBF1360022029
:10751000704799B209B91B0C1020D9B209B90830CB
:107520001B0A190704BF1B090430990704BF9B08F5
:107530000230D90703D45B0800F1010003D01360C7
:10754000704700207047202070470A690346006991
:10755000801A30B50ED11433143103EB820401EBE1
:10756000820154F8045D51F8042D954203D005D2F0
:107570004FF0FF3030BDA342F3D3FBE70120F9E722
:107580002DE9F04F85B0CDE9001002A9FBF7AAFC68
:10759000009803A955EC104BFBF7A4FC019B19695B
:1075A000009B1B69C91ADDE902329B1A5BEC10AB28
:1075B00003EB4113002BCEBF2A46C3EB03335A46DD
:1075C0002F46D946CCBF02EB035702EB03594B467B
:1075D000524620463946C0F711FA41EC100B05B06F
:1075E000BDE8F08F013970B549111469013102F11C
:1075F000140300EB810103EB8404051FA3420CD3A9
:10760000A31A113B23F003031132A24288BF0023C7
:1076100018440023884205D370BD53F8046B45F825
:10762000046FEBE740F8043BF4E700F11402006953
:107630004B11984210B511DB0ADD11F01F0107D084
:1076400052F8234024FA01F000FA01F18C420BD1E8
:1076500002EB8303934203D8002010BD0346F7E7F3
:1076600053F8041D0029F5D00120F6E738B502FBD8
:1076700001F52946FAF774FC044618B12A460021A0
:10768000FFF75CFD204638BD9368013B002B10B42A
:10769000936008DA9469A34201DB0A2903D15DF8FB
:1076A000044BFBF71BBF1368581C10601970084689
:1076B0005DF8044B7047F8B506460F461446D518DA
:1076C000AC4201D1002007E014F8011B3A463046D5
:1076D000FFF7DAFF431CF3D1F8BD2DE9F04716465A
:1076E00098468A680B69DDF820909342B8BF13462C
:1076F000336091F8432007460C460AB101333360EA
:107700002368990642BF336802333360256815F059
:10771000060506D104F1190AE36832689B1AAB42E8
:1077200026DC94F843302268003B18BF0123920600
:107730002BD404F1430241463846C84701301ED0DD
:107740002368226903F00603042B02BFE56833684F
:10775000ED1AA3680CBF25EAE57500259342C4BF66
:107760009B1AED1800261A34B5421AD1002008E001
:107770000123524641463846C847013003D14FF0F5
:10778000FF30BDE8F0870135C6E7E1185A1C30200C
:1077900081F84300224494F8451082F843100233E4
:1077A000C7E70123224641463846C8470130E6D0A4
:1077B0000136D9E70346084641B1FF2A04D98A2297
:1077C0001A604FF0FF3070470A7001207047B1F91E
:1077D0000C202DE9F041170705460C4656D44B689E
:1077E000002B02DC0B6C002B3DDDE66A002E3AD04C
:1077F000002312F480522F68216A2B6025D0626D1D
:10780000A389580705D56368D21A636B0BB1236C43
:10781000D21A216AE66A00232846B047411C24D0C8
:107820000023636023692360A389DA0400D56065BF
:10783000616B2F60B9B104F14403994202D028462C
:10784000FAF744FB002363630DE001232846B047A9
:10785000461C0246D4D12B68002BD1D01D2B01D061
:10786000162B2BD12F6000202FE02A68B4F90C30A2
:1078700042B11D2A01D0162A22D100236360236958
:107880002360D5E7626022692260CEE70F69002F8E
:10789000E9D093070E6808BF4B690F6018BF00233B
:1078A000A6EB07088B60B8F1000FDCDD216AA66A41
:1078B00043463A462846B047002808DCB4F90C3065
:1078C00043F04003A3814FF0FF30BDE8F08107444F
:1078D000A8EB0008E7E770B568234D1E5D430E4630
:1078E00005F17401FAF73CFB044640B10021C0E900
:1078F00000160C30A06005F16802FFF71FFC20465F
:1079000070BD2DE9F8430646884600F1480400277B
:10791000D4E90195B9F1010905D52468002CF7D106
:107920003846BDE8F883AB89012B07D9B5F90E308D
:10793000013303D029463046C04707436835E9E79D
:1079400070B50C46B1F90E10002996B015461E46CA
:107950000DDAA38913F0800F4FF0000114BF40230C
:107960004FF48063002031602B6016B070BD6A4612
:10797000FBF7D0FF0028ECDB019901F47041A1F581
:107980000053594259414FF48063EBE710B50C4660
:10799000B1F90E10FBF7F2FF0028ABBF636DA389AE
:1079A0001B1823F48053ACBF6365A38110BD2DE980
:1079B000F0411F468B89DB0505460C46164605D56A
:1079C000B1F90E1002230022FBF7C6FFA389B4F918
:1079D0000E1023F48053A38132463B462846BDE86F
:1079E000F041FBF775BF10B50C46B1F90E10FBF76F
:1079F000B3FF431CA38915BF606523F4805343F490
:107A00008053A38118BFA38110BDB1F90E10FBF7FD
:047A100071BF000042
:087A14008008FC7F0100000066
:107A1C00E9AB0400000000002D2C05000000000064
:107A2C00000000004C7B0600236E060000000000E6
:107A3C0031CD050000000000090606000000000022
:107A4C0000000000947B060000000000707B060024
:107A5C00AB6906000000000000000000DC7B0600A3
:107A6C0000000000B87B0600895D050000000000E6
:107A7C00095E050000000000D9760500000000003A
:107A8C00EDEA040000000000792A05000000000067
:107A9C0000000000487C060000000000247C06006A
:107AAC00000000006C7C060000000000907C0600CA
:107ABC00D51505000000000000000000007C060049
:107ACC00010706000000000000000000B47C060066
:107ADC0000000000207D060000000000D87C06009D
:107AEC0000000000FC7C0600C9310500000000000D
:107AFC0000000000447D060000000000687D0600C8
:107B0C0055750300000000009D4F030000000000AD
:107B1C006178030000000000F5650400000000001F
:107B2C004588040000000000014806000000000029
:107B3C00119F040000000000174806000000000020
:107B4C00CD8D07008C8B0600D87F0600E60C00203C
:107B5C00687A0020A15A0500000000000000000017
:107B6C0000000000808F0700AC8B0600647F0600CD
:107B7C00EA0C0020F87A00202566050000000000C1
:107B8C00000000003C0900208E8F0700C48B06000B
:107B9C00647F0600EC0C0020047B002025660500A9
:107BAC0000000000000000004C090020767807005F
:107BBC007C0F002030800600E00C002078050020AF
:107BCC006913050000000000000000000000000028
:107BDC00629307002C8D0600C87F0600FE0C002067
:107BEC00C87B0020B97805000000000000000000F0
:107BFC0000000000C0D30600A00F0020788B060008
:107C0C00E20C0020A86A0020996006000000000029
:107C1C000000000000000000FE9207000C8D060022
:107C2C00A87F0600F60C00206C7B002089680600FB
:107C3C00000000000000000000000000119307008D
:107C4C00148D0600A87F0600F80C0020807B002015
:107C5C008968060000000000000000000000000021
:107C6C003E9307001C8D0600B87F0600FA0C00201E
:107C7C00947B00202B69060000000000000000002F
:107C8C00000000003E930700248D0600B87F06001C
:107C9C00FC0C0020A87B00202B69060000000000D3
:107CAC0000000000000000005F8D070000000000D5
:107CBC00407F0600E40C0020000000005155050038
:107CCC000000000000000000000000009F8E070074
:107CDC00000000004C7F0600E80C002000000000B3
:107CEC00056305000000000000000000000000001B
:107CFC0086900700DC8B0600887F0600EE0C0020C7
:107D0C00107B00202F640600216406000000000098
:107D1C005C09002082920700388C0600A07F0600C8
:107D2C00F00C0020347B00203D70050000000000AA
:107D3C00000000006C090020C9920700AC8C060002
:107D4C00F47F0600F20C00203C7B0020F972050049
:107D5C00000000000000000000000000D8920700A6
:107D6C00DC8C0600F47F0600F40C0020547B002011
:107D7C00F972050000000000000000000000000087
:107D90005819002000E200200010000069C4020011
:107DA00000000000000000000000000008000000CB
:107DB00000000000180307000000000000000000A1
:107DC0004815002000CA0020000800003D490300BB
:107DD000000000000000000000000000050000009E
:107DE000000000009D9B0600000000000000000055
:107DF000983D00200006012080000000718C0400E6
:107E0000000000000000000000000000060000006C
:107E100000000000F15F07000040000000000000CB
:107E20004817002000D50020000400007559030009
:107E3000000000000000000000000000060000003C
:107E400000000000EAAB0600000000000000000097
:107E5000D03B002000FF002000020000C989040080
:107E6000000000000000000000000000060000000C
:107E700000000000525B070000000000000000004E
:107E8000B83C002080010120000400000D94040093
:107E900000000000000000000000000006000000DC
:107EA00000000000E15F070000000000000000008B
:107EB0004028002080F20020000100000D60040036
:107EC00001000000000000000000000007000000AA
:107ED00000000000CF470700000000000000000085
:107EE000783E00200007012000010000799A04007C
:107EF000000000000000000000000000060000007C
:107F000000000000B3600700000000000000000057
:107F1000583F00208008012000010000C1AD04008E
:107F2000000000000000000000000000060000004B
:107F3000000000003669070000400000000000005B
:0C7F4000E15305006557050058020000E1
:107F4C006763060099640500B1630500B96205001A
:087F5C0033630600A962050071
:107F64000168050095630600A3630600BB63060071
:107F7400C7630600D3630600D9660500856505005E
:047F840000000000F9
:107F8800396C0500000000004D6A05000000000083
:087F980000000000E56B05008C
:087FA000BD700500EF6406004E
:107FA800F367060009680600396806006968060074
:107FB80095680600AB680600DB6806000B690600DA
:107FC800657805003F690600E97705004569060000
:107FD800F95A0500896206005D620600000000008B
:0C7FE800C9590500000000000000000066
:107FF400BF670600DD67060097670600A5670600F1
:10800400000000000000000000000000000000006C
:10801400000000000000000000000000000000005C
:0C80240000000000000000000000000050
:10803000455F0600F5130500000000002112050051
:10804000FD5E060001120500A75D0600B15D060099
:10805000E1110500D15D060000000000DB5D0600B7
:108060000000000000000000E95D0600575F060008
:0C807000055E06003F5E06000D5E060087
:10807C00713B0700040000007106070004000000BB
:10808C00793B070004000000803B0700040000005F
:10809C006D2A070003000000542B070003000000AA
:1080AC006F2C070004000000052D070004000000E1
:1080BC000834070004000000873B070004000000A0
:1080CC008F3B0700040000002D480700040000004F
:1080DC00973B0700040000008334070004000000F5
:1080EC00E734070004000000583B070004000000C0
:1080FC009F3B070004000000A93B070003000000A1
:10810C003A50070003000000D8DA06000300000014
:10811C004B6C070003000000E88D07000300000013
:10812C005151070003000000B29B06000300000041
:10813C0073D306000300000022690700030000004F
:10814C00F8AB060003000000A15A07000300000072
:10815C005262070003000000B98E07000300000004
:10816C00F86F07000200000035D406000300000081
:10817C009C8F070003000000939007000300000091
:10818C006BFC060003000000C07007000300000039
:10819C005B710700030000007E7307000300000002
:1081AC004FD40600030000004E80070003000000BF
:1081BC00CA8C07000300000089B40700030000000C
:1081CC009173070003000000404307000300000008
:1081DC008F92070003000000EE92070003000000DE
:1081EC0024930700030000004A93070003000000DB
:1081FC00E547070003000000603B07000300000098
:10820C00A1490700030000001C3C0700030000000C
:10821C00283C070004000000383C07000300000065
:10822C008057070003000000FB83070003000000D9
:10823C0037370700030000006064070003000000EC
:10824C00D77307000300000081AD06000300000097
:10825C007C6407000300000049690700030000006C
:10826C0097770700010000009975070001000000D6
:10827C00FB840700020000002C89070001000000AD
:10828C0069780700010000002D6907000300000059
:08829C007493070003000000C9
:1082A400EC8A0600686700201673070001000000CE
:1082B400308B0600E40800206C5C0700010000001D
:1082D0000000803F000000000000000000000000DF
:1082E0000000803F000000000000000000000000CF
:1082F0000000803F010000000000000001020000BB
:10830000580203000020000000000000D8ECF0F448
:10831000F8FC000203040506070800000000000046
:10832000000000000000000000000000000001014B
:10833000010102020202030303030404040405050D
:108340000505060606080900000000000000000000
:108350000000000000000000000000010101010217
:1083600002020203030303040404040505050506D1
:10837000060708090A0B0C0D060808010206001082
:108380000200FA000000FCDE41EBA2D1422400B55D
:10839000F8579FAC9D9EAAC9B43400002382020006
:1083A0002F820200338202003B8202003F820200E1
:1083B00000C20100000008000000000000000000F2
:1083C0000338FDD870470000BC89D897B2D29C3CD6
:1083D00033A7A8D523F649393DA7F444FD0FA532AC
:1083E0009D978CCF08BA5B25436FAC642806681153
:1083F0000080E03779C34143176E05B5B5B89346A1
:10840000F5F93FE9034F384D321D30F94877825A6C
:108410003CBF737FDD4F1575000000000000F03F8A
:10842000000000000000244000000000000059404F
:108430000000000000408F40000000000088C340A2
:1084400000000000006AF8400000000080842E4117
:1084500000000000D01263410000000084D7974163
:108460000000000065CDCD41000000205FA0024269
:10847000000000E876483742000000A2941A6D42DE
:10848000000040E59C30A2420000901EC4BCD642D1
:1084900000003426F56B0C430080E03779C341437C
:1084A00000A0D8855734764300C84E676DC1AB43F2
:1084B000003D9160E458E143408CB5781DAF154410
:1084C00050EFE2D6E41A4B4492D54D06CFF08044EB
:1084D000F64AE1C7022DB544B49DD9794378EA4400
:1084E0003DAB060041AB060046AB06004AAB0600BA
:1084F0004FAB060053AB060058AB06005CAB060062
:1085000061AB060066AB06006CAB060071AB060003
:10851000CCB507002BEC06008276070089850700A2
:1085200077AB060079AB0600CCB507007BAB060045
:108530007FAB060084AB060089AB060093AB060058
:1085400099AB06009EAB0600A4AB0600ABAB0600E1
:10855000B0AB0600B5AB0600B9AB06008EAB0600AB
:10856000BEAB0600C8AB0600CEAB0600D3AB060020
:10857000D9AB0600E0AB0600E5AB0600ACD10600C7
:10858000BAD10600CDD10600DCD10600E8D1060044
:1085900009D206001CD2060030D2060044D20600E2
:1085A00055D206006DD2060082D2060095D2060092
:1085B000ABD20600BED20600CED20600E2D2060042
:1085C000F7D206000CD306001CD306002CD30600FD
:1085D0003DD306004FD3060062D306003DAB060034
:1085E00041AB060046AB06004AAB06004FAB0600A7
:1085F00053AB060058AB06005CAB060061AB06004F
:1086000066AB06006CAB060071AB0600CCB507008C
:108610002BEC0600827607008985070077AB060001
:1086200079AB0600CCB507007BAB06007FAB06003C
:1086300084AB060089AB060093AB060099AB06003D
:108640009EAB0600A4AB0600ABAB0600B0AB0600C9
:10865000B5AB0600B9AB06008EAB0600BEAB06009C
:10866000C8AB0600CEAB0600D3AB0600D9AB060004
:10867000E0AB0600E5AB06000000000000000000D3
:108680000D750300733A06003D76030000000000FC
:10869000E2020700E7020700FE0207000F030700DF
:1086A000D9BE030065BF0300DDBF030005C00300A2
:1086B00051C00300EDC10300773C0600CDC00300AC
:1086C00011C10300713C0600733C060061C1030048
:1086D00055C103006DCE0300ADCB030071C4030090
:1086E00041C503007DC903006DCA0300D5C703005F
:1086F00069C8030011C9030051C70300E5CB03009B
:10870000494606004F46060035DC0300DDD903006C
:1087100069D2030045DA0300BDD3030071D603001C
:1087200041D3030069D3030091D30300573D0600F2
:1087300079D20300494606004F46060085EA030049
:1087400065E803004DE20300CDE80300C1E3030048
:1087500049E50300CDE40300F5E403001DE5030053
:10876000FF3D06005DE20300494606004F46060055
:10877000DDF403002DF103003DED030095F103004E
:10878000B1EE0300C1EF03004DED0300C9ED03009E
:1087900045EE03003F3E0600F9F30300494606009C
:1087A0004F460600A5FE0300F5FA030005F7030097
:1087B0005DFB030079F8030089F9030015F7030056
:1087C00091F703000DF80300933E0600C1FD03007E
:1087D000494606004F46060051100400FD160400ED
:1087E000B500040091020400B1050400DD06040098
:1087F000990104001502040099090400473F06008E
:10880000C5000400610A0400334006000D0E040098
:10881000290B04000F000000051D0400AD3C0400FE
:1088200049170400C5180400C11D04002D180400D8
:10883000092C0400112D0400912D0400411F040097
:10884000BD1F0400494606008D2B0400512504007D
:10885000AD3C0400652004004921040051260400B9
:1088600009340400092C0400112D0400912D04008A
:10887000F12D04005527040045270400D5240400E9
:10888000E12E040081300400080000004D3804008F
:10889000AD3C0400092804001D2904006D350400C6
:1088A00009340400092C0400112D0400912D04004A
:1088B000F12D040035370400953604008D2B04009B
:1088C0000000F045000070450000F04400007044D6
:1088D0000000F043000070430000F04200007042CE
:1088E0000000F041000070410000F0400000F03F47
:1088F000060000000000000001000000020000006F
:10890000090000000A00000003000000040000004D
:10891000050000000800000007000000070000003C
:108920000B0000000C0000000D0000000E00000015
:108930000F000000100000001100000012000000F5
:10894000554606006B46060061460600694606006D
:108950005B460600E96504005F460600FFFF000075
:10896000254606002B4606002D4606002F4606002B
:1089700035460600394606003F46060067460600B3
:10898000DD650400414606004546060049460600EE
:108990004F460600A00F0000701700000000000006
:1089A0000000000010270000000000001027000059
:1089B0000000000000000000401F0000D007000081
:1089C0000000000000000000000000001027000070
:1089D000207D06000200000040420F000100000060
:1089E000207D06000100000040420F000100000051
:1089F000207D06000000000040420F000100000042
:108A0000947B060006000100947B06001E00010016
:108A1000947B06001A000100947B060011000700F9
:108A2000102700001027000010270000102700006A
:108A30001027000030750000983A000060EA00003E
:108A4000E547070022690700B29B06004043070084
:108A5000266907006BFC060037370700D8DA0600E6
:108A6000000000006410B71DC8206E3BAC30D92652
:108A70009041DC76F4516B6B5861B24D3C710550FE
:108A80002083B8ED44930FF0E8A3D6D68CB361CB26
:108A9000B0C2649BD4D2D38678E20AA01CF2BDBDDA
:108AA0001841002000040000E55A0600875A06001D
:108AB00002000000BF5B0600000000000000000094
:108AC0000000000000000000F6720700FE720700C0
:108AD0000000000000000000000000000673070016
:108AE0000A7307000E73070012730700ADF8040045
:108AF000A1F80400D1F8040089F804000000000087
:108B000095F80400000000002DF9040070670020B3
:108B10002CC0002010000000208B06008067002081
:108B200009FA0400986700203CC000200100000002
:108B30003F5C0600355C0600B5F904002DFA040020
:108B400000000000295C0600000000000005002075
:108B50000000000000000B0602000000608B060011
:108B6000000000007E8207002600020200000020B4
:108B70008682070022000B110000000075330500FB
:108B80008D590500795A050000000000095C0500B8
:108B90002D5B0500DC8D0700776206007D62060014
:108BA000E28D07000400000000FF0000FFFF00004E
:108BB00000030050000000000100000000600040C1
:108BC00000000000FFFFFFFF000000500000000059
:108BD0000000000000600040000000000030004085
:108BE000000000000000000000000000000040063F
:108BF00000000101156A0500FF030000256406005E
:108C00000C8C06005EC00020FFFF0000003000401A
:108C1000188C060002000000308C060002000000E4
:108C2000288C0600020100000780000C1B80000B4E
:108C30000700000C1B00000B00C0014000000000FA
:108C40000000000000000000000000000000000024
:108C50000000000000040000E80302010101000020
:108C6000C28000200400000000000000000000009E
:108C7000788C06000024F40000C00140848C0600BB
:108C800002000000A08C060003000000948C060087
:108C9000030100001A8000161E80001706800018CD
:108CA0001A2001161E20011706200118000000805E
:108CB000FFFFFF7F0000008000000080FFFFFF7FBC
:108CC000000000800000000000000000FE9207008D
:108CD00000FF0A00707B0600080000020000008010
:108CE000FFFFFF7F0000008000000080FFFFFF7F8C
:108CF000000000800000000000000000FE9207005D
:108D000000FF0800707B06000A00000220050040FA
:108D1000010000001C050040010000007C7F0020D5
:108D20000400000000F003200010000000000140DB
:108D30000000000000000000920E493CB10AC93C4E
:108D40002BC3163D2EFB483D752B7B3D04A9963D5C
:108D500080B6AF3D36BDC83D2FBCE13D73B2FA3D94
:108D600087CF093E8340163EB5AB223EA2102F3E70
:108D7000CF6E3B3EC2C5473E0115543E135C603E7C
:108D80007F9A6C3ECCCF783EC07D823E938E883EEB
:108D9000229A8E3E32A0943E86A09A3EE59AA03E4C
:108DA000128FA63ED47CAC3EEF63B23E2A44B83E5E
:108DB000491DBE3E15EFC33E53B9C93ECA7BCF3EE7
:108DC0004136D53E80E8DA3E4F92E03E7533E63ECE
:108DD000BBCBEB3EEA5AF13ECBE0F63E275DFC3ED4
:108DE000E4E7003F3D9C033F824B063F9BF5083F75
:108DF0006B9A0B3FDA390E3FCDD3103F2A68133FF1
:108E0000D9F6153FC07F183FC6021B3FD17F1D3FDB
:108E1000CBF61F3F9967223F25D2243F5636273F86
:108E20001594293F4AEB2B3FDE3B2E3FBB85303F5D
:108E3000C9C8323FF304353F233A373F4268393FD0
:108E40003B8F3B3FF9AE3D3F67C73F3F70D8413F47
:108E500001E2433F03E4453F65DE473F12D1493F0E
:108E6000F8BB4B3F029F4D3F207A4F3F3D4D513F56
:108E70004918533F31DB543FE595563F5348583F1F
:108E80006AF2593F1A945B3F532D5D3F05BE5E3F2A
:108E90002146603F97C5613F5A3C633F59AA643FF2
:108EA000880F663FD86B673F3CBF683FA7096A3FA2
:108EB0000C4B6B3F5E836C3F93B26D3F9ED86E3F11
:108EC00073F56F3F0809713F5213723F4714733FA8
:108ED000DD0B743F0BFA743FC6DE753F07BA763F71
:108EE000C58B773FF853783F9812793F9DC7793FFC
:108EF00002737A3FBE147B3FCDAC7B3F283B7C3F67
:108F0000C9BF7C3FAC3A7D3FCCAB7D3F23137E3F56
:108F1000B0707E3F6DC47E3F580E7F3F6D4E7F3FE9
:108F2000AB847F3F0FB17F3F97D37F3F43EC7F3FC1
:108F300011FB7F3F0000803F11FB7F3F43EC7F3FF1
:108F400097D37F3F0FB17F3FAB847F3F6D4E7F3F15
:108F5000580E7F3F6DC47E3FB0707E3F23137E3F2F
:108F6000CCAB7D3FAC3A7D3FC9BF7C3F283B7C3FCB
:108F7000CDAC7B3FBE147B3F02737A3F9DC7793FE8
:108F80009812793FF853783FC58B773F07BA763F01
:108F9000C6DE753F0BFA743FDD0B743F4714733F19
:108FA0005213723F0809713F73F56F3F9ED86E3FB1
:108FB00093B26D3F5E836C3F0C4B6B3FA7096A3FDA
:108FC0003CBF683FD86B673F880F663F59AA643F34
:108FD0005A3C633F97C5613F2146603F05BE5E3FF7
:108FE000532D5D3F1A945B3F6AF2593F5348583FF7
:108FF000E595563F31DB543F4918533F3D4D513FB6
:10900000207A4F3F029F4D3FF8BB4B3F12D1493F63
:1090100065DE473F03E4453F01E2433F70D8413FEF
:1090200067C73F3FF9AE3D3F3B8F3B3F4268393F0B
:10903000233A373FF304353FC9C8323FBB85303F41
:10904000DE3B2E3F4AEB2B3F1594293F5636273FF8
:1090500025D2243F9967223FCBF61F3FD17F1D3F8A
:10906000C6021B3FC07F183FD9F6153F2A68133F41
:10907000CDD3103FDA390E3F6B9A0B3F9BF5083F7B
:10908000824B063F3D9C033FE4E7003F275DFC3EEB
:10909000CBE0F63EEA5AF13EBBCBEB3E7533E63E03
:1090A0004F92E03E80E8DA3E4136D53ECA7BCF3E65
:1090B00053B9C93E15EFC33E491DBE3E2A44B83ED2
:1090C000EF63B23ED47CAC3E128FA63EE59AA03E42
:1090D00086A09A3E32A0943E229A8E3E938E883E7F
:1090E000C07D823ECCCF783E7F9A6C3E135C603E62
:1090F0000115543EC2C5473ECF6E3B3EA2102F3EE7
:10910000B5AB223E8340163E87CF093E73B2FA3D8F
:109110002FBCE13D36BDC83D80B6AF3D04A9963DAC
:10912000752B7B3D2EFB483D2BC3163DB10AC93C38
:10913000920E493C00000000920E49BCB10AC9BC25
:109140002BC316BD2EFB48BD752B7BBD04A996BD58
:1091500080B6AFBD36BDC8BD2FBCE1BD73B2FABD90
:1091600087CF09BE834016BEB5AB22BEA2102FBE6C
:10917000CF6E3BBEC2C547BE011554BE135C60BE78
:109180007F9A6CBECCCF78BEC07D82BE938E88BEE7
:10919000229A8EBE32A094BE86A09ABEE59AA0BE48
:1091A000128FA6BED47CACBEEF63B2BE2A44B8BE5A
:1091B000491DBEBE15EFC3BE53B9C9BECA7BCFBEE3
:1091C0004136D5BE80E8DABE4F92E0BE7533E6BECA
:1091D000BBCBEBBEEA5AF1BECBE0F6BE275DFCBED0
:1091E000E4E700BF3D9C03BF824B06BF9BF508BF71
:1091F0006B9A0BBFDA390EBFCDD310BF2A6813BFED
:10920000D9F615BFC07F18BFC6021BBFD17F1DBFD7
:10921000CBF61FBF996722BF25D224BF563627BF82
:10922000159429BF4AEB2BBFDE3B2EBFBB8530BF59
:10923000C9C832BFF30435BF233A37BF426839BFCC
:109240003B8F3BBFF9AE3DBF67C73FBF70D841BF43
:1092500001E243BF03E445BF65DE47BF12D149BF0A
:10926000F8BB4BBF029F4DBF207A4FBF3D4D51BF52
:10927000491853BF31DB54BFE59556BF534858BF1B
:109280006AF259BF1A945BBF532D5DBF05BE5EBF26
:10929000214660BF97C561BF5A3C63BF59AA64BFEE
:1092A000880F66BFD86B67BF3CBF68BFA7096ABF9E
:1092B0000C4B6BBF5E836CBF93B26DBF9ED86EBF0D
:1092C00073F56FBF080971BF521372BF471473BFA4
:1092D000DD0B74BF0BFA74BFC6DE75BF07BA76BF6D
:1092E000C58B77BFF85378BF981279BF9DC779BFF8
:1092F00002737ABFBE147BBFCDAC7BBF283B7CBF63
:10930000C9BF7CBFAC3A7DBFCCAB7DBF23137EBF52
:10931000B0707EBF6DC47EBF580E7FBF6D4E7FBFE5
:10932000AB847FBF0FB17FBF97D37FBF43EC7FBFBD
:1093300011FB7FBF000080BF11FB7FBF43EC7FBFED
:1093400097D37FBF0FB17FBFAB847FBF6D4E7FBF11
:10935000580E7FBF6DC47EBFB0707EBF23137EBF2B
:10936000CCAB7DBFAC3A7DBFC9BF7CBF283B7CBFC7
:10937000CDAC7BBFBE147BBF02737ABF9DC779BFE4
:10938000981279BFF85378BFC58B77BF07BA76BFFD
:10939000C6DE75BF0BFA74BFDD0B74BF471473BF15
:1093A000521372BF080971BF73F56FBF9ED86EBFAD
:1093B00093B26DBF5E836CBF0C4B6BBFA7096ABFD6
:1093C0003CBF68BFD86B67BF880F66BF59AA64BF30
:1093D0005A3C63BF97C561BF214660BF05BE5EBFF3
:1093E000532D5DBF1A945BBF6AF259BF534858BFF3
:1093F000E59556BF31DB54BF491853BF3D4D51BFB2
:10940000207A4FBF029F4DBFF8BB4BBF12D149BF5F
:1094100065DE47BF03E445BF01E243BF70D841BFEB
:1094200067C73FBFF9AE3DBF3B8F3BBF426839BF07
:10943000233A37BFF30435BFC9C832BFBB8530BF3D
:10944000DE3B2EBF4AEB2BBF159429BF563627BFF4
:1094500025D224BF996722BFCBF61FBFD17F1DBF86
:10946000C6021BBFC07F18BFD9F615BF2A6813BF3D
:10947000CDD310BFDA390EBF6B9A0BBF9BF508BF77
:10948000824B06BF3D9C03BFE4E700BF275DFCBEE7
:10949000CBE0F6BEEA5AF1BEBBCBEBBE7533E6BEFF
:1094A0004F92E0BE80E8DABE4136D5BECA7BCFBE61
:1094B00053B9C9BE15EFC3BE491DBEBE2A44B8BECE
:1094C000EF63B2BED47CACBE128FA6BEE59AA0BE3E
:1094D00086A09ABE32A094BE229A8EBE938E88BE7B
:1094E000C07D82BECCCF78BE7F9A6CBE135C60BE5E
:1094F000011554BEC2C547BECF6E3BBEA2102FBEE3
:10950000B5AB22BE834016BE87CF09BE73B2FABD8B
:109510002FBCE1BD36BDC8BD80B6AFBD04A996BDA8
:10952000752B7BBD2EFB48BD2BC316BDB10AC9BC34
:10953000920E49BC000000800800000003000000FB
:10954000ACD1060007B40700CDD10600DCD106007F
:109550001BB407001C7A06001C7A0600847A0600F9
:109560008C7A06000C7B06004C7B06000ABE0700C6
:10957000000100006937AC3168212233B40F143385
:109580006821A2333863ED3EDA0F493F5E987B3F96
:10959000DA0FC93FD1F71737D1F717B78071313FCD
:1095A000807131BF0000003F000000BF000FC93FC5
:1095B000000F494000CB9640000FC9400053FB40CC
:1095C00000CB164100ED2F41000F494100316241AF
:1095D00000537B41003A8A4100CB9641005CA34195
:1095E00000EDAF41007EBC41000FC94100A0D54154
:1095F0000031E24100C2EE410053FB4100F2034260
:10960000003A0A420083104200CB164200141D4269
:10961000005C234200A5294200ED2F42003636426D
:10962000007E3C4200C74242000F4942A2000000B7
:10963000F9000000830000006E0000004E000000F2
:10964000440000001500000029000000FC0000009C
:109650002700000057000000D1000000F5000000C6
:1096600034000000DD000000C0000000DB0000004E
:109670006200000095000000990000003C0000001E
:10968000430000009000000041000000FE000000C8
:109690005100000063000000AB000000DE0000008D
:1096A000BB000000C500000061000000B700000022
:1096B000240000006E0000003A000000420000009C
:1096C0004D000000D2000000E00000000600000095
:1096D000490000002E000000EA0000000900000020
:1096E000D1000000920000001C000000FE000000FD
:1096F0001D000000EB0000001C000000B100000095
:1097000029000000A70000003E000000E800000063
:109710008200000035000000F50000002E0000006F
:10972000BB0000004400000084000000E9000000CD
:109730009C0000007000000026000000B400000043
:109740005F0000007E0000004100000039000000C2
:1097500091000000D60000003900000083000000E6
:109760005300000039000000F40000009C000000DD
:10977000840000005F0000008B000000BD000000BE
:10978000F9000000280000003B0000001F0000005E
:10979000F800000097000000FF000000DE0000005D
:1097A00005000000980000000F000000EF0000001E
:1097B0002F000000110000008B0000005A00000084
:1097C0000A0000006D0000001F0000006D00000096
:1097D000360000007E000000CF00000027000000DF
:1097E000CB00000009000000B70000004F0000009F
:1097F000460000003F000000660000009E000000E0
:109800005F000000EA0000002D000000750000006D
:1098100027000000BA000000C7000000EB000000B5
:10982000E5000000F10000007B0000003D000000AA
:109830000700000039000000F70000008A00000067
:109840005200000092000000EA0000006B000000DF
:10985000FB0000005F000000B10000001F000000DE
:109860008D0000005D0000000800000056000000B0
:10987000030000003000000046000000FC00000073
:109880007B0000006B000000AB000000F000000057
:10989000CF000000BC000000200000009A00000083
:1098A000F4000000360000001D000000A9000000C8
:1098B000E300000091000000610000005E00000075
:1098C000E60000001B00000008000000650000002A
:1098D00099000000850000005F00000014000000F7
:1098E000A000000068000000400000008D000000A3
:1098F000FF000000D8000000800000004D000000C4
:109900007300000027000000310000000600000086
:10991000060000001500000056000000CA0000000C
:1099200073000000A8000000C900000060000000F3
:10993000E20000007B000000C00000008C0000007E
:109940006B0000000000C93F0000F0390000DA376A
:109950000000A2330000842E0000502B0000C2271C
:109960000000D0220000C41F0000C61B00004417E6
:10997000040000000700000009000000340000009F
:10998000CEFBFFFFCB030000010000000000000041
:1099900035000000CEFBFFFFCB03000001000000FC
:1099A00000000000180A00202BEC0600CCB50700D0
:1099B000DB0C002005000000190000007D00000005
:1099C0000000000000000000000000000000000097
:1099D0000000000000000000000000000000000087
:1099E0000000000000000000000000000000000077
:1099F0000000000000000000000000000000000067
:109A00000000000000000000000000000000000056
:109A10000000000000000000000000000000000046
:109A2000800C400620039001C80064003200190039
:109A30000000400620039001C800640032001900B5
:109A4000020004000800100020000000007D803E9D
:109A5000401FA00FD007E803F401C80064003200E3
:109A6000190002000000007D803E401FA00FD007BB
:109A7000E803F401C800640032001900020000008D
:109A80000019800C400620039001C80064003200D9
:109A9000190002000000102736101C25B90FB80B62
:109AA000420EF401480D0000800C52656A65637433
:109AB0006564204E614E207175617465726E696FC8
:109AC0006E00535441525445440053544F50504536
:109AD00044004461746120636F6C6C656374696FEA
:109AE0006E20257300454E41424C45442028736C3E
:109AF0006F7720706F6C6C290044495341424C458C
:109B00004420286E6F726D616C20706F6C6C290040
:109B10004F5441207375707072657373696F6E2056
:109B20002573004F544120737570707265737320F4
:109B300074696D656F75742C206175746F2D756E09
:109B40007375707072657373696E670044617461D8
:109B500020636F6C6C656374696F6E206175746FE0
:109B60002D73746F707065642028636F6E6E65630B
:109B700074696F6E206572726F7220666F72203624
:109B8000307329000D0E0D020E08080B00060201AD
:109B9000090A0A101000000C0F0E000D0D636F6E05
:109BA0006E656374696F6E5F7468726561645F6926
:109BB0006400636F6E6E656374696F6E0025733A3F
:109BC000204661696C656420746F207175657565E8
:109BD0002070616972696E67206275727374207398
:109BE0007465702025753A2025640025733A204657
:109BF00061696C656420746F207374617274207085
:109C0000616972696E67206275727374207374651E
:109C1000702025753A2025640025733A20556E6121
:109C2000626C6520746F20676574207468652043DA
:109C30006C6F636B206D616E616765720065736246
:109C40005F777269746520726174653A2063616C34
:109C50006C733D25752F73207175657565643D25A1
:109C6000752F73206475703D25752F730025733A29
:109C700020436C6F636B2072657175657374206629
:109C800061696C65643A2025640025733A20436C51
:109C90006F636B20636F756C64206E6F74206265F8
:109CA00020737461727465643A20256400556E6196
:109CB000626C6520746F20666574636820436C6F06
:109CC000636B207265717565737420726573756C52
:109CD000743A202564004F54415F554E53555050FF
:109CE0005245535300657865637574696E672069E2
:109CF0006D6D6564696174656C790077696C6C2061
:109D00006578656375746520696E20313530306D16
:109D100073004F54415F53555050524553530055B3
:109D20004E4B4E4F574E0053454E535F4155544F87
:109D30000054582053746174733A207375636365DB
:109D400073733D2575206661696C65643D257520DA
:109D5000726174653D257525250050696E67206622
:109D600061696C65642C20746F74616C2066616934
:109D70006C757265733A2025640050696E672066C1
:109D800061696C757265207468726573686F6C6464
:109D900020726561636865642028256420666169B6
:109DA0006C75726573292C207374617274696E67A7
:109DB0002074696D656F75742074696D6572002516
:109DC000733A204572726F72207768696C652072F1
:109DD000656164696E67207278207061636B657479
:109DE0003A2025640049676E6F72696E6720706162
:109DF0006972696E6720726573706F6E7365207328
:109E00006F75726365642066726F6D206C6F63613D
:109E10006C20646576696365206164647265737340
:109E200000504F4E4720435243206D69736D61745B
:109E3000636800526563656976656420504F4E47DC
:109E400020666F7220747261636B657220494420D2
:109E5000257520286C6F63616C2049442025752985
:109E600000756E73796E63656420636F756E7465DB
:109E70007220257520286578706563746564207E7E
:109E800025752C20646966663D256429005265634A
:109E900065697665642053454E535F53455420648D
:109EA0006174613A20252E32662C20252E32662CD4
:109EB00020252E32660052656365697665642053FD
:109EC000454E535F4155544F20646174613A20619F
:109ED0007869733D25752C207265766F6C75746991
:109EE0006F6E733D64656661756C74005265636581
:109EF000697665642053454E535F4155544F206445
:109F00006174613A20617869733D25752C20726512
:109F1000766F6C7574696F6E733D2575004C617258
:109F20006765206F6666736574206A756D7020645E
:109F30006574656374656420282564207469636BA7
:109F400073292C20726573657474696E6720286F9D
:109F50006C643D2564206E65773D2564290052655B
:109F60006D6F746520636F6D6D616E642025732065
:109F70002830782530325829207265636569766506
:109F8000642C206368616E6E656C3D25752C2077AE
:109F9000696C6C206578656375746520696E202531
:109FA000646D73005345545F4348414E4E454C0029
:109FB00052656D6F746520636F6D6D616E642025F1
:109FC00073202830782530325829207265636569FE
:109FD0007665642C2025730049676E6F72696E6721
:109FE00020696E76616C6964207061796C6F616460
:109FF000206C656E67746820257500526573746FF8
:10A0000072696E67205246206368616E6E656C20CF
:10A0100066726F6D204E56533A2025750055736950
:10A020006E672064656661756C74205246206368B3
:10A03000616E6E656C3A2025750025733A20455394
:10A040004220696E697469616C697A6174696F6EC6
:10A05000206661696C65643A20256400455342209E
:10A06000696E697469616C697A65642C202573581E
:10A07000206D6F64650050616972696E672072655A
:10A08000717565737465640062398AF200FEFF2998
:10A09000270902B2D60028FF50B8005061697269E2
:10A0A0006E670044657669636520616464726573F8
:10A0B000733A20253031326C6C5800436865636B0D
:10A0C00073756D3A20253032580050616972696E9F
:10A0D000672074696D656F757420616674657220A0
:10A0E00025646D00496E636F7272656374206368E6
:10A0F00065636B73756D3A20253032580050616985
:10A1000072656400547261636B65722049443A2041
:10A1100025750052656365697665722061646472B5
:10A120006573733A20253031326C6C5800496E6388
:10A130006F727265637420636865636B73756D001D
:10A1400050616972696E6720646174612072657321
:10A150006574004E6F20726573706F6E7365206654
:10A16000726F6D20726563656976657220696E2015
:10A1700025646D00457865637574696E6720726546
:10A180006D6F746520636F6D6D616E643A20534826
:10A190005554444F574E00457865637574696E6732
:10A1A0002072656D6F746520636F6D6D616E643ACA
:10A1B0002043414C494252415445004578656375FE
:10A1C00074696E672072656D6F746520636F6D6D65
:10A1D000616E643A205349585F534944455F434197
:10A1E0004C00457865637574696E672072656D6FA4
:10A1F000746520636F6D6D616E643A204D454F57F5
:10A200000025732573257300457865637574696E41
:10A21000672072656D6F746520636F6D6D616E642C
:10A220003A205343414E00457865637574696E6703
:10A230002072656D6F746520636F6D6D616E643A39
:10A24000204D41475F434C45415200457865637559
:10A2500074696E672072656D6F746520636F6D6DD4
:10A26000616E643A204D41475F43414C004578653B
:10A27000637574696E672072656D6F746520636FB6
:10A280006D6D616E643A204D41475F4F4E004578D9
:10A2900065637574696E672072656D6F74652063A0
:10A2A0006F6D6D616E643A204D41475F4F464600C9
:10A2B000457865637574696E672072656D6F746546
:10A2C00020636F6D6D616E643A205443414C5F4F63
:10A2D0004E00457865637574696E672072656D6FB1
:10A2E000746520636F6D6D616E643A205443414C18
:10A2F0005F4F464600457865637574696E672072E6
:10A30000656D6F746520636F6D6D616E643A205486
:10A31000444D415F4F4E00457865637574696E67C3
:10A320002072656D6F746520636F6D6D616E643A48
:10A330002054444D415F4F4646004578656375742F
:10A34000696E672072656D6F746520636F6D6D61F6
:10A350006E643A20544553545F4D4F44455F4F4E11
:10A3600000457865637574696E672072656D6F74FA
:10A370006520636F6D6D616E643A20544553545F80
:10A380004D4F44455F4F4646004578656375746997
:10A390006E672072656D6F746520636F6D6D616EA1
:10A3A000643A205245424F4F5400457865637574B6
:10A3B000696E672072656D6F746520636F6D6D6186
:10A3C0006E643A20434C4541522028636C656172AB
:10A3D0002070616972696E672900457865637574DC
:10A3E000696E672072656D6F746520636F6D6D6156
:10A3F0006E643A204446552028656E74657220626A
:10A400006F6F746C6F616465722900457865637560
:10A4100074696E672072656D6F746520636F6D6D12
:10A42000616E643A204446555F4F54412028656E62
:10A43000746572204F544120626F6F746C6F616459
:10A4400065722900457865637574696E6720726569
:10A450006D6F746520636F6D6D616E643A20534556
:10A46000545F4348414E4E454C20746F2025750083
:10A470005246206368616E6E656C20736176656418
:10A4800020746F204E56533A2025750045534220C4
:10A490007265696E697469616C697A65642077694F
:10A4A0007468206368616E6E656C20257500257385
:10A4B0003A20496E76616C6964206368616E6E65EE
:10A4C0006C2076616C75653A20257520286D757352
:10A4D0007420626520302D31303029004578656365
:10A4E0007574696E672072656D6F746520636F6D3A
:10A4F0006D616E643A20434C4541525F4348414E82
:10A500004E454C2028726573746F726520646566D1
:10A5100061756C7429005246206368616E6E656CCB
:10A5200020636C65617265642C2077696C6C2075A2
:10A5300073652064656661756C74206F6E206E654E
:10A54000787420626F6F7400455342207265696EA3
:10A55000697469616C697A656420776974682064DC
:10A56000656661756C74206368616E6E656C20252C
:10A570007500457865637574696E672072656D6FE7
:10A58000746520636F6D6D616E643A2053454E5360
:10A590005F53455400457865637574696E67207232
:10A5A000656D6F746520636F6D6D616E643A2053E5
:10A5B000454E535F52455345540045786563757465
:10A5C000696E672072656D6F746520636F6D6D6174
:10A5D0006E643A2053454E535F4155544F20617885
:10A5E00069733D2575207265766F6C7574696F6E41
:10A5F000733D257500457865637574696E672072D3
:10A60000656D6F746520636F6D6D616E643A205285
:10A61000455345545F5A524F0045786563757469D8
:10A620006E672072656D6F746520636F6D6D616E0E
:10A63000643A2052455345545F4143430045786591
:10A64000637574696E672072656D6F746520636FE2
:10A650006D6D616E643A2052455345545F424154DA
:10A6600000457865637574696E672072656D6F74F7
:10A670006520636F6D6D616E643A20524553455499
:10A680005F5443414C00457865637574696E67207B
:10A6900072656D6F746520636F6D6D616E643A20D5
:10A6A0005443414C5F4155544F5F4F4E00457865D0
:10A6B000637574696E672072656D6F746520636F72
:10A6C0006D6D616E643A205443414C5F4155544F67
:10A6D0005F4F464600457865637574696E67207202
:10A6E000656D6F746520636F6D6D616E643A2050A7
:10A6F000494E4700457865637574696E67207265D9
:10A700006D6F746520636F6D6D616E643A204655A0
:10A7100053494F4E5F524553455400457865637524
:10A7200074696E672072656D6F746520636F6D6DFF
:10A73000616E643A205443414C5F424F4F545F4F27
:10A740004E00457865637574696E672072656D6F3C
:10A75000746520636F6D6D616E643A205443414CA3
:10A760005F424F4F545F4F464600457865637574AE
:10A77000696E672072656D6F746520636F6D6D61C2
:10A780006E643A20444154415F434F4C4C4543541E
:10A790005F4F4E00457865637574696E672072651A
:10A7A0006D6F746520636F6D6D616E643A20444116
:10A7B00054415F434F4C4C4543545F4F4646004520
:10A7C0007865637574696E672072656D6F74652056
:10A7D000636F6D6D616E643A204F54415F51554512
:10A7E00052595F494E464F00457865637574696EEE
:10A7F000672072656D6F746520636F6D6D616E6447
:10A800003A204F54415F41424F52540045786563AE
:10A810007574696E672072656D6F746520636F6D06
:10A820006D616E643A204F54415F5355505052450C
:10A83000535320287265647563696E6720706F6C6E
:10A840006C20726174652900457865637574696E62
:10A85000672072656D6F746520636F6D6D616E64E6
:10A860003A204F54415F554E535550505245535323
:10A870002028726573756D696E67206E6F726D61E9
:10A880006C20726174652900556E6B6E6F776E2057
:10A8900072656D6F746520636F6D6D616E643A20D3
:10A8A0003078253032580050494E472074696D6524
:10A8B0006F75742C206661696C757265733D2575C2
:10A8C000004F54412071756575653A206E6F6E2D8D
:10A8D0006461746120747970653D30782530325838
:10A8E000206C656E3D25750054696D652073796E29
:10A8F000632074696D656F75743A20256C6C6420F3
:10A900006D732073696E6365206C61737420737955
:10A910006E632C20636C656172696E672073796E5B
:10A920006320737461746500756E6B6E6F776E0073
:10A93000454E4F4441544120286E6F20646174613C
:10A9400020617661696C61626C6529004541434311
:10A95000455320286163636573732064656E696580
:10A96000642900454E4F53504320284649464F2006
:10A9700066756C6C2900454E4F4D454D202845535A
:10A9800042206E6F74207265616479290025733AE4
:10A9900020496E76616C69642064617461206C6525
:10A9A0006E6774682025750025733A206573625FB1
:10A9B00077726974653A2050494E47206661696C28
:10A9C000656420746F2071756575652028637472E5
:10A9D0003D25752C206572723D25642025732C2041
:10A9E000636F6E73656375746976653D25752900BF
:10A9F000455342205458204649464F2066756C6C9A
:10AA000020666F7220257520636F6E7365637574A1
:10AA100069766520617474656D7074732028455380
:10AA2000422062757379290025733A20466F72635C
:10AA3000696E67207265636F7665727920616674EE
:10AA40006572202575206572726F7273005265639E
:10AA50006F766572656420766961207375737065C1
:10AA60006E642B666C7573680025733A20526569B5
:10AA70006E697469616C697A696E6720455342003A
:10AA800025733A206573625F77726974653A206650
:10AA900061696C656420746F2071756575652070DF
:10AAA00061636B65742C206572723D256420286C8F
:10AAB0006F6767656420657665727920313020653F
:10AAC00072726F727329006573625F73746172745E
:10AAD0005F7478206661696C65643A20256400655E
:10AAE00073625F7772697465006573625F73656E28
:10AAF000645F706169725F73746570006573625F33
:10AB0000696E697469616C697A65006576656E74F1
:10AB10005F68616E646C657200636C6F636B735F1A
:10AB2000737461727400636C6F636B735F696E69D9
:10AB300074006573625F74687265616400203A3303
:10AB400000203A336300203B3300203B3363002076
:10AB50007833002078336300205833002058336363
:10AB600000203E3A3300203E3A336300203E3B3320
:10AB700000203E3B3363002D007E004D6577004D85
:10AB8000657777004D656F77004D656F77206D6550
:10AB90006F77004D72727270004D727266004D7266
:10ABA000656F77004D7272726F77004D727272002E
:10ABB00050757272006D6577006D657777006D6511
:10ABC0006F77206D656F77006D72727270006D72B5
:10ABD0007266006D72656F77006D7272726F7700CA
:10ABE0006D7272720070757272006573625F746864
:10ABF000726561645F6964006573625F6576656E46
:10AC0000740054444D4120696E69743A20736C6F2E
:10AC1000743D25752F25752C206672616D653D2567
:10AC200075207469636B7320287E25752E2530315D
:10AC300075206D73292C207E2575205450532F7458
:10AC40007261636B65720054444D41206F7665728A
:10AC500073686F6F743A20706F733D256420746160
:10AC6000726765743D257520736C6570743D25753C
:10AC70002028736C6F7420302D2564290054444DB6
:10AC8000412073746174732028313073293A20682D
:10AC90006974733D25752067726163653D25752074
:10ACA0006F76657273686F6F743D257520746F746D
:10ACB000616C3D25750054444D412025732061741D
:10ACC0002072756E74696D650054444D413A204997
:10ACD0006E76616C696420736C6F745F696E646515
:10ACE000783D257520283E3D20746F74616C5F733C
:10ACF0006C6F74733D2575292C2069676E6F7269BE
:10AD00006E6720636F6E6669672075706461746535
:10AD10000054444D41206175746F2D656E61626C05
:10AD20006564206279207265636569766572206367
:10AD30006F6E6669670054444D4120636F6E6669AB
:10AD4000673A20736C6F743D25752F25752C207321
:10AD50006C6F745F7469636B733D25752C2066722C
:10AD6000616D653D2575207469636B732C207E25AC
:10AD70007520545053202865706F63683D257529F0
:10AD80000074646D61000A3D3D3D20417661696C4F
:10AD900061626C6520436F6D6D616E6473203D3D33
:10ADA0003D0A0A0044657669636520496E666F72E4
:10ADB0006D6174696F6E3A0A002020696E666F20BB
:10ADC0002020202020202020202020202020202083
:10ADD0002020202020204765742064657669636503
:10ADE00020696E666F726D6174696F6E0A00202053
:10ADF000757074696D65202020202020202020207F
:10AE0000202020202020202020202047657420643E
:10AE1000657669636520757074696D650A00202028
:10AE20006261747465727920202020202020202007
:10AE30002020202020202020202020476574206210
:10AE400061747465727920696E666F726D61746980
:10AE50006F6E0A0053656E736F72204D616E61678D
:10AE6000656D656E743A0A0020207363616E202060
:10AE700020202020202020202020202020202020D2
:10AE80002020202020526573746172742073656ED7
:10AE9000736F72207363616E0A00202063616C69B6
:10AEA0006272617465202020202020202020202034
:10AEB0002020202020202043616C6962726174652B
:10AEC0002073656E736F72205A524F0A002020362D
:10AED0002D73696465202020202020202020202040
:10AEE0002020202020202020202043616C696272D5
:10AEF00061746520362D7369646520616363656CD8
:10AF000065726F6D657465720A0020206D6167203F
:10AF10002020202020202020202020202020202031
:10AF20002020202020202053686F77206D61676EDD
:10AF300065746F6D65746572207374617475730ADE
:10AF40000020206D6167206F6E7C6F666620202078
:10AF50002020202020202020202020202020456E7E
:10AF600061626C652F64697361626C65206D6167F5
:10AF70006E65746F6D657465720A0020206D61677F
:10AF800020636C656172202020202020202020205A
:10AF90002020202020202020436C656172206D61DC
:10AFA000676E65746F6D657465722063616C69624C
:10AFB000726174696F6E0A0020206D6167206361A1
:10AFC0006C20202020202020202020202020202035
:10AFD00020202020205374617274206D61676E659B
:10AFE000746F6D657465722063616C6962726174FF
:10AFF000696F6E0A00202073656E73203C783E2CCA
:10B000003C793E2C3C7A3E2020202020202020200D
:10B010002020536574206779726F2073656E7369A1
:10B020007469766974792028646567206469666646
:10B03000206F76657220257520726576290A0020BA
:10B040002073656E73206175746F203C787C797C09
:10B050007A3E205B7265765D202020204175746FFA
:10B060002D63616C696272617465206779726F200B
:10B0700073656E7369746976697479206279207377
:10B0800070696E6E696E67202864656661756C74A0
:10B0900020257520726576290A00202073656E735D
:10B0A000207265736574202020202020202020201D
:10B0B000202020202020205265736574206779723B
:10B0C0006F2073656E736974697669747920636142
:10B0D0006C6962726174696F6E0A0020207463612A
:10B0E0006C203C6F6E7C6F66667C737461747573E4
:10B0F0007C64756D707C746573742074656D707C90
:10B1000072656D6F766520696E6465787C617574B3
:10B110006F206F6E7C6175746F206F66663E205481
:10B12000656D70657261747572652063616C6962CA
:10B13000726174696F6E0A00436F6E6E6563746945
:10B140006F6E3A0A002020736574203C616464725B
:10B150006573733E202020202020202020202020E6
:10B1600020204D616E75616C6C792073657420725E
:10B17000656365697665720A0020207061697220D6
:10B1800020202020202020202020202020202020BF
:10B19000202020202020456E746572207061697225
:10B1A000696E67206D6F64650A002020636C6561BD
:10B1B000722020202020202020202020202020203D
:10B1C00020202020202020436C656172207061695E
:10B1D00072696E6720646174610A00202074646D76
:10B1E00061203C6F6E7C6F66663E20202020202010
:10B1F0002020202020202020456E61626C652F6475
:10B20000697361626C652054444D412073636865C5
:10B2100064756C696E670A005246204368616E6E01
:10B22000656C3A0A0020206368616E6E656C203C94
:10B23000312D3130303E20202020202020202020A1
:10B240002020536574205246206368616E6E656CE1
:10B250002028736176656420746F204E5653290A46
:10B2600000202020204578616D706C653A2063686D
:10B27000616E6E656C203235202020202020205306
:10B280006574205246206368616E6E656C20746F31
:10B290002032350A002020636C6561726368616E3C
:10B2A0006E656C20202020202020202020202020BF
:10B2B0002020436C656172205246206368616E6E87
:10B2C000656C20287573652064656661756C7429EA
:10B2D0000A0053797374656D3A0A0020207368750B
:10B2E00074646F776E2020202020202020202020D2
:10B2F0002020202020202020506F776572206F664C
:10B300006620746865206465766963650A0020209C
:10B310007265626F6F742020202020202020202062
:10B320002020202020202020202020536F66742001
:10B3300072657365742074686520646576696365F9
:10B340000A00202064667520202020202020202054
:10B3500020202020202020202020202020202045C8
:10B360006E7465722044465520626F6F746C6F6115
:10B370006465720A002020646675206F7461202065
:10B3800020202020202020202020202020202020BD
:10B390002020456E746572204F544120444655204C
:10B3A00028424C45290A004F746865723A0A002009
:10B3B0002070696E6720202020202020202020205F
:10B3C000202020202020202020202020466C617377
:10B3D00068204C4544202873616D6520617320729C
:10B3E000656D6F74652050494E4720636F6D6D61C8
:10B3F0006E64290A0020206D656F772020202020B0
:10B40000202020202020202020202020202020203C
:10B4100020204D656F77210A0020206E7673202052
:10B42000202020202020202020202020202020201C
:10B4300020202020202053686F77204E56532075FF
:10B440007361676520737461746973746963730AE7
:10B450000020206C61737472657365742020202055
:10B460002020202020202020202020202020536861
:10B470006F77206C617374207265736574207265D8
:10B4800061736F6E20616E6420737461746973748C
:10B490006963730A00202068656C702020202020DA
:10B4A000202020202020202020202020202020209C
:10B4B000202053686F7720746869732068656C700A
:10B4C000206D6573736167650A002020646562758D
:10B4D00067205B6475726174696F6E5D2020202047
:10B4E0002020202020202053746172742073656E08
:10B4F000736F72206465627567206D6F646520618B
:10B5000074204649464F20726174652028312D36DB
:10B5100030732C2064656661756C74203173290A60
:10B5200000202072616E67652020202020202020CE
:10B530002020202020202020202020202020536890
:10B540006F772073656E736F722072616E6765200E
:10B550007374617469737469637320286D696E2FE5
:10B560006D61782076616C756573290A0020207200
:10B57000616E67652072657365742020202020202D
:10B580002020202020202020202052657365742058
:10B5900073656E736F722072616E6765207374617C
:10B5A000746973746963730A004465627567204344
:10B5B0006F6D6D616E64733A0A0020207265736569
:10B5C00074207A726F20202020202020202020202C
:10B5D000202020202020205265736574205A524F6D
:10B5E0002063616C6962726174696F6E0A00202069
:10B5F0007265736574206163632020202020202001
:10B6000020202020202020202020205265736574D7
:10B6100020616363656C65726F6D6574657220632C
:10B62000616C6962726174696F6E0A0020207265D4
:10B630007365742073656E732020202020202020E5
:10B640002020202020202020205265736574206750
:10B6500079726F2073656E73697469766974792085
:10B6600063616C6962726174696F6E0A0020207296
:10B6700065736574207463616C2020202020202075
:10B680002020202020202020202052657365742057
:10B6900074656D70657261747572652063616C6943
:10B6A00062726174696F6E0A00202072657365743E
:10B6B000206D6167202020202020202020202020B5
:10B6C0002020202020205265736574206D61676EF4
:10B6D00065746F6D657465722063616C6962726117
:10B6E00074696F6E0A002020726573657420626150
:10B6F00074202020202020202020202020202020F6
:10B7000020202052657365742062617474657279BB
:10B7100020747261636B65720A0020207265736524
:10B720007420616C6C2020202020202020202020EC
:10B7300020202020202020436C65617220616C6CE9
:10B740002073657474696E67730A0025733A202547
:10B750003032753A253032753A253032752E253023
:10B7600033752C253033750A004572726F723A209A
:10B77000496E76616C696420696E707574206465C9
:10B780006772656573206C656164696E6720746FAC
:10B79000206469766973696F6E206279207A6572B8
:10B7A0006F2E2043616C6962726174696F6E206EE6
:10B7B0006F74206170706C6965642E0A004779723D
:10B7C0006F2073656E736974697669747920646932
:10B7D00066666572656E63652073657420746F3A82
:10B7E00020252E33662C20252E33662C20252E3343
:10B7F000660A004572726F723A2052657461696E12
:10B8000065642064617461206E6F74206176616983
:10B810006C61626C652E0A00526573657474696EA2
:10B8200067206779726F2073656E736974697669D2
:10B8300074792063616C6962726174696F6E2E0A3B
:10B84000004779726F2073656E73697469766974E5
:10B85000792072657365742E0A004572726F723AB0
:10B8600020496E76616C69642073656E73697469D2
:10B87000766974792063616C6962726174696F6E54
:10B8800020617869732025752E0A004572726F72E7
:10B890003A20496E76616C6964207265766F6C75CA
:10B8A00074696F6E732025752E20557365203120C5
:10B8B000746F2025752E0A004572726F723A20430C
:10B8C000616C6962726174696F6E20627573792050
:10B8D0006F7220706172616D657465727320696E3C
:10B8E00076616C69642E0A004779726F2073656E09
:10B8F0007369746976697479206175746F2D6361F9
:10B900006C6962726174696F6E20737461727465C0
:10B9100064206F6E20256320617869732028257567
:10B9200020726576292E0A002020312E20486F6C67
:10B93000642074686520747261636B65722073742F
:10B94000696C6C20756E74696C20746865204C4558
:10B950004420666C61736865732E0A002020322EC5
:10B96000205768696C6520666C617368696E672C26
:10B97000207370696E2069742025752066756C6C63
:10B98000207475726E732061626F757420746865BF
:10B9900020256320617869732C207468656E20739C
:10B9A000746F702E0A0058595A004572726F723ABD
:10B9B000205370656369667920612073696E676CD6
:10B9C0006520617869732E205573653A2027736569
:10B9D0006E73206175746F203C787C797C7A3E2090
:10B9E0005B7265766F6C7574696F6E735D272E0A76
:10B9F000004572726F723A20496E76616C696420FC
:10BA00006178697320272573272E20557365207868
:10BA10002C20792C206F72207A2E0A004572726FCA
:10BA2000723A20496E76616C6964207265766F6C3B
:10BA30007574696F6E7320272573272E20557365E3
:10BA4000203120746F2025752E0A005265736574AD
:10BA500074696E6720667573696F6E2028696E76EB
:10BA6000616C69646174696E672071756174657277
:10BA70006E696F6E292E0A00467573696F6E2072AB
:10BA80006573657420636F6D706C6574652E0A0054
:10BA900050696E672072656365697665642120462A
:10BAA0006C617368696E67204C45442E0A005368C8
:10BAB000757474696E6720646F776E20646576694B
:10BAC00063652E0A004E6F74207365617263686946
:10BAD0006E6700493243004558542028535049208E
:10BAE000494D55204932434D2900493243202870A1
:10BAF0006173737468726F7567682900547261634B
:10BB00006B65722049443A2025750A000A54726117
:10BB1000636B65722049443A204E6F6E650A00528D
:10BB20006563656976657220616464726573733AF2
:10BB300020253031326C6C580A0052656365697695
:10BB4000657220616464726573733A204E6F6E652E
:10BB50000A00796573006E6F00417263682D73701F
:10BB6000656369666963206661756C74002A2A2AB8
:10BB70002053656565642053747564696F20536C48
:10BB8000696D654E524620547261636B6572205830
:10BB900049414F2053656E7365202A2A2A0A0053B3
:10BBA0006C696D6556522D547261636B65722D6EB2
:10BBB000524620302E302E302D756E6B6E6F776EA4
:10BBC0002B302028436F6D6D6974206161386434B7
:10BBD000653132376333332C204275696C6420251C
:10BBE000642D253032642D253032642025303264B6
:10BBF0003A253032643A25303264290A0053697993
:10BC00006552696E610068747470733A2F2F6769AA
:10BC1000746875622E636F6D2F5369796552696E12
:10BC2000612F536C696D6556522D547261636B655B
:10BC3000722D6E52462D646576005265706F3A2003
:10BC40002573207C204272616E63683A2025732040
:10BC50007C20417574686F723A2025730A00536521
:10BC60006565642053747564696F20536C696D65F4
:10BC70004E524620547261636B6572205849414FA1
:10BC80002053656E73650A000A426F6172643A2040
:10BC90007869616F5F626C650A00534F433A206EAA
:10BCA000726635323834300A005461726765743A0E
:10BCB000207869616F5F626C652F6E72663532380D
:10BCC00034302F73656E73650A00494D553A20254F
:10BCD000730A00496E746572666163653A20257364
:10BCE0000A00416464726573733A203078253032FB
:10BCF00058253032580A000A4D61676E65746F6DC1
:10BD0000657465723A20257320282573290A000A74
:10BD1000416363656C65726F6D65746572206D61FA
:10BD2000747269783A0A00252E356620252E35660C
:10BD300020252E356620252E35660A000A416363CC
:10BD4000656C2063616C6962726174696F6E3A0A36
:10BD50000020204F66667365743A205B252E356699
:10BD60002C20252E35662C20252E35665D0A0020D8
:10BD7000205363616C653A205B252E35662C2025A7
:10BD80002E35662C20252E35665D0A004779726FA8
:10BD900073636F706520626961733A20252E356682
:10BDA00020252E356620252E35660A004779726FCC
:10BDB00073636F70652062696173207463616C20C6
:10BDC000287265616C2D74696D65293A20252E35C0
:10BDD0006620252E356620252E35662061742025A7
:10BDE0002E326620430A004D61676E65746F6D6583
:10BDF000746572206D61747269783A0A004D6167EA
:10BE00002063616C3A202573207C206E6F726D5F19
:10BE100063763D252E3366207C204F6E6C696E65FF
:10BE20003A2025642073616D706C65732C20646901
:10BE3000725F626961733D252E32660A000A46759B
:10BE400073696F6E3A2025730A00446576696365ED
:10BE500020616464726573733A20253031326C6CF2
:10BE6000580A004779726F73636F70652073656E4F
:10BE70007369746976697479202864656772656589
:10BE8000732064696666206F76657220257520725E
:10BE90006576293A20252E336620252E3366202507
:10BEA0002E33660A004779726F73636F7065207373
:10BEB000656E7369746976697479207363616C6502
:10BEC0003A20252E356620252E356620252E35660E
:10BED0000A004779726F73636F70652073656E73C4
:10BEE000697469766974793A2052657461696E651E
:10BEF00064206461746120756E617661696C616251
:10BF00006C652E0A005246204368616E6E656C3A7D
:10BF10002025752028637573746F6D290A005246B9
:10BF2000204368616E6E656C3A2025752028646533
:10BF30006661756C74290A00426174746572793A9D
:10BF400020252E3066252520285265616420257520
:10BF5000682025756D696E2061676F290A0042614E
:10BF600074746572793A20252E306625250A0042C0
:10BF70006174746572793A2057616974696E6720DB
:10BF8000666F722076616C69642072656164696EA7
:10BF9000670A0052656D61696E696E672072756E21
:10BFA00074696D653A202575682025756D696E0A7E
:10BFB0000052656D61696E696E672072756E746995
:10BFC0006D653A204E6F7420617661696C61626CB8
:10BFD000650A0046756C6C792063686172676564F8
:10BFE0002072756E74696D653A2025756820257517
:10BFF0006D696E0A0046756C6C79206368617267C2
:10C0000065642072756E74696D653A204E6F742098
:10C01000617661696C61626C650A00557074696D66
:10C020006500416363756D756C61746564004144BE
:10C03000433A202564206D560A000A4261747465F3
:10C0400072793A20252E32662525202852617720E4
:10C05000252E326625252C202564206D56290A00C0
:10C060000A426174746572793A204E6F6E650A00F7
:10C070004C6173742075706461746564004C617305
:10C080007420757064617465643A204E65766572DB
:10C090000A000A52656D61696E696E672072756E7D
:10C0A00074696D650046756C6C79206368617267B0
:10C0B00065642072756E74696D65004D696E696D99
:10C0C000756D2072756E74696D65004D696E696D70
:10C0D000756D2072756E74696D653A204E6F7420AF
:10C0E000617661696C61626C650A004D6178696DA9
:10C0F000756D2072756E74696D65004D6178696D3E
:10C10000756D2072756E74696D653A204E6F74207E
:10C11000617661696C61626C650A000A4C617374D6
:10C1200020646973636861726765206379636C6515
:10C130003A20252E32662525202D3E20252E3266DA
:10C140002525202852617720252E32662525202D91
:10C150003E20252E32662525290A004C6173742065
:10C160006379636C652072756E74696D65000A4C45
:10C17000617374206379636C653A204E6F7420613B
:10C180007661696C61626C650A000A43616C696280
:10C19000726174696F6E3A20252E30662525202D38
:10C1A00020252E306625252028252E3066252520A1
:10C1B000636F766572616765290A000A43616C697D
:10C1C00062726174696F6E3A204E6F6E650A004349
:10C1D00079636C6520636F756E743A207E252E320C
:10C1E000660A004572726F723A204D697373696E08
:10C1F0006720617267756D656E74732E2055736567
:10C20000202773656E73203C783E2C3C793E2C3C95
:10C210007A3E272C202773656E73206175746F201A
:10C220003C787C797C7A3E205B7265765D272C2099
:10C230006F72202773656E73207265736574272E85
:10C240000A006175746F004572726F723A20546F04
:10C250006F206D616E7920617267756D656E7473A4
:10C260002E205573653A202773656E7320617574AF
:10C270006F203C787C797C7A3E205B7265766F6CAF
:10C280007574696F6E735D272E0A002C00457272FB
:10C290006F723A20496E76616C696420666F726DC8
:10C2A00061742E205573653A202773656E73203CA8
:10C2B000783E2C3C793E2C3C7A3E272C2027736517
:10C2C0006E73206175746F203C787C797C7A3E2097
:10C2D0005B7265765D272C206F72202773656E7305
:10C2E000207265736574272E0A004578616D706C45
:10C2F000653A2073656E732031302E352C2D322E29
:10C30000312C31352E300A004572726F723A204D51
:10C31000697373696E6720617267756D656E742EDF
:10C32000205573653A207463616C203C6F6E7C6F9E
:10C3300066667C7374617475737C636C6561727C12
:10C3400064756D707C746573742074656D707C7237
:10C35000656D6F766520696E6465787C636865637A
:10C360006B7C6175746F206F6E7C6175746F206F6C
:10C3700066667C626F6F74205B6F6E7C6F66665D55
:10C380003E0A00542D43616C20636F6D70656E73BF
:10C390006174696F6E20656E61626C65640A006F1E
:10C3A000666600542D43616C20636F6D70656E731B
:10C3B0006174696F6E2064697361626C65642028C2
:10C3C0007573696E6720737461746963206779722D
:10C3D0006F2062696173290A00542D43616C2063E8
:10C3E0006F6D70656E736174696F6E3A2025730AA4
:10C3F000004175746F2D63616C6962726174696F5D
:10C400006E3A2025730A00636C6561720045727292
:10C410006F723A204D697373696E67206172677538
:10C420006D656E742E205573653A207463616C20BF
:10C430006175746F203C6F6E7C6F66663E0A0054B7
:10C440002D43616C206175746F2D63616C6962723C
:10C450006174696F6E20656E61626C65642E204444
:10C4600065766963652077696C6C206175746F2DE2
:10C4700063616C696272617465207768656E2072B1
:10C48000657374696E672E0A004E6F74653A2053A7
:10C490006C6565702074696D656F75742077696C63
:10C4A0006C2062652070726576656E7465642064C8
:10C4B0007572696E67206175746F2D63616C696256
:10C4C000726174696F6E206D6F64652E0A00542D61
:10C4D00043616C206175746F2D63616C6962726178
:10C4E00074696F6E2064697361626C65642E0A0002
:10C4F0004572726F723A20496E76616C6964206190
:10C500007267756D656E7420272573272E2055730D
:10C51000653A207463616C206175746F203C6F6EA6
:10C520007C6F66663E0A0064756D70004E6F207405
:10C53000656D70657261747572652063616C6962A6
:10C54000726174696F6E20706F696E7473206861B8
:10C550007665206265656E20636F6C6C65637465DB
:10C56000642E0A0044756D70696E6720257520631E
:10C570006F6C6C65637465642074656D7065726161
:10C58000747572652063616C6962726174696F6E43
:10C5900020706F696E74733A0A002D2D2D2D2D2D8C
:10C5A0002D2D2D2D2D2D2D2D2D2D2D2D2D2D2D2DBB
:10C5B0002D2D2D2D2D2D2D2D2D2D2D2D2D2D2D2DAB
:10C5C0002D2D2D2D2D2D2D2D2D2D2D2D0A00496E8E
:10C5D000646578207C2054656D7020284329207C78
:10C5E000204269617320582020207C2042696173B9
:10C5F00020592020207C2042696173205A2020206D
:10C600007C0A0020252D3464207C20252D382E32F4
:10C6100066207C20252D382E3566207C20252D385F
:10C620002E3566207C20252D382E35660A00456E75
:10C6300064206F662064756D702E20546F74616C79
:10C6400020706F696E7473207072696E7465643ADD
:10C650002025750A0072656D6F7665004572726FF0
:10C66000723A204D697373696E6720696E646578EC
:10C670002E205573653A207463616C2072656D6F6E
:10C680007665203C696E6465783E0A004572726F7B
:10C69000723A20496E76616C696420696E646578CF
:10C6A00020272573272E20506C65617365207072DA
:10C6B0006F766964652061206E756D6265722E0A01
:10C6C0000074657374004572726F723A2043616E34
:10C6D0006E6F7420726561642063757272656E742A
:10C6E0002074656D70657261747572652E20506C72
:10C6F0006561736520737065636966792074656D23
:10C7000070657261747572653A207463616C20742F
:10C71000657374203C74656D703E0A004572726FDB
:10C72000723A20496E76616C69642074656D70653B
:10C7300072617475726520272573272E20557365E5
:10C740003A207463616C2074657374203C74656D69
:10C75000703E0A004578616D706C653A20746361C3
:10C760006C20746573742032352E350A0045727260
:10C770006F723A2043616E6E6F742072656164203F
:10C7800063757272656E742074656D706572617424
:10C790007572652E0A0043757272656E7420746539
:10C7A0006D70657261747572653A20252E3266432C
:10C7B0000A00436C6F736573742063616C69627205
:10C7C0006174696F6E20706F696E743A20252E3225
:10C7D0006643202864697374616E63653A20252E70
:10C7E000326643290A00436F6E6669677572656435
:10C7F0002073616D706C696E6720696E7465727606
:10C80000616C3A20252E3266430A005374617475B8
:10C81000733A204E454544532063616C69627261EE
:10C8200074696F6E202864697374616E6365203E5D
:10C8300020696E74657276616C2C206175746F2D41
:10C8400063616C206D617920747269676765722914
:10C850000A005374617475733A2043616C696272A3
:10C860006174696F6E2073756666696369656E745D
:10C87000202877697468696E2073616D706C696EC9
:10C880006720696E74657276616C290A0053746161
:10C890007475733A204E6F2063616C6962726174C3
:10C8A000696F6E206461746120617661696C616298
:10C8B0006C6520286175746F2D63616C2077696CDD
:10C8C0006C2074726967676572290A00426F6F7421
:10C8D0002043616C6962726174696F6E2053746188
:10C8E0007475733A0A002020456E61626C65643A83
:10C8F0002025730A002020436F6D706C6574656499
:10C900003A2025730A002020417474656D70747399
:10C910003A2025750A002020445F6F6666736574AF
:10C920002076616C69643A2025730A002020445FF8
:10C930006F66667365743A205B252E35662C20255C
:10C940002E35662C20252E35665D206470730A0016
:10C950000A55736167653A207463616C20626F6F7A
:10C9600074203C6F6E7C6F66663E0A00426F6F7487
:10C970002063616C6962726174696F6E20656E61BB
:10C98000626C65642E2057696C6C2063616C69620F
:10C9900072617465206F6E206E65787420626F6FAF
:10C9A000742E0A00426F6F742063616C6962726159
:10C9B00074696F6E2064697361626C65642E0A002D
:10C9C0004572726F723A20496E76616C69642061BB
:10C9D0007267756D656E7420272573272E20557339
:10C9E000653A207463616C20626F6F74203C6F6ED7
:10C9F0007C6F66663E0A004572726F723A20496E1D
:10CA000076616C696420617267756D656E7420274C
:10CA10002573272E205573653A203C737461747515
:10CA2000737C636C6561727C64756D707C74657316
:10CA3000742074656D707C72656D6F766520696EAB
:10CA40006465787C636865636B7C6175746F206F67
:10CA50006E7C6175746F206F66667C626F6F742088
:10CA60006F6E7C626F6F74206F66663E0A004D6168
:10CA7000676E65746F6D657465723A2025730A0080
:10CA800048617264776172653A2025730A004361D8
:10CA90006C6962726174696F6E3A20257320286E2A
:10CAA0006F726D5F63763D252E3366290A00456EF1
:10CAB00061626C696E67206D61676E65746F6D652C
:10CAC0007465720A0044697361626C696E67206DF7
:10CAD00061676E65746F6D657465720A004D61679C
:10CAE0006E65746F6D657465722063616C696272E6
:10CAF0006174696F6E20636C65617265640A0063BE
:10CB0000616C696272617465004D61676E65746F16
:10CB10006D657465722063616C6962726174696FBE
:10CB20006E20737461727465640A00557361676581
:10CB30003A206D6167205B6F6E7C6F66667C636C0C
:10CB40006561727C63616C5D0A00253031366C6C06
:10CB50007800496E76616C69642061646472657303
:10CB6000730A0055736167653A206368616E6E658C
:10CB70006C203C312D3130303E0A004578616D70BB
:10CB80006C653A206368616E6E656C203235202DCD
:10CB900020536574205246206368616E6E656C2078
:10CBA000746F2032350A00496E76616C69642063C7
:10CBB00068616E6E656C2E204D7573742062652001
:10CBC00061206E756D626572206265747765656E51
:10CBD000203120616E64203130302E0A005365749C
:10CBE00074696E67205246206368616E6E656C20C2
:10CBF000746F2025640A005246206368616E6E657A
:10CC00006C20736176656420746F204E56533A2011
:10CC100025750A00455342207265696E6974696121
:10CC20006C697A65642077697468206368616E6EE8
:10CC3000656C2025750A00436C656172696E67201A
:10CC40005246206368616E6E656C2073657474690A
:10CC50006E672028726573746F7265206465666103
:10CC6000756C74290A005246206368616E6E656CAB
:10CC700020636C65617265642C2077696C6C20752B
:10CC800073652064656661756C74206F6E206E65D7
:10CC9000787420626F6F740A004553422072656990
:10CCA0006E697469616C697A65642077697468205B
:10CCB00064656661756C74206368616E6E656C0A8C
:10CCC00000456E746572696E67204F54412044467A
:10CCD000552028424C45292E2E2E0A00456E74659B
:10CCE00072696E6720554632204446552E2E2E0A14
:10CCF000004572726F723A20556E6B6E6F776E20C0
:10CD0000444655206D6F646520272573272E2055D6
:10CD100073653A20646675205B6F74615D0A000A72
:10CD20003D3D3D204C617374205265736574204411
:10CD30006961676E6F7374696373203D3D3D0A00DE
:10CD40004E6F20726573657420646961676E6F73DE
:10CD50007469637320617661696C61626C65202817
:10CD6000636F6C6420626F6F74206F7220646174F3
:10CD70006120696E76616C6964290A0052455345E9
:10CD800054524541533A20302028506F7765722D18
:10CD90006F6E207265736574290A005245534554BD
:10CDA000524541533A203078253038580A00202027
:10CDB0005B50494E5D20202020486172647761728B
:10CDC000652070696E2072657365740A0020205BAF
:10CDD000444F475D202020205761746368646F676B
:10CDE0002072657365740A0020205B535245515DC3
:10CDF000202020536F6674776172652072657175AB
:10CE0000657374656420726573657420286C696B42
:10CE1000656C79205A657068797220666174616CFE
:10CE2000206572726F72290A0020205B53524551AF
:10CE30005D202020536F6674776172652072657182
:10CE400075657374656420726573657420287372E8
:10CE5000633A202573205B25755D290A0020205B3D
:10CE60004C4F434B55505D20435055206C6F636BC6
:10CE700075702072657365740A0020205B4F46460A
:10CE80005D2020202057616B652066726F6D2073D6
:10CE9000797374656D204F4646206D6F64650A0096
:10CEA00020205B4449465D20202020446562756750
:10CEB00020696E746572666163652072657365745E
:10CEC0000A0020205B4E46435D202020204E464332
:10CED000206669656C642072657365740A002020A1
:10CEE0005B564255535D2020205642555320706FAB
:10CEF0007765722072657365740A005265626F6FA0
:10CF00007420636F756E746572206174207265732E
:10CF100065743A2025750A00546F74616C2072653F
:10CF20007365747320747261636B65643A202020AA
:10CF30002025750A000A4C617374205A657068795F
:10CF40007220666174616C206572726F723A0A00B9
:10CF50002020526561736F6E3A2025752028257355
:10CF6000290A00202050433A202020202030782514
:10CF70003038580A0020204C523A202020202030FF
:10CF800078253038580A002020434653523A202052
:10CF9000203078253038582028554653523D2530CA
:10CFA000325820424653523D25303258204D4D468E
:10CFB00053523D25303258290A002020484653520A
:10CFC0003A2020203078253038580A00202041733C
:10CFD000736572743A2025733A25750A0057617497
:10CFE0006368646F673A0A002020436F6E7365635D
:10CFF000757469766520574454207265736574733F
:10D000003A2025750A002020546F74616C20574423
:10D0100054207265736574733A20202020202020EC
:10D0200025750A0020204C617374206661696C6567
:10D0300064206368616E6E656C3A2020202025753F
:10D0400020282573290A002573257325730A0049B2
:10D050006E76616C6964206475726174696F6E20AC
:10D0600028312D363073292E205573696E67206460
:10D07000656661756C742031207365636F6E6473CF
:10D080002E0A0053656E736F722072616E676520A1
:10D0900073746174697374696373206E6F7420654F
:10D0A0006E61626C656420696E20636F6E6669678D
:10D0B00075726174696F6E2E0A00496E76616C69D3
:10D0C0006420617267756D656E740A0054444D4149
:10D0D00020656E61626C65640A0054444D412064B1
:10D0E000697361626C65640A0054444D413A2025BD
:10D0F000730A0054657374206D6F646520656E61FA
:10D10000626C65640A0054657374206D6F646520F9
:10D1100064697361626C65640A0054657374206DA0
:10D120006F64653A2025730A00556E6B6E6F776EDB
:10D1300020636F6D6D616E640A004572726F723AA2
:10D1400020496E76616C6964206368617261637402
:10D1500065727320616674657220696E64657820FB
:10D16000272573272E0A00757074696D6500686540
:10D170006C700064656275670072616E6765003689
:10D180002D73696465007061697200636C6561721A
:10D190006368616E6E656C006C6173747265736553
:10D1A000740073656E73007463616C0043505520A6
:10D1B000657863657074696F6E0053707572696F1E
:10D1C000757320696E746572727570740053746142
:10D1D000636B206F766572666C6F77004B65726E5D
:10D1E000656C206F6F7073004B65726E656C20709C
:10D1F000616E69632028617373657274696F6E2054
:10D200006661696C7572652900756E6B6E6F776EFD
:10D210002028756E7461676765642900636F6E739B
:10D220006F6C653A207265626F6F7420636D640085
:10D23000636F6E736F6C653A2073656E73207265F1
:10D2400073657400636F6E736F6C653A2064667506
:10D2500020636D64007761746368646F673A20448B
:10D260004655207468726573686F6C640073656EF0
:10D27000736F723A20696E6974206661696C7572A9
:10D28000650073656E736F723A206D616720746F0D
:10D2900067676C650073656E736F723A20706163C7
:10D2A0006B6574206572726F7273006573623A20E9
:10D2B00072656D6F7465207265626F6F740065735F
:10D2C000623A2072656D6F7465204446550065733F
:10D2D000623A2072656D6F7465204446555F4F5405
:10D2E000410073797374656D3A20627574746F6E62
:10D2F00020636C69636B0073797374656D3A207396
:10D30000687574646F776E20616C740073797374E0
:10D31000656D3A2044465520554632007379737442
:10D32000656D3A20444655204F544100706F776533
:10D33000723A20696D6D6564696174650065736238
:10D340005F6F74613A20636F6D706C657465006522
:10D3500073625F6F74613A2044465520656E746550
:10D3600072006573625F6F74613A206661696C7503
:10D37000726500636F6E736F6C6500494E20656E59
:10D3800064706F696E742063616C6C6261636B20A2
:10D39000776974686F757420707265636564696E0F
:10D3A0006720627566666572207772697465004EE3
:10D3B00065772070726F746F636F6C3A202573000D
:10D3C0004849445F300025733A2043616E6E6F74A4
:10D3D00020676574205553422048494420446576AF
:10D3E00069636500484944204465766963653A206D
:10D3F000646576202570004661696C656420746FF1
:10D40000207365742050726F746F636F6C20436F6C
:10D41000646500636F6D706F736974655F707265CA
:10D420005F696E69740005010900A10109007508B2
:10D4300095408102C06869645F6576656E740052CC
:10D440006573657420636F756E743A202575006D81
:10D4500061696E0025733A20542D43616C204D4C58
:10D46000533A204E6F2063616C6962726174696F18
:10D470006E206461746120617661696C61626C65C3
:10D480000025733A20542D43616C204D4C533A20B3
:10D490004E6F206564676520706F696E74732066D7
:10D4A0006F756E6420666F72206578747261706F3C
:10D4B0006C6174696F6E00542D43616C204C55543F
:10D4C0003A204E6F7420656E6F75676820706F69C3
:10D4D0006E747320282575203C202564292C204C4F
:10D4E00055542064697361626C656400542D436116
:10D4F0006C204C55543A204275696C64696E672003
:10D500007072696F72697479207A6F6E65205B251D
:10D51000642D25645D2028252E3166C2B043207419
:10D520006F20252E3166C2B0432900542D43616C13
:10D53000204C55543A205072696F72697479207A80
:10D540006F6E65206275696C742028256420656E95
:10D5500074726965732920696E20256C6C64206D76
:10D56000732C206261636B67726F756E64206275E5
:10D57000696C64207374617274656400542D436136
:10D580006C3A204D4C53207374617465207265664B
:10D5900072657368656420776974682025752070EA
:10D5A0006F696E747300542D43616C3A204D4C5377
:10D5B00020646174612072656672657368656420B9
:10D5C0007375636365737366756C6C792E0A0054AA
:10D5D0002D43616C3A204E6F20706F696E7473201A
:10D5E000617661696C61626C6500542D43616C3ACF
:10D5F000204E6F20706F696E747320617661696C64
:10D6000061626C652E0A0025733A20416363656C84
:10D6100065726F6D657465722077616974207469D5
:10D620006D6564206F75740025733A204779726FB9
:10D6300073636F706520776169742074696D6564C8
:10D64000206F75740043616C6962726174696F6EFA
:10D650003A205573696E672061637475616C204F61
:10D660004452202D204779726F3A20252E32664889
:10D670007A2C20416363656C3A20252E3266487A05
:10D680002C20436865636B20696E74657276616CEB
:10D690003A202564004D61782073616D706C696E6D
:10D6A000672074696D652072656163686564202810
:10D6B000256C6C64206D73290054656D7065726112
:10D6C00074757265207468726573686F6C6420721B
:10D6D00065616368656420616674657220256C6CA1
:10D6E00064206D7320776974682025642073616DF0
:10D6F000706C657300416363656C206D6F74696F56
:10D700006E2064657465637465643A20617869733A
:10D710002025642072616E676520252E34660047DF
:10D7200079726F206D6F74696F6E206465746563C4
:10D730007465643A20617869732025642072616E93
:10D74000676520252E34660053616D706C6573200B
:10D75000636F6C6C65637465643A202564004E6F7A
:10D760007420656E6F7567682073616D706C65738A
:10D770003A202564203C202564202862617365647A
:10D78000206F6E2061637475616C206779726F2001
:10D790004F44523A20252E3266487A2C206D696E0D
:10D7A0002074696D653A2025646D732900542D43FA
:10D7B000616C3A20417665726167652074656D70B1
:10D7C000657261747572653A20252E326643202891
:10D7D00025642073616D706C65732900542D43615D
:10D7E0006C3A2054656D7065726174757265207253
:10D7F000616E67653A20252E3266432028252E3239
:10D80000664320746F20252E3266432900416363EE
:10D81000656C65726F6D657465723A20252E35668C
:10D8200020252E356620252E3566004E6F206D6F23
:10D8300074696F6E206465746563746564004D6F10
:10D8400074696F6E20646574656374656400257324
:10D850003A2053656E736F722063616C6962726106
:10D8600074696F6E20697320616C726561647920E0
:10D8700072756E6E696E6700726973696E670066B5
:10D88000616C6C696E6700542D43616C3A204E6F79
:10D890002076616C69642074656D70657261747561
:10D8A00072652073616D706C657320696E206163B1
:10D8B00063756D756C61746F722C2064697363613C
:10D8C0007264696E6700542D43616C3A204176653D
:10D8D000726167652074656D7065726174757265DB
:10D8E00020252E326643206F75747369646520634A
:10D8F000616C6962726174696F6E2072616E6765D6
:10D900002C2064697363617264696E6700542D43EF
:10D91000616C3A20466C757368696E672061636359
:10D92000756D756C61746F723A2025642073616D3A
:10D93000706C65732C206176672074656D7020258E
:10D940002E326643202872616E676520252E32666E
:10D9500043292C206275636B6574206964782025E7
:10D960006400542D43616C3A20426C656E64696EAC
:10D9700067206174206964782025642028646972B6
:10D980003A2025732C20616C7068613A20252E3274
:10D99000662900542D43616C3A20426C656E6465C3
:10D9A0006420626961733A20252E356620252E3564
:10D9B0006620252E356600542D43616C3A20436F56
:10D9C0006D6D697474656420706F696E7420617424
:10D9D000206964782025642028252E326643293A60
:10D9E000205B252E35662C20252E35662C20252EF5
:10D9F00035665D202864656C74613A20252E346696
:10DA0000206470732900542D43616C3A2054656D75
:10DA10007065726174757265206472696674202520
:10DA20002E3266432065786365656465642074689A
:10DA3000726573686F6C642C206561726C79206606
:10DA40006C757368004F6E6C696E65206D61672040
:10DA500072756E74696D6520726573746F7265643A
:10DA60002028256420757064617465732C202575E9
:10DA7000206E6F726D2073616D706C657329005438
:10DA80002D43616C20636F6D70656E736174696F97
:10DA90006E3A20257300436C656172696E6720736E
:10DAA000746F7265642063616C6962726174696F1E
:10DAB0006E206461746100436C656172696E6720F9
:10DAC000445F6F666673657420616C6F6E67207764
:10DAD000697468205A524F2063616C696272617484
:10DAE000696F6E00496E76616C696461746564206B
:10DAF00063616C6962726174696F6E00546865205D
:10DB0000494D55206D61792062652064616D6167C2
:10DB10006564206F722063616C6962726174696F01
:10DB20006E20776173206E6F7420636F6D706C650B
:10DB30007465642070726F7065726C790043616CFB
:10DB40006962726174696E67206D61696E206163DC
:10DB500063656C65726F6D6574657220362D7369CF
:10DB60006465206F66667365740052657374207413
:10DB7000686520646576696365206F6E2061207337
:10DB80007461626C652073757266616365005374BD
:10DB9000617274696E67204D756C74692D506F7376
:10DBA0006974696F6E2043616C6962726174696F38
:10DBB0006E20285461726765743A20256420706F66
:10DBC0007365732900506C6561736520726F7461B1
:10DBD00074652064657669636520746F2072616E78
:10DBE000646F6D206F7269656E746174696F6E73B6
:10DBF00020616E6420686F6C64207374696C6C2E95
:10DC00000054696D656F75743A204E6F206E6577AC
:10DC100020706F7365206465746563746564206645
:10DC20006F72202564207365636F6E6473004361B7
:10DC300070747572696E6720706F73652025642F2C
:10DC400025642E2E2E004D6F74696F6E20646574EE
:10DC5000656374656420647572696E6720636170C2
:10DC6000747572652C207265747279696E672E2ED8
:10DC70002E00506F736520256420736176656421E2
:10DC80000043616C63756C6174696E672063616CDD
:10DC90006962726174696F6E206D61747269782E49
:10DCA0002E2E0043616C6962726174696F6E20632D
:10DCB000616C63756C6174696F6E20636F6D706CFD
:10DCC0006574652E0043616C6962726174696F6E80
:10DCD0002074696D656F75742061667465722025A6
:10DCE0006420706F73657320286D696E696D756D42
:10DCF0003A2025642900417474656D7074696E67FB
:10DD0000207061727469616C2063616C6962726118
:10DD100074696F6E207769746820256420706F7352
:10DD200065732E2E2E0025733A20496E7375666634
:10DD3000696369656E7420706F73657320666F72B6
:10DD40002063616C6962726174696F6E2C20646912
:10DD50007363617264696E6720646174610041631A
:10DD600063656C65726F6D65746572206D61747248
:10DD700069783A00252E356620252E356620252E19
:10DD8000356620252E356600526573746F72696E94
:10DD9000672070726576696F75732063616C696264
:10DDA000726174696F6E004170706C79696E672082
:10DDB00063616C6962726174696F6E0046696E6955
:10DDC000736865642063616C6962726174696F6E07
:10DDD00000546865206D61676E65746F6D6574656C
:10DDE00072206D61792062652064616D6167656490
:10DDF000206F722063616C6962726174696F6E205A
:10DE0000776173206E6F7420636F6D706C657465DD
:10DE1000642070726F7065726C79004D61676E6519
:10DE2000746F6D657465722063616C696272617490
:10DE3000696F6E3A206964656E74696679207472E0
:10DE400061636B6572004D61676E65746F6D6574BB
:10DE500065722063616C6962726174696F6E2073B0
:10DE60007461727465642028726F746174652074C3
:10DE70007261636B657220696E20616C6C206F72D9
:10DE800069656E746174696F6E7329004F6E6C6999
:10DE90006E65206D61672063616C3A20636F6E76FA
:10DEA0006572676564202863763D252E33662C20D5
:10DEB0002564207570646174657329004F6E6C6908
:10DEC0006E65206D61672063616C3A20736B6970C9
:10DED00070696E67202863763D252E3366203C20CE
:10DEE000252E33662C206469725F626961733D255B
:10DEF0002E33662C20256420757064617465732947
:10DF0000004F6E6C696E65206D61672063616C3ACD
:10DF1000204356206F6B20627574206469725F62C3
:10DF20006961733D252E3366203E3D20302E313011
:10DF30002C20636F6E74696E75696E67004F6E6C2E
:10DF4000696E65206D61672063616C3A206E65655E
:10DF500064206D6F726520726F746174696F6E20DA
:10DF6000287261775F72616E67653D252E3366208A
:10DF70003C20252E33662C20256420726563656E57
:10DF8000742073616D706C657329004F6E6C696EDF
:10DF900065206D61672063616C3A20656E76206351
:10DFA00068616E67652064657465637465642028C4
:10DFB000627566206E6F726D20252E3366202D3EB1
:10DFC00020252E33662C20726174696F20252E3235
:10DFD00066292C20726573657474696E672062759A
:10DFE0006666657273004F6E6C696E65206D616761
:10DFF0002063616C3A20636F766572616765207299
:10E0000061775F72616E67653D252E33662C2064F3
:10E0100069725F626961733D252E33662C206E3D07
:10E020002564004F6E6C696E65206D6167206361C9
:10E030006C3A20636865636B206661696C65642077
:10E0400028256420726563656E742073616D706C41
:10E0500065732C206469725F626961733D252E339C
:10E060006629004F6E6C696E65206D616720636183
:10E070006C3A20626C656E642076616C69646174D0
:10E08000696F6E206661696C65642C20736B6970C2
:10E0900070696E6720757064617465004F6E6C699D
:10E0A0006E65206D61672063616C3A206C6F77202C
:10E0B00073696D3D252E33662061636365707465F9
:10E0C0006420286561726C7920626F6F747374725A
:10E0D00061702023256429004F6E6C696E65206D88
:10E0E00061672063616C3A2072656A656374696E6A
:10E0F000672063616E646964617465202873696D6B
:10E100003D252E3366203C20302E38352C2063757B
:10E110007272656E742063763D252E3366206973B6
:10E1200020676F6F6420E2809420706F7373696260
:10E130006C65206D69786564206461746129004FA5
:10E140006E6C696E65206D61672063616C3A207248
:10E15000656A656374696E672063616E6469646192
:10E160007465202873696D3D252E3366203C203070
:10E170002E38352C2063757272656E742063763D7F
:10E18000252E336620E2809420696E636F6D706C7B
:10E190006574652F6469727479206275666665724C
:10E1A0003F29004F6E6C696E65206D616720636169
:10E1B0006C3A20626C656E64656420282325642CAB
:10E1C0002025642073616D706C65732C2064697206
:10E1D0005F626961733D252E33662C206375725F23
:10E1E00063763D252E33662C2073696D3D252E33D5
:10E1F0006629004F6E6C696E65206D6167206361F2
:10E200006C3A2066697273742063616C6962726132
:10E2100074696F6E2028256420726563656E7420B2
:10E2200073616D706C65732C206469725F626961E3
:10E23000733D252E336629004F6E6C696E65206D27
:10E2400061672063616C206170706C6965643A007D
:10E2500025733A20416E6F746865722063616C6942
:10E2600062726174696F6E2069732072756E6E6977
:10E270006E672E2043616E6E6F7420636C656172F1
:10E2800020542D43616C20646174612E00457272CC
:10E290006F723A20416E6F746865722063616C69B9
:10E2A00062726174696F6E2069732072756E6E6937
:10E2B0006E672E0A00436C656172696E6720616C3F
:10E2C0006C206D616E75616C20542D43616C20640F
:10E2D0006174612E00436C656172696E6720445FF2
:10E2E0006F666673657420616C6F6E672077697402
:10E2F0006820542D43616C206461746100416C6C32
:10E300002074656D70657261747572652063616CEF
:10E310006962726174696F6E206461746120616EFC
:10E320006420445F6F66667365742068617665205B
:10E330006265656E20636C65617265642E0A0025F6
:10E34000733A20416E6F746865722063616C696214
:10E35000726174696F6E2069732072756E6E696E7A
:10E36000672E2043616E6E6F742072656D6F7665E7
:10E3700020542D43616C20706F696E742E004572BD
:10E38000726F723A20496E64657820256420697343
:10E39000206F7574206F662076616C6964207261ED
:10E3A0006E676520283020746F202564292E0A00AE
:10E3B00052656D6F76696E6720542D43616C2070D5
:10E3C0006F696E7420617420696E646578202564BD
:10E3D0002E00506F696E7420617420696E646578D8
:10E3E0002025642072656D6F7665642E205265630A
:10E3F000616C63756C6174696E67204D4C5320735A
:10E40000746174652E2E2E0A004E6F206461746153
:10E4100020666F756E6420617420696E6465782073
:10E4200025642E204E6F7468696E6720746F2072A9
:10E43000656D6F76652E0A00542D43616C20417521
:10E44000746F2D63616C6962726174696F6E2025EF
:10E450007300542D43616C204175746F3A204E6FE8
:10E460002063616C6962726174696F6E20646174AB
:10E4700061206578697374732C207265717565739A
:10E4800074696E6720696E697469616C2063616C80
:10E490006962726174696F6E20617420252E326624
:10E4A0004300542D43616C3A205175616C69747955
:10E4B00020636865636B20706173736564202D2031
:10E4C000256420706F696E74732077697468207793
:10E4D000656967687420617420252E3266432028A0
:10E4E00072616E67653A205B252E3266432C2025CB
:10E4F0002E3266435D29006C6F776572007570700F
:10E5000065720043616C6962726174696E67206D47
:10E5100061696E20616363656C65726F6D657465BA
:10E520007220616E64206779726F73636F7065200B
:10E530007A65726F2072617465206F6666736574A8
:10E540000053757370656E64696E672073656E73D2
:10E550006F72207468726561640052756E6E696EC8
:10E560006720424D4932373020636F6D706F6E65A2
:10E570006E742072657472696D6D696E67005265A4
:10E5800073756D696E672073656E736F7220746842
:10E590007265616400494D552073706563696669F1
:10E5A000632063616C6962726174696F6E20776168
:10E5B00073206E6F7420636F6D706C65746564207A
:10E5C00070726F7065726C790046696E6973686508
:10E5D0006420494D552073706563696669632063E3
:10E5E000616C6962726174696F6E00526561646921
:10E5F0006E6720646174610054656D70657261744A
:10E6000075726520696E73746162696C69747920D2
:10E610006465746563746564004779726F73636FD2
:10E62000706520626961733A20252E356620252E9B
:10E63000356620252E356600542D43616C206175AA
:10E64000746F2D63616C6962726174696F6E2065AD
:10E650006E61626C65643A20736176696E672074DE
:10E660006F207463616C2064617461206F6E6C79DB
:10E670002C206E6F74207570646174696E672067FA
:10E6800079726F206269617300542D43616C3A2086
:10E69000457863656C6C656E7420636F7665726136
:10E6A000676520617420252E3266432028636C6FD5
:10E6B000736573743A20252E326643206177617941
:10E6C0002C2077697468696E2073616D706C696E57
:10E6D0006720696E74657276616C2900542D436100
:10E6E0006C3A20436F76657261676520696E737559
:10E6F0006666696369656E7420617420252E3266D2
:10E700004320286D697373696E6720257320626FDB
:10E71000756E642C20636C6F736573743A20252EBC
:10E720003266432900542D43616C3A20436F76656D
:10E730007261676520696E73756666696369656E87
:10E740007420617420252E3266432028636C6F7319
:10E750006573743A20252E326643203E2074687219
:10E760006573686F6C643A20252E32664329005425
:10E770002D43616C3A20436F766572616765207343
:10E78000756666696369656E7420617420252E3232
:10E7900066432C20736B697070696E6720706F69B7
:10E7A0006E74207361766500542D43616C3A20537A
:10E7B0006176696E672063616C6962726174696F0A
:10E7C0006E20706F696E742061742061766572616D
:10E7D00067652074656D7020252E3266432028728F
:10E7E000616E67653A20252E3266432900542D4319
:10E7F000616C3A20426C656E64696E67207769745B
:10E8000068206578697374696E6720706F696E74CB
:10E8100020286469723A2025732C20616C7068612D
:10E820003A20252E32662900542D43616C3A20543B
:10E83000656D706572617475726520252E32664350
:10E84000206973206F75747369646520746865202E
:10E85000636F6E666967757265642063616C696277
:10E86000726174696F6E2072616E67652E20506FE1
:10E87000696E74206E6F742073617665642E005328
:10E880006176696E67206779726F206269617320B3
:10E89000746F204E565320286175746F2074636125
:10E8A0006C206E6F7420656E61626C656429004235
:10E8B0006F6F742043616C3A20536B697070696E9E
:10E8C0006720445F6F66667365742063616C63756F
:10E8D0006C6174696F6E202D20696E737566666950
:10E8E0006369656E7420542D43616C207175616C91
:10E8F00069747900426F6F742043616C3A204F6EE7
:10E900006C792025752063616C6962726174696F2E
:10E910006E20706F696E742873292C206E65656493
:10E92000206D6F7265207468616E203420666F728E
:10E930002072656C6961626C65206F6666736574D0
:10E9400000426F6F742043616C3A204375727265A8
:10E950006E742074656D7020252E326643206F75AD
:10E9600074736964652063616C6962726174656463
:10E970002072616E6765205B252E3266432C202550
:10E980002E3266435D00445F6F66667365743A209D
:10E990005573696E67204D4C53206D6574686F64C4
:10E9A00000445F6F66667365743A20426173656CFC
:10E9B000696E652028257329205B252E35662C205D
:10E9C000252E35662C20252E35665D206174207439
:10E9D000656D7020252E326643004D4C5300257323
:10E9E0003A20445F6F66667365743A204661696CCD
:10E9F000656420746F2063616C63756C617465205D
:10EA000063757276652062696173206465737069ED
:10EA100074652070617373696E67207175616C69CC
:10EA2000747920636865636B00445F6F6666736525
:10EA3000743A2043616C63756C61746564205B2576
:10EA40002E35662C20252E35662C20252E35665D2C
:10EA5000202873746F72656420696E20726574611A
:10EA6000696E6564206D656D6F7279290053656EFE
:10EA7000736F72206E6F7420696E697469616C695E
:10EA80007A65643B20736B697070696E672073747C
:10EA900061727475702063616C6962726174696F10
:10EAA0006E2076616C69646174696F6E0025733ADB
:10EAB00020542D43616C3A20496E76616C69642064
:10EAC000706F696E7420636F756E742025752028D1
:10EAD0006D6178202564292C2072657365747469D2
:10EAE0006E6700542D43616C3A20537461727469EF
:10EAF0006E6720696E6372656D656E74616C204C23
:10EB00005554206275696C6420617420737461725D
:10EB1000747570202863757272656E742074656DEB
:10EB2000703A20252E3166C2B0432900542D43612E
:10EB30006C3A2043616E6E6F74206275696C64205C
:10EB40004C5554202D2074656D706572617475721A
:10EB500065206E6F7420617661696C61626C65001E
:10EB6000426F6F742043616C3A2053746172746910
:10EB70006E6720626F6F742063616C69627261748A
:10EB8000696F6E0025733A20426F6F742043616C89
:10EB90003A20496E76616C69642074656D706572A7
:10EBA000617475726500426F6F742043616C3A2026
:10EBB000446576696365206E6F742073746174694F
:10EBC0006F6E61727900426F6F742043616C3A20FE
:10EBD0004D6178696D756D20617474656D707473C5
:10EBE000202825642920726561636865642C20678C
:10EBF0006976696E6720757000426F6F742043619B
:10EC00006C3A205374617274696E67206269617333
:10EC100020636F6C6C656374696F6E2028342D36C9
:10EC2000207365636F6E6473292E2E2E00426F6F02
:10EC3000742043616C3A204D6F74696F6E20646577
:10EC400074656374656420647572696E6720636FB0
:10EC50006C6C656374696F6E0025733A20426F6F48
:10EC6000742043616C3A2054696D656F757420643B
:10EC70007572696E6720636F6C6C656374696F6E23
:10EC800000426F6F742043616C3A2054656D70656B
:10EC900072617475726520756E737461626C652043
:10ECA000647572696E6720636F6C6C656374696FFD
:10ECB0006E00426F6F742043616C3A20436F6C6C3E
:10ECC00065637465642062696173205B252E356617
:10ECD0002C20252E35662C20252E35665D2061746E
:10ECE0002074656D7020252E326643202872616E77
:10ECF00067653A20252E3266432900426F6F7420E3
:10ED000043616C3A204D6178696D756D2061747452
:10ED1000656D7074732028256429207265616368AD
:10ED2000656400426F6F742043616C3A20542D4338
:10ED3000616C207175616C69747920696E73756698
:10ED400066696369656E742C2074726967676572A1
:10ED5000696E672073696E676C652D7369646520E1
:10ED600063616C6962726174696F6E0025733A2029
:10ED7000426F6F742043616C3A204661696C656430
:10ED800020746F2063616C63756C61746520445FEF
:10ED90006F666673657400426F6F742043616C3AEE
:10EDA00020436F6D706C6574656420737563636573
:10EDB000737366756C6C7920617420252E326643FE
:10EDC0002028757074696D653A20256C6C64206D1F
:10EDD00073290052756E74696D652043616C3A2029
:10EDE0005374617274696E6720717569636B207A00
:10EDF00065726F20626961732063616C6962726120
:10EE000074696F6E20287E33207365636F6E647340
:10EE1000290025733A2052756E74696D652043612F
:10EE20006C3A20496E76616C69642074656D70651A
:10EE30007261747572650052756E74696D652043F8
:10EE4000616C3A205374617274696E672062696103
:10EE50007320636F6C6C656374696F6E2028256422
:10EE6000207365636F6E6473292E2E2E0052756EAB
:10EE700074696D652043616C3A204D6F74696F6EE3
:10EE800020646574656374656420647572696E6777
:10EE900020636F6C6C656374696F6E0025733A2034
:10EEA00052756E74696D652043616C3A2054696DCA
:10EEB000656F757420647572696E6720636F6C6C22
:10EEC000656374696F6E0052756E74696D65204379
:10EED000616C3A2054656D7065726174757265205D
:10EEE000756E737461626C6520647572696E6720FB
:10EEF000636F6C6C656374696F6E0052756E7469D4
:10EF00006D652043616C3A20436F6C6C656374657A
:10EF1000642062696173205B252E35662C20252EC6
:10EF200035662C20252E35665D2061742074656D54
:10EF30007020252E326643202872616E67653A2064
:10EF4000252E326643290052756E74696D65204323
:10EF5000616C3A204269617320636F6C6C65637405
:10EF6000696F6E206661696C656420286572723A0B
:10EF7000202564290025733A2052756E74696D65E9
:10EF80002043616C3A204661696C656420746F208F
:10EF900063616C63756C61746520445F6F66667352
:10EFA00065740052756E74696D652043616C3A201A
:10EFB000436F6D706C6574656420617420252E321A
:10EFC00066432C20445F6F666673657420757064B9
:10EFD000617465640025733A2053656E73697469C2
:10EFE000766974792063616C6962726174696F6EAD
:10EFF0003A20696E76616C696420706172616D653A
:10F0000074657273004779726F2073656E736974EB
:10F010006976697479206175746F2D63616C6962BA
:10F02000726174696F6E206661696C65643A20690B
:10F030006E76616C696420706172616D6574657271
:10F04000732E0A0053656E7369746976697479204A
:10F0500063616C6962726174696F6E3A206178698C
:10F06000732025632C202575207265762028252E97
:10F07000316620646567206578706563746564290E
:10F080000053656E73697469766974792063616C85
:10F090006962726174696F6E3A20686F6C64207384
:10F0A00074696C6C0053656E736974697669747900
:10F0B0002063616C6962726174696F6E3A20747268
:10F0C00061636B6572206E6F74207374696C6C2C55
:10F0D0002061626F7274696E67004779726F207386
:10F0E000656E7369746976697479206175746F2DC2
:10F0F00063616C6962726174696F6E206661696CCC
:10F1000065643A20747261636B6572207761732065
:10F110006E6F74207374696C6C2E0A0053656E7385
:10F12000697469766974792063616C69627261746B
:10F13000696F6E3A206779726F2074696D656F75BB
:10F140007420647572696E6720626961732C206136
:10F15000626F7274696E67004779726F2073656EB3
:10F160007369746976697479206175746F2D636150
:10F170006C6962726174696F6E206661696C656446
:10F180003A206779726F2074696D656F75742077A6
:10F1900068696C65206D6561737572696E67206260
:10F1A0006961732E0A0053656E73697469766974B8
:10F1B000792063616C6962726174696F6E3A206E66
:10F1C0006F20626961732073616D706C65732C20B0
:10F1D00061626F7274696E67004779726F20736540
:10F1E0006E7369746976697479206175746F2D63C3
:10F1F000616C6962726174696F6E206661696C65C9
:10F20000643A206E6F20626961732073616D706C67
:10F2100065732E0A0053656E736974697669747933
:10F220002063616C6962726174696F6E3A20626911
:10F23000617320252E346620252E346620252E3439
:10F2400066206470730053656E73697469766974BF
:10F25000792063616C6962726174696F6E3A2073C0
:10F2600070696E2074686520747261636B657220CA
:10F2700061626F7574207468652025632061786908
:10F2800073206E6F770053656E7369746976697465
:10F29000792063616C6962726174696F6E3A206E85
:10F2A0006F207370696E2064657465637465642C87
:10F2B0002061626F7274696E67004779726F2073A4
:10F2C000656E7369746976697479206175746F2DE0
:10F2D00063616C6962726174696F6E206661696CEA
:10F2E00065643A206E6F207370696E206465746582
:10F2F000637465642E0A0053656E73697469766978
:10F3000074792063616C6962726174696F6E3A200E
:10F310007265636F7264696E670053656E736974BA
:10F3200069766974792063616C6962726174696F6E
:10F330006E3A206779726F2074696D656F757420FD
:10F34000647572696E67207370696E2C2061626FDC
:10F350007274696E67004779726F2073656E7369A6
:10F36000746976697479206175746F2D63616C6955
:10F3700062726174696F6E206661696C65643A20BF
:10F380006779726F2074696D656F7574206475722A
:10F39000696E67207370696E2E0A0053656E73691B
:10F3A0007469766974792063616C696272617469E9
:10F3B0006F6E3A207370696E20646964206E6F749A
:10F3C00020636F6D706C65746520696E2074696D63
:10F3D000652C2061626F7274696E67004779726F85
:10F3E0002073656E736974697669747920617574C8
:10F3F0006F2D63616C6962726174696F6E20666102
:10F40000696C65643A207370696E20646964206E6B
:10F410006F7420636F6D706C65746520696E207405
:10F42000696D652E0A0053656E7369746976697437
:10F43000792063616C6962726174696F6E3A206DE4
:10F440006561737572656420616E676C6520746FA9
:10F450006F20736D616C6C2C2061626F7274696EC9
:10F4600067004779726F2073656E73697469766996
:10F470007479206175746F2D63616C696272617457
:10F48000696F6E206661696C65643A206D656173B1
:10F490007572656420616E676C6520746F6F207390
:10F4A0006D616C6C2E0A0053656E736974697669C0
:10F4B00074792063616C6962726174696F6E3A205D
:10F4C0006D6561737572656420252E3266206465F2
:10F4D000672C20657870656374656420252E32661C
:10F4E000206465672C206F7665722D726F7461746D
:10F4F000696F6E20252E3266206465672C206F664A
:10F50000662D6178697320252E33660053656E730E
:10F51000697469766974792063616C696272617477
:10F52000696F6E3A20636F6D7075746564207363E4
:10F53000616C6520252E35660053656E73697469AC
:10F54000766974792063616C6962726174696F6E47
:10F550003A20636F6D7075746564206E6F6E2D66F2
:10F56000696E697465207363616C652C206E6F74BD
:10F57000206170706C696564004779726F207365F3
:10F580006E7369746976697479206175746F2D631F
:10F59000616C6962726174696F6E2072656A65631D
:10F5A0007465643A20696E76616C69642073636186
:10F5B0006C652E204E6F7468696E67207361766586
:10F5C000642E0A0053656E736974697669747920D4
:10F5D00063616C6962726174696F6E3A206F66660E
:10F5E0002D6178697320726174696F20252E3366EE
:10F5F0002061626F766520252E33662C206E6F7435
:10F60000206170706C696564004779726F20736562
:10F610006E7369746976697479206175746F2D638E
:10F62000616C6962726174696F6E2072656A65638C
:10F630007465643A20746F6F206D756368206F661F
:10F64000662D61786973206D6F74696F6E2028254F
:10F650002E3266203E20252E3266292E204E6F74D3
:10F6600068696E672073617665642E0A0053656E63
:10F6700073697469766974792063616C6962726117
:10F6800074696F6E3A207363616C6520252E356650
:10F69000206F7574206F662072616E6765205B2530
:10F6A0002E32662C20252E32665D2C206E6F742043
:10F6B0006170706C696564004779726F2073656E64
:10F6C0007369746976697479206175746F2D6361EB
:10F6D0006C6962726174696F6E2072656A656374C9
:10F6E00065643A206D6561737572656420252E32FC
:10F6F000662064656720666F7220252E326620645E
:10F7000065672C207363616C6520252E3566206F3C
:10F7100075747369646520252E32662E2E252E326F
:10F72000662E204571756976616C656E742073650F
:10F730006E732064696666206F7665722025752079
:10F740007265763A20252E3366206465672E204E3A
:10F750006F7468696E672073617665642E0A002590
:10F76000733A2053656E736974697669747920639E
:10F77000616C6962726174696F6E3A20726574615E
:10F78000696E6564206461746120756E617661697B
:10F790006C61626C652C206E6F74206170706C6996
:10F7A0006564004779726F2073656E73697469765A
:10F7B000697479206175746F2D63616C696272611F
:10F7C00074696F6E206661696C65643A2072657455
:10F7D00061696E6564206461746120756E61766133
:10F7E000696C61626C652E0A0053656E7369746999
:10F7F000766974792063616C6962726174696F6E95
:10F800003A2061786973202563207363616C6520F9
:10F8100073657420746F20252E3566004779726FEA
:10F820002073656E73697469766974792061757483
:10F830006F2D63616C6962726174696F6E207361B0
:10F840007665643A20617869732025632C207363A0
:10F85000616C6520252E35662C2065717569766191
:10F860006C656E742073656E732064696666206FC4
:10F87000766572202575207265763A20252E3366CE
:10F88000206465672C206F66662D6178697320257A
:10F890002E32662E204178697320616C69676E6D27
:10F8A000656E7420776173206C6F6F73653B207297
:10F8B0006570656174696E67206D617920696D702E
:10F8C000726F76652061636375726163792E0A00D9
:10F8D0004779726F2073656E73697469766974799C
:10F8E000206175746F2D63616C6962726174696FF8
:10F8F0006E2073617665643A2061786973202563B0
:10F900002C207363616C6520252E35662C20657173
:10F91000756976616C656E742073656E73206469B9
:10F920006666206F766572202575207265763A20AE
:10F93000252E3366206465672C206F66662D6178FE
:10F94000697320252E32662E0A0025733A204D61F8
:10F95000676E65746F6D6574657220776169742078
:10F9600074696D6564206F7574004D616720636113
:10F970006C20636865636B3A2025642073616D7049
:10F980006C65732C206D696E5F72616E67653D25D5
:10F990002E326620286E65656420252E3266292C5D
:10F9A000207261775F72616E67653D252E33662038
:10F9B000286E65656420252E336629004D61672019
:10F9C00063616C3A206E656564206D6F72652072AC
:10F9D0006F746174696F6E2C206B6565702074752F
:10F9E000726E696E67004D61672063616C2072659D
:10F9F0006164793A2025642073616D706C65732CA5
:10FA0000206D696E5F72616E67653D252E326600FE
:10FA10004D61672063616C3A206E6F74207265617E
:10FA20006479207965742C206B65657020726F7421
:10FA30006174696E67202825642073616D706C6540
:10FA40007329004D61672063616C3A20256420733F
:10FA5000616D706C657320636F6C6C656374656455
:10FA60000043616C6962726174696E67206D6167E1
:10FA70006E65746F6D6574657220686172642F7352
:10FA80006F66742069726F6E206F666673657400AE
:10FA90004D61676E65746F6D65746572206D61741C
:10FAA0007269783A00542D43616C204C55543A20C9
:10FAB0004261636B67726F756E64206275696C6416
:10FAC00020636F6D706C657465202825642F256434
:10FAD00020656E74726965732900426F6F742043EC
:10FAE000616C3A2054696D652077696E646F772088
:10FAF000657870697265642028757074696D653AFF
:10FB000020256C6C64206D73292C20676976696EE2
:10FB10006720757000426F6F742043616C3A205704
:10FB2000696C6C2075736520542D43616C20646191
:10FB300074612028257520706F696E7473292066A2
:10FB40006F7220445F6F66667365742063616C63D7
:10FB5000756C6174696F6E00426F6F742043616CE5
:10FB60003A20496E73756666696369656E742054E0
:10FB70002D43616C20706F696E7473202825752089
:10FB80003C3D202564292C20736B697070696E6779
:10FB900020626F6F742063616C6962726174696F57
:10FBA0006E00426F6F742043616C3A204E6F205498
:10FBB0002D43616C20646174612C20736B697070DB
:10FBC000696E6720626F6F742063616C6962726135
:10FBD00074696F6E00426F6F742043616C3A204904
:10FBE0006E2074696D652077696E646F77202835A3
:10FBF0002D333073292C20757074696D653A20257A
:10FC00006C6C64206D732C2077616974696E672059
:10FC1000666F722073746174696F6E6172792063AC
:10FC20006F6E646974696F6E2E2E2E00426F6F7452
:10FC30002043616C3A205265717565737465642068
:10FC400063616C6962726174696F6E207468726F4F
:10FC50007567682063616C6962726174696F6E2098
:10FC600074687265616400456E61626C656400442D
:10FC7000697361626C656400426F6F742043616CEC
:10FC80003A20257300542D43616C20636F6D7065BD
:10FC90006E736174696F6E20616C72656164792046
:10FCA000257300542D43616C20636F6D70656E7316
:10FCB0006174696F6E202573202870657273697393
:10FCC0007465642900426F6F742043616C3A20535D
:10FCD00074617465207265736574202877696C6C33
:10FCE00020726563616C696272617465206F6E2059
:10FCF0006E65787420626F6F742900596573004EC9
:10FD00006F00556E6B6E6F776E00474F4F44202D1E
:10FD1000205375697461626C6520666F7220626F32
:10FD20006F742063616C6962726174696F6E202800
:10FD30004D4C532900494E53554646494349454E7B
:10FD400054202D204E656564206D6F7265206361BF
:10FD50006C6962726174696F6E20706F696E747322
:10FD6000004661696C65642F536B6970706564004F
:10FD70004E6F74207965740054656D70657261749E
:10FD80007572652043616C6962726174696F6E207F
:10FD900053746174757320284D4C53293A0A00201E
:10FDA000202D204D4C5320617661696C61626C6539
:10FDB0003A2025730A0020202D20506F696E74733D
:10FDC00020636F6C6C65637465643A202575202F21
:10FDD0002025640A0020202D204C55542076616C8B
:10FDE00069643A2025732C2073746174653A202568
:10FDF000732C20656E74726965733A2025642F2513
:10FE0000640A0020202D2043616C69627261746570
:10FE1000642074656D702072616E67653A20252ECE
:10FE200032664320746F20252E3266430A0020205C
:10FE30002D2043616C6962726174696F6E20717507
:10FE4000616C6974793A2025730A000A426F6F74F5
:10FE50002F52756E74696D652043616C69627261C1
:10FE600074696F6E205374617475733A0A002020B0
:10FE70002D20445F6F66667365743A205B252E35CE
:10FE8000662C20252E35662C20252E35665D2064B7
:10FE900070730A0020202D20426F6F742043616C24
:10FEA00020636F6D706C657465643A205965730AE0
:10FEB0000020202D20445F6F66667365743A204EE3
:10FEC0006F7420617661696C61626C650A00202044
:10FED0002D20426F6F742043616C20636F6D706CD6
:10FEE000657465643A2025730A0020202D204C613A
:10FEF00073742063616C6962726174696F6E2074DF
:10FF0000656D703A20004E2F410A0020202D2043BD
:10FF1000757272656E742074656D703A20252E328C
:10FF20006643002028646966663A20252E326643BF
:10FF30002C207468726573686F6C643A20252E31CA
:10FF40006643290020202D2052756E74696D65204E
:10FF500043616C206C6173743A2000256C6C6420E2
:10FF60007365636F6E64732061676F0A004E6F7410
:10FF70002079657420706572666F726D65640A0021
:10FF800020202D2043757272656E74207265737423
:10FF9000206475726174696F6E3A20256C6C642000
:10FFA0006D732028747269676765722061742025FB
:10FFB00064206D73290A0020202D2042696173207E
:10FFC000747261636B696E67206D6F64653A20546B
:10FFD0002D43616C202B20445F6F66667365740A45
:10FFE0000020202D204269617320747261636B6967
:10FFF0006E67206D6F64653A205374617469632085
:0200000270008C
:100000006779726F42696173202B20445F6F666667
:100010007365740A004E6F2063616C69627261746B
:10002000696F6E206461746120617661696C6162E0
:100030006C652E0A000A3D3D3D20542D43616C2025
:100040004D6574686F6420436F6D70617269736F82
:100050006E20617420252E326643203D3D3D0A000E
:10006000546F74616C2063616C6962726174696F52
:100070006E20706F696E74733A2025750A0A00430A
:10008000616C696272617465642072616E67653A61
:1000900020252E32664320746F20252E3266430AB7
:1000A00000546573742074656D7020697320252E6B
:1000B0003266432042454C4F572063616C6962723F
:1000C000617465642072616E67650A0054657374BB
:1000D0002074656D7020697320252E32664320419F
:1000E000424F56452063616C696272617465642099
:1000F00072616E67650A00546573742074656D7073
:100100002069732057495448494E2063616C6962E5
:1001100072617465642072616E67650A004D4C53AC
:10012000204D6574686F64202862616E647769642D
:1001300074683D252E316643293A0A002020426921
:1001400061733A205B252E35662C20252E35662CD2
:1001500020252E35665D206470730A004D4C5320B7
:100160004D6574686F643A204641494C45440A0025
:100170004D4C53204D6574686F643A204E6F742067
:10018000656E6F75676820706F696E747320286E76
:10019000656564203E3D202564290A0A00416464A7
:1001A0006974696F6E616C204F6666736574733A2B
:1001B0000A002020426F6F742063616C20445F6FDF
:1001C00066667365743A205B252E35662C20252ED5
:1001D00035662C20252E35665D206470730A004636
:1001E000696E616C20456666656374697665204258
:1001F00069617320286173206170706C6965642087
:10020000746F206779726F2064617461293A0A0003
:10021000202046616C6C6261636B20746F20737484
:100220006174696320626961733A205B252E3566CB
:100230002C20252E35662C20252E35665D206470F9
:10024000730A002020284E6F2076616C6964205468
:100250002D43616C206D6574686F642061766169FF
:100260006C61626C65290A002020546F74616C3ADD
:10027000205B252E35662C20252E35662C20252E3C
:1002800035665D206470730A0020204D6574686FC8
:10029000643A2025732028556E6966696564205389
:1002A000747261746567793A204D4C53202D3E205D
:1002B000537461746963290A000A3D3D3D20456E0F
:1002C00064206F6620542D43616C204D6574686F07
:1002D0006420436F6D70617269736F6E203D3D3DA8
:1002E0000A0049646C65004275696C64696E672038
:1002F0007072696F72697479207A6F6E65004261FD
:10030000636B67726F756E64206275696C6400431D
:100310006F6D706C6574650063616C6962726174A5
:10032000696F6E5F7468726561645F6964007365AC
:100330006E736F725F7463616C5F72656D6F76650B
:100340005F706F696E740073656E736F725F746354
:10035000616C5F636C6561720073656E736F725F71
:10036000726571756573745F63616C6962726174E3
:10037000696F6E5F73656E730073656E736F725F26
:10038000776169745F6D61670073656E736F725F2B
:1003900063616C6962726174696F6E5F72657175B9
:1003A0006573740073656E736F725F63616C69620D
:1003B000726174655F73656E730073656E736F72DF
:1003C0005F72756E74696D655F626961735F636F9B
:1003D0006C6C6563740073656E736F725F706572C9
:1003E000666F726D5F72756E74696D655F63616C67
:1003F0006962726174696F6E0073656E736F725FAC
:100400007463616C5F63616C63756C6174655F6478
:100410006F66667365740073656E736F725F626F8B
:100420006F745F626961735F636F6C6C65637400A6
:1004300073656E736F725F706572666F726D5F6207
:100440006F6F745F63616C6962726174696F6E0073
:1004500073656E736F725F63616C696272617465FC
:100460005F365F736964650073656E736F725F7783
:100470006169745F6779726F0073656E736F725F25
:10048000776169745F616363656C0073656E736F38
:10049000725F7463616C5F6D6C735F6C6F6F6B75B3
:1004A000700063616C6962726174696F6E5F746819
:1004B000726561640025733A20436F6D6D756E69D6
:1004C000636174696F6E206572726F72004649468F
:1004D0004F207265616420627566666572206C6982
:1004E0006D697420726561636865642C20256420E1
:1004F0007061636B6574732064726F707065640003
:1005000025733A2041534943206E6F7420696E6908
:100510007469616C697A65642C2075706C6F6164B4
:10052000696E6720636F6E6669672066696C650037
:1005300025733A204661696C656420746F20696E8A
:10054000697469616C697A65204153494300257378
:100550003A204153494320696E697469616C697A34
:10056000656400457865637574696F6E20737461A6
:100570007475733A20307825303258004D6F7469A5
:100580006F6E206465746563746564206475726958
:100590006E6720435254004761696E3A20307825D7
:1005A0003032582C203078253032582C20307825A5
:1005B00030325800626D695F63727400626D695F0A
:1005C00073657475705F574F4D00626D695F736539
:1005D0007475705F4452445900626D695F74656D53
:1005E000705F7265616400626D695F6779726F5FE9
:1005F0007265616400626D695F616363656C5F72FF
:1006000065616400626D695F6669666F5F726561EE
:100610006400626D695F7570646174655F6F6472B8
:1006200000626D695F73687574646F776E006661F0
:1006300063746F725F7A785F726561640075706C65
:100640006F61645F636F6E6669675F66696C6500A2
:10065000617369635F696E697400626D695F696E79
:10066000697400027F00800080017F0080008000AC
:1006700080424D49323730000D0C0B0A090807063D
:100680000C0B0A090807060504030201C82E002EF8
:10069000802E3DB1C82E002E802E9103802EBCB03E
:1006A000802EA303C82E002E802E00B05030212EA5
:1006B00059F51030212E6AF5802E3B030000000012
:1006C000081901002200750000100010D100B3438A
:1006D000802E00C1802E00C1802E00C1802E00C15E
:1006E000802E00C1802E00C1802E00C1802E00C14E
:1006F000802E00C1802E00C1802E00C1802E00C13E
:10070000802E00C1802E00C1802E00C1802E00C12D
:10071000802E00C1802E00C1802E00C1802E00C11D
:10072000802E00C1802E00C1802E00C1802E00C10D
:10073000802E00C1802E00C1802E00C1802E00C1FD
:10074000802E00C1802E00C1802E00C1802E00C1ED
:10075000802E00C1802E00C1802E00C1802E00C1DD
:10076000802E00C1802E00C1802E00C1802E00C1CD
:10077000802E00C1802E00C1E05F0000000001005B
:1007800000000000000000000000920000000000D7
:100790000000000000000000000000000819000038
:1007A000880000000000000005E0AA3805E0903055
:1007B000FA0096004B091100110002002D01D47BB4
:1007C0003B01DB7A04003F7BCD6CC3048509C30485
:1007D000ECE60C460100270019009600A00001007D
:1007E0000C00F03C00010100030001000E000000BD
:1007F00032000500EE060400C80000000400A80551
:10080000EE060004BC02B3008507000000000000F3
:100810000000000000000000000000000000B40024
:100820000100B90001009800000000000000000075
:100830000100800004000000000000000000000033
:1008400000000000000000000000000000000000A8
:100850000000000000000000000000000000000098
:100860000000000000000000000000000000000088
:100870000000000000000000000000000000000078
:10088000000000000000802E00C1FD2DDE00EB0006
:10089000DA00000CFF0F0004C0005BF5C9011EF276
:1008A00080003FFF19F458F566F564F5C0F1F000DB
:1008B000E000CD01D301DB01FF7FFF01E40074F70D
:1008C000F300FA00FF3FCA036C3856FE44FDBC0239
:1008D000F90600FC1202AE0158FA9AFD7705BB0238
:1008E000960195017F0182018901870188018A01B2
:1008F0008C018F018D0192019101DD009F017E012C
:10090000DB00B601706926D39C071F059D00000817
:10091000BC0537FAA201AA01A101A801A001A805FE
:10092000B401B401CE00D000FC00C501FFFBB10052
:1009300000380030FDF5FCF5CD01A0005FFF004060
:10094000FF0000806D0FEB007FFFC2F568F7B3F189
:10095000670F5B0F610F800F58F75BF7830F8600FF
:10096000720F850FC6F17F0F6CF700E000FFD1F525
:10097000870F8A0FFF03F03F8B008E009000B900B5
:100980002DF5CAF5CB0120F20000000000000000A8
:100990000000000000000000000000000000000057
:1009A0000000000000000000000000000000000047
:1009B0000000000000000000000000000000000037
:1009C0000000000000000000000000000000000027
:1009D0000000000000000000000000000000000017
:1009E0000000000000000000000000000000000007
:1009F00000000000000000000000000000000000F7
:100A000000000000000000000000000000000000E6
:100A100000000000000000000000000000000000D6
:100A200000000000000000000000000000000000C6
:100A300000000000000000000000000000000000B6
:100A400000000000000000000000000000000000A6
:100A50000000000000000000000000000000000096
:100A6000000000003050982ED70E5032982EFA0316
:100A70000030F07F002E002ED02E002E018008A224
:100A8000FB2F982EBA03212E1900012EEE0000B282
:100A9000072F012E190000B2032F01500352982E88
:100AA00007CC012EDD0000B2272F052E8A0005524B
:100AB000982EC7C1032EE90040B2F07F082F012E07
:100AC000190000B2042F0030212EE900982EB4B195
:100AD000012E180000B2102F0550982E4DC305505E
:100AE000982E5AC7982EF9B4982E54B2982E67B6FD
:100AF000982E17B21030212E7700012EEF0000B291
:100B0000042F982E7AB70030212EEF00012ED4004A
:100B100004AE0B2F012EDD0000B2072F0552982ED8
:100B20008E0E00B2022F1030212E7D00012E7D008E
:100B30000090902EF102012ED70000B2042F982EC3
:100B40002F0E0030212E7B00012E7B0000B2122FD1
:100B5000012ED4000090022F982E1F0E092D982EE2
:100B6000810D012ED4000490022F5032982EFA03EA
:100B70000030212E7B00012E7C0000B2902E090354
:100B8000012E7C000131010800B2042F982E47CBC2
:100B90001030212E77008130012E7C00010800B238
:100BA000612F032E8900012ED40098BC98B805B29D
:100BB0000F58232F079009540030372F1541044157
:100BC000DCBE44BEDCBA2C0161000F564A0F0C2F6C
:100BD000D14294B8C1421130052E6AF72CBD2FB90D
:100BE00080B20822982EC3B7212D6130232ED40065
:100BF000982EC3B70030212E5AF5182DE17F5030C2
:100C0000982EFA030F520750504270300D54424252
:100C10007E82E26F80B24242052F212ED400103036
:100C2000982EC3B7032D6030212ED400012ED4009E
:100C30000690182F012E76000B540752E07F982E55
:100C40007AC1E16F081A4030082F212ED4002030DD
:100C5000982EAFB75032982EFA03052D982E380EE5
:100C60000030212ED4000030212E7C00182D012EC2
:100C7000D40003AA012F982E450E012ED4003F80E8
:100C800003A2012F002E022D982E5B0E3030982EDD
:100C9000CEB70030212E7D005032982EFA03012E5F
:100CA000770000B2242F982EF5CB032ED5001154D7
:100CB000010ABC848386212EC901E0401352C4403E
:100CC0008240A8B9524243BE5342040A5042E17FD7
:100CD000F0314140F26F25BD0808020AD07F982EFE
:100CE000A8CF06BCD16FE26F080A8042982E58B791
:100CF0000030212EEE00212E7700212EDD00802EE7
:100D0000F4011A242200802EEC011050FB7F982E53
:100D1000F3035750FB6F013071541142420EFC2F08
:100D2000C02E0142F05F802E00C1FD2D01000000A9
:100D300000000000000000009A01340300000000E1
:100D400000000000000000000000000000000000A3
:100D50000000000000000000000000000000000093
:100D60000000000000000000000000000000000083
:100D70000000000000000000000000000000000073
:100D80000000000000000000000000000000000063
:100D90000000000000000000000000000000000053
:100DA00000000000000000000000000000002050D3
:100DB000E77FF67F06320F2E61F5FE09C0B3042FE0
:100DC00017302F2EEF002D2E61F5F66FE76FE05FE5
:100DD000C82E2050E77FF67F46300F2EA4F1BE09C3
:100DE00080B3062F0D2ED40084AF022F16302D2E87
:100DF0007B0086302D2E60F5F66FE76FE05FC82E22
:100E0000012E77F709BC0FB800B21050FB7F1030ED
:100E10000B2F032E8A0096BC9FB840B2052F032EDD
:100E200068F79EBC9FB840B2072F032E7E0041900A
:100E3000012F982EDC03032C0030212E7E00FB6F47
:100E4000F05FB82E2050E07FFB7F002E2750982EB9
:100E50003BC82950982EA7C80150982E55CCE16F59
:100E60002B50982EE0C9FB6F0030E05F212E7E00F2
:100E7000B82E7350013057541142420EFC2FB82E39
:100E8000212E59F51030C02E212E4AF19050F77FB7
:100E9000E67FD57FC47FB37FA17F907F827F7B7FFA
:100EA000982E35B700B2902E97B0032E8F00072EE4
:100EB0009100052EB1003FBA9FB8012EB100A3BD2D
:100EC0004C0A052EB10004BEBFB9CB0A4FBA22BDF1
:100ED000012EB300DC0A2FB9032EB8000ABE9A0A0D
:100EE000CFB99BBC012E97009FB8930A0FBC910A03
:100EF0000FB8900A252E1800052EC1F52EBD2EB96B
:100F0000012E190031308A040090072F012ED400E1
:100F100004A2032F012E180000B20C2F1950055205
:100F2000982E4DB7052E780080901030012F212E7D
:100F30007800252EDD00982E3EB700B20230013039
:100F4000042F012E190000B2002F2130012EEA00DB
:100F5000081A0E2F232EEA0033301B500B090140D4
:100F6000175646BE4B084C0A01420A8015520142F0
:100F7000002E012E180000B21F2F032EC0F5F030F6
:100F8000480847AA7430072E7A0061224B1A052FB1
:100F9000072E66F5BFBDBFB9C0900B2F1D562B3075
:100FA000D242DB420104C24204BDFE808184232E72
:100FB0007A0002420232252E62F5052ED600818487
:100FC000252ED6000231252E60F5052E8A000B5005
:100FD000900880B20B2F052ECAF5F03E9008252E02
:100FE000CAF5052E59F5E03F9008252E59F5906F6A
:100FF000A16FB36FC46FD56FE66FF76F7B6F826FB2
:10100000705FC82EC050907FE57FD47FC37FB17FD3
:10101000A27F877FF67F7B7F002E012E60F5607FA9
:10102000982E35B70230636F1552507F627F5A2C6D
:1010300002321A0900B3142F00B2032F092E180030
:1010400000910C2F437F982E97B71F50028A0232CF
:101050000430252E64F51552506F436F4443252EFE
:1010600060F5D908C0B2362F982E3EB700B2062FD1
:10107000012E190000B2022F506F00900A2F012E8E
:1010800079000090192F1030212E79000030982E11
:10109000DC03132D012EC3F50CBC0FB81230100465
:1010A00003B0262521500352982E4DB71030212E23
:1010B000EE000230607F252E7900606F0090052FD2
:1010C0000030212EEA001550212E64F51552232EF2
:1010D00060F50232506F0090022F0330272E780007
:1010E000072E60F51A090091A32F19090091A02F6E
:1010F000906FA26FB16FC36FD46FE56F7B6FF66FA8
:10110000876F405FC82EC050E77FF67F26300F2ED6
:1011100061F52F2E7C000F2E7C00BE09A27F807F00
:1011200080B3D57FC47FB37F917F7B7F0B2F23500C
:101130001A251240427F74821240527F002E0040D6
:10114000607F982E6AD68130012E7C00010800B2A3
:10115000422F032E8900012E890097BC06BC9FB840
:101160000FB80090232ED800103001302A2F032E04
:10117000D40044B2052F47B200302D2F212E7C0021
:101180002B2D032EFDF59EBC9FB84090142F032EEF
:10119000FCF599BC9FB840900E2F032E49F12554C1
:1011A0004A084090082F982E35B700B21030032F10
:1011B0005030212ED400102D982EAFB70030212EA4
:1011C0007C000A2D052E69F72DBD2FB980B2012FA5
:1011D000212E7D00232E7C00E031212E61F5F66F5B
:1011E000E76F806FA26FB36FC46FD56F7B6F916F26
:1011F000405FC82E60510A253688F47FEB7F0032AD
:10120000315232301330982E15CB0A253384D27FD9
:10121000433005502D52982E95C1D26F2752982EEB
:10122000D7C72A25B086C07FD37FAF842950F16FFE
:10123000982E4DC82A25AE8AAA88F26E2B50C16F0F
:10124000D36FF47F982EB6C8E06E00B2322F3354BD
:101250008386F16FC37F04303030F47FD07FB27F5C
:10126000E330C56F56404541280803140EB408BC4E
:101270008240100A2F542605917F4428A37F982E80
:10128000D9C008B933305309C16FD36FF46F8317D6
:1012900047406C15B26FBE09750B90424542510E26
:1012A00032BC0289A16F7E86F47FD07FB27F04308A
:1012B000916FD62FEB6FA05EB82E032E97001BBC4C
:1012C00060509FBC0CB8F07F40B2EB7F2B2F032EF9
:1012D0007F004140012EC800011A112F3758232EDC
:1012E000C8001041A07F38810141D07FB17F982E86
:1012F00064CFD06F0780A16F1142002EB16F014201
:101300001130012EFC0000A80330CB224A25012E0B
:101310007F003C8935520554982EC4CEC16FF06FC2
:10132000982E95CF042D0130F06F982E95CFEB6F4E
:10133000A05FB82E032EB3000232F03003313050DC
:101340008A080808CB08E07F80B2F37FDB7F252F77
:10135000032ECA004190042F0130232ECA00982E7C
:101360003F03C0B2052F032EDA0000304104232EC4
:10137000DA00982E92B21025F06F00B2052F012EE0
:10138000DA0002301004212EDA0040B2012F232EA1
:10139000C801DB6FE06FD05F802E95CF0130E06F2A
:1013A000982E95CF1130232ECA00DB6FD05FB82E58
:1013B000D0500A2533845550D27FE27F038CC07F02
:1013C000BB7F0030055A39545141A57F967F807FFD
:1013D000982ED9C00530F57F2025916F3B583D5C94
:1013E0003B56982E67CCC16FD56F52405043C17F9A
:1013F000D57F1025982EFEC91025982E74C0866FB3
:101400003028926F828CA56F6F52690E3954DB2F92
:1014100019A01530032F0030212E81010A2D012E35
:10142000810105284236212E8101020E012F982EBE
:10143000F303575012300140982EFEC9516F0B5CD8
:101440008E0E3B6F57580230212E9501456F2A8D25
:10145000D27FCB7F132F02303F50D27FA80E0E2FAA
:10146000C06F535402005154420E10305952023092
:10147000012F002E032D504242421230D27F80B203
:10148000032F0030212E8001122D012EC900028071
:10149000052E8001113091280040252E8001100E6C
:1014A000052F012E7F010190012F982EF303002EAE
:1014B000A0410190A67F902EE3B4012E950100A8D3
:1014C000902EE3B45B549580824080B202402D8C14
:1014D0003F52967F902EC2B3290E762F012EC9005F
:1014E000004081284552B330982E0FCA5D54807F4A
:1014F000002EA140727F82808240607F982EFEC9BC
:101500001025982E74C0626F05308740C09104305A
:10151000052F052E830180B21430002F0430052ED4
:10152000C900736F8140E2406904110FE140163039
:10153000FE29CB40022F836F830F222F4756130FB4
:101540001230772F4954420E1230732F00910A2F18
:10155000012E8B0119A802306C2F6350002E174208
:101560000542682C12300B25080F5030022F212E17
:101570008301032D4030212E83012B2E85015A2C0F
:10158000123000912B25042F635002301742172C84
:101590000242982EFEC91025982E74C0052EC9004F
:1015A00081845B308240372E8301020E072F5F5209
:1015B000403062404140910E012F212E83010530C1
:1015C0002B2E85011230362C16301525817F982E52
:1015D000FEC91025982E74C019A21630152F052E9D
:1015E0009701806F820E052F012E86010628212E7D
:1015F00086010B2D032E87015F544E289142002E49
:101600008240900E012F212E88010230132C0530CC
:10161000C06F081CA80F163005305B50092F0280E0
:101620002D2E820105420580002E02423E80002EB2
:1016300006420230906F3E88014004414C2801422E
:10164000078010252440004000A8F52223294442A9
:101650007A827E884340044100ABF523DF28434271
:10166000D9A0142F0090022FD26F81B2052F63549E
:10167000062890428542092C02305B500380292EB7
:101680007E012B2E8201054212302B2E83014582D2
:10169000002E40407A8202A0082F63503B30154252
:1016A00005423780372E7E0105421230012EC900D7
:1016B000028C404084417A8C040F032F012E8B0151
:1016C00019A4042F2B2E8201982EF303123081903F
:1016D0006152082F65426542438039848288054201
:1016E000454285420543002E80410090902EE1B492
:1016F0006554C16F804000B243586950442F555C17
:10170000B7878C0F0D2E9601C440362F41568B0E95
:101710002A2F0B52A10E0A2F052E8F011425982E69
:10172000FEC94B54020F695005306554152F032E26
:101730008E014D5C8E0F3A2F052E8F01982EFEC91B
:101740004F54820F053069506554302F6D5215305B
:10175000428C454204302B2C84436B52428C002E29
:1017600085431530242C45428E0F202F0D2E8E01DF
:10177000B10E1C2F232E8E011A2D0E0E172FA10F26
:10178000152F232E8D01132D982E74C04354C20E95
:101790000A2F655004800B3006820B42798041404D
:1017A0001230252E8C010142053069506554848227
:1017B0004384BE8C8440864126299442BE8ED57FC8
:1017C00019A143400B2E8C018440C7415D29272974
:1017D00045428442C27F012FC0B31D2F052E9401C4
:1017E00099A0012F80B3132F80B3182FC0B3162FE9
:1017F00012400140927F982E74C0926F100F2030DB
:10180000032F1030212E7E010A2D212E7E01072D5F
:101810002030212E7E01032D1030212E7E01C26F3B
:10182000012EC900BC84028082400040900ED56F1A
:10183000022F1530982EF30341910530072F675082
:101840003D802B2E8F0105420480002E0542022C84
:1018500000300030A26F988A864080A7052F982E0E
:10186000F303C030212E950106251A25E26F7682FA
:1018700096405643510EFB2FBB6F305FB82E012EA2
:10188000B8000131410840B22050F2300208FB7F1D
:101890000130102F052ECC008190E07F032F232EE6
:1018A000CC00982E55B6982E1DB51025FB6FE06F15
:1018B000E05F802E95CF982E95CF1030212ECC0052
:1018C000FB6FE05FB82E00510558EB7F2A25895247
:1018D0006F5A895013410640B3011642CB16064099
:1018E000F3021342650EF52F054014302C290442F3
:1018F00008A10030902E52B6B388B08AB684A47F77
:10190000C47FB57FD57F927F73300430554042400D
:101910008A17F3086B01900253B84B82ADBE717FFA
:10192000450A0954847F982ED9C0A36F7B54D042B6
:10193000A37FF27F607F2025716F755A7758795C9D
:101940007556982E67CCB16F626F5042B17FB3303D
:101950001025982E0FCA846F2029716F926FA56F82
:1019600076826A0E73300030D02FD26FD17FB47F71
:10197000982E2BB715BD0BB8020AC26FC07F982EE8
:101980002BB715BD0BB8420AC06F0817411889164E
:10199000E118D018A17F27251625982E79C08B54E1
:1019A000907FB330824080900D2F7D52926F982EA1
:1019B0000FCAB26F900E062F8B501430426F516FCA
:1019C000144212420142002E316F982E74C0416FB2
:1019D000807F982E74C0826F10044352010F052E31
:1019E000CB0000300430212F516F43588C0E04304F
:1019F0001C2F8588416F04418C0F0430162F84887A
:101A0000002E044104058C0E04300F2F8288316FA4
:101A1000044104058C0E0430082F8388002E0441F5
:101A20008C0F0430022F212EAD0114300091142FA1
:101A3000032EA10141900E2F032EAD0114304C282E
:101A4000232EAD0146A0062F81848D52488282400C
:101A5000212EA10142425C2C0230052EAA0180B247
:101A60000230552F032EA901926FB330982E0FCA62
:101A7000B26F900F003002304A2FA26F8752910050
:101A80008552510E022F002E432C0230C26F7F521E
:101A9000910E02303C2F516F8154982EFEC91025B3
:101AA000B3302125982E0FCA326FC07FB330122574
:101AB000982E0FCA426FB07FB3301225982E0FCAEE
:101AC000B26F90288352982EFEC9C26F900F0030DB
:101AD00002301D2F052EA10180B212300F2F426F50
:101AE000032EAB01910E0230122F526F032EAC0168
:101AF000910F02300C2F212EAA010A2C1230032E36
:101B0000CB008D580889414011430043252EA10187
:101B1000D46F8F5200433A89002E10431043610E58
:101B2000FB2F032EA001111A022F0225212EA00146
:101B3000EB6F005FB82E9152103002309556524232
:101B40004B0EFC2F8D548882935680425342404264
:101B500042868354C02EC242002EA35200515240EE
:101B600047401A25012E97008FBE7286FB7F0B30EF
:101B70007CBFA5501008DFBA7088F8BFCB42D37F76
:101B80006CBBFCBBC50A907F1B7F0B43C0B2E57FDB
:101B9000B77FA67FC47F902E1CB7072ED200C0B29D
:101BA0000B2F9752012ECD00827F982EBBCC0B308D
:101BB000372ED200826F906F1A2500B28B7F142FC0
:101BC000A6BD25BDB6B92FB980B2D4B00C2F99549B
:101BD0009B560B300B2EB100A1589B42DB426C0987
:101BE0002B2EB1008B42CB42867F7384A756C3084D
:101BF00039520550727F637F982EC2C0E16F626FC9
:101C0000D10A012ECD00D56FC46F726F97529D5CC3
:101C1000982E06CD236F906F9952C0B204BD5440E8
:101C2000AFB94540E17F0230062FC0B20230032F2A
:101C30009B5C12309443854303BF6FBB80B3202F5E
:101C4000066F2601166F6E034542C090292ECE0006
:101C50009B52142F9B5C002E93418641E304AE07F8
:101C600080AB042F80910A2F866F730F072F836F2D
:101C7000C0B2042F544245421230042C1130022CC1
:101C80001130113002BC0FB8D27F00B20A2F012EE2
:101C9000FC00052EC701101A022F212EC701032DAB
:101CA000022C01300130B06F982E95CFD16FA06F0C
:101CB000982E95CFE26F9F52012ECE008240504267
:101CC0000C2C42421130232ED2000130B06F982EDE
:101CD00095CFA06F0130982E95CF002EFB6F005F3F
:101CE000B82E838601300030944024180600530E2D
:101CF0004F02F92FB82EA952002E604041400DBC72
:101D000098BCC02E010A0FB8AB52533C5240404021
:101D10004B00821626B901B84140100897B8010857
:101D2000C02E11300108438625400440D8BE2C0B3C
:101D30002211544203804B0EF62FB82E9F501050A4
:101D4000AD52052ED300FB7F002E13409342410E6F
:101D5000FB2F982EA5B7982E87CF012ED90000B261
:101D6000FB6F0B2F012E69F7B13F01080130F05FC7
:101D7000232ED900212E69F7802E7AB7F05FB82E76
:101D8000012EC0F8032EFCF51554AF5682080B2E19
:101D900069F7CB0AB1588090DDBE4C085FB9592273
:101DA0008090072F0334C308F23A0A080235C09026
:101DB0004A0A4822C02E232EFCF51050FB7F982E95
:101DC00056C7982E49C31030FB6FF05F212ECC0010
:101DD000212ECA00B82E032ED30016B802344A0CA6
:101DE000212E2DF5C02E232ED30003BC212ED5008D
:101DF000032ED50040B21030212E77000130052F80
:101E0000052ED8008090012F232E6FF5C02E212E95
:101E1000D90011308108012E6AF7713F23BD0108F6
:101E2000020AC02E212E6AF730250030212E5AF5E5
:101E30001050212E7B00212E7C00FB7F982EC3B7F3
:101E40004030212ED400FB6FF05F0325802EAFB70A
:101E5000802E00C1802E00C1802E00C1802E00C1C6
:101E6000802E00C1802E00C1802E00C1802E00C1B6
:101E7000802E00C1802E00C1802E00C1802E00C1A6
:101E8000802E00C1802E00C1802E00C1012E5DF782
:101E900008BC80AC0EBB022F003041048206C0A4F7
:101EA0000030112F40A9032F40910D2F00A70B2FB9
:101EB00080B3B358022F90A12613202380901030B6
:101EC000012FCC0E002F0030B82EB550180808BCDA
:101ED00088B60D17C6BD56BCB758DABA04011D0A3C
:101EE0001050053032254503FB7FF6302125982E12
:101EF00037CA16B59ABC06B880A8410A0E2F809042
:101F0000022F2D50480F092FBFA0042FBF90062F7E
:101F1000B754CA0F032F002E022CB7522D52F233A2
:101F2000982ED9C0FB6FF137C02E0108F05FBF5665
:101F3000B954D040C4400B2EFDF3BF52904294429E
:101F400095420530C1500F88064004419642C54273
:101F500048BE73300D2ED8004FBA8442034281B37D
:101F6000022F2B2E6FF5062D052E77F7BD56930801
:101F7000252E77F7BB54252EC2F5072EFDF34230F0
:101F8000B433DA0A4C00272EFDF34340D43FDC087B
:101F90004342002E002E43402430DC0A434204809A
:101FA000032EFDF34A0A232EFDF36134C02E0142B5
:101FB000002E60501A257A86E07FF37F0325C352F6
:101FC0004184DB7F3330982E16C21A257D82F06F54
:101FD000E26F322516409440260185408E17C44298
:101FE0006E039542410EF42FDB6FA05FB82EB05107
:101FF000FB7F982EE80D5A25982E0F0ECB5832876E
:10200000C47F65896B8DC55A657FE17F837FA67F1D
:10201000747FD07FB67F947F1730C752C954517FE9
:10202000002E856F427F002E514145814241134071
:102030003B8A00404B04D006C0AC857F022F0230A3
:102040005104D306418405305D02C916DF08D30070
:102050008D02AFBCB1B9590A656F1143A1B45241A9
:1020600053410143347F657F2631E56FD46F982E4D
:1020700037CA326F756F83404241237F127FF6303B
:1020800040255125982E37CA146F2005706F256F93
:102090006907A26F316F0B3004429B428B4255425D
:1020A000327F40A9C36F717F0230D040C37F032FBE
:1020B0004091152F00A7132F00A4112F84BD982E37
:1020C00079CA556FB75454418200F33F4541CB0262
:1020D000F630982E37CA356FA46F4143032C004366
:1020E000A46F356F1730426F516F934042820041A9
:1020F000C3000343517F002E944041414C02C46F02
:10210000D156630E746F5143A57F8A2F092ED800D4
:1021100001B3212FCB58906F1341B66FE47F002E8F
:102120009141144092411540172E6FF5B67FD07F34
:10213000CB7F982E000C0715C26F140B292E6FF55C
:10214000C3A3C18FE46FD06FE62F1430052E6FF557
:10215000140B292E6FF5182DCD560432B56F1C01C6
:1021600051415241C340B57FE47F982E1F0CE46F6C
:10217000218700430432CF545A0EEF2F1554092EF5
:1021800077F7220B292E77F7FB6F505EB82E105091
:10219000012ED40000B2FB7F512F01B2482F02B2B2
:1021A000422F0390562FD7527980424081840040BD
:1021B0004242982E930CD954D750A14098BD8240EA
:1021C0003E82DA0A44408B16E3005342002E43401D
:1021D0009A025242002E414015544A0E3A2F3A823A
:1021E00000304140212E850F40B20A2F982EB10CAD
:1021F000982E450E982E5B0EFB6FF05F0030802E00
:10220000CEB7DD52D35442424F847330DB52834207
:102210001B306B422330272ED700372ED400212EBF
:10222000D6007A84172C42423030212ED400122D51
:1022300021300030232ED400212E7BF70B2D1730B8
:10224000982E510CD5500C8272302F2ED400252E92
:102250007BF74042002EFB6FF05FB82E70500A25CE
:102260003986FB7FE1326230982EC2C4B556A56F25
:10227000AB08916F4B08DF56C46F23094DBA93BC6E
:102280008C0BD16F0B09CB52E15E5642AF094DBAB0
:1022900023BD940AE56F68BBEB08BDB963BEFB6F55
:1022A0005242E30AC02E4342905FD150032E25F3E1
:1022B000134000409BBC9BB408BDB8B998BCDA0A77
:1022C00008B68916C02E190062021050FB7F982EA6
:1022D000810D012ED40031300804FB6F0130F05F16
:1022E000232ED600212ED700B82E012ED700032E84
:1022F000D600480E012F802E1F0EB82EE350213439
:1023000001428230C132252E62F5010022300140A7
:102310004A0A0142B82EE354F03B8340D808E55204
:102320008342003083305042C432272E64F594003B
:1023300050424042D33F84407D82E3084042834282
:10234000B82EDD52003040427C86B952092E700F03
:10235000BF54C442D3865440554094428542212EF6
:10236000D7004240252EFDF3C0427E82052E7D001F
:1023700080B2142F052E890027BD2FB98090022F1F
:10238000212E6FF50C2D072E710F14301C09052E10
:1023900077F7BD5647BE9308940A252E77F7E75482
:1023A00050424A0EFC2FB82E505002304386E55062
:1023B000FB7FE37FD27FC07FB17F002E4140004092
:1023C0004804982E74C01EAAD36F1430B16FE32254
:1023D000C06F5240E46F4C0E1242D37FEB2F032E9E
:1023E000860F40901130032F232E860F022C0030D1
:1023F000D06FFB6FB05FB82E4050F17F0A253C864E
:10240000EB7F41332230982EC2C4D36FF430DC0905
:102410004758C26F9409EB586ABBDC08B4B9B1BD28
:10242000E95A950821BDF6BF770B51BEF16FEB6FEE
:1024300052425442C02E4342C05F5050F55031309A
:102440001142FB7F7B300B4211300280233301426B
:102450000300072E8003052ED3002352E27FD37F93
:10246000C07F982EB60ED16F080A1A257B86D07FC2
:1024700001331230982EC2C4D16F080A00B20D2F5A
:10248000E36F012E80035130C786232E21F208BC52
:10249000C042982EA5B7002E002ED02EB06F0BB8DC
:1024A000032E1B00081AB07F7030042F212E21F25A
:1024B000002E002ED02E982E6DC0982E5DC0ED50AF
:1024C000982E44CBEF50982E46C3F150982E53C708
:1024D0003550982E64CF1030982EDC032026C06F24
:1024E00002311242AB330B42378001300142F337E5
:1024F000F752FB504440A20A42428B31092E5EF74C
:10250000F954E30883421B4223334B00BC840B4045
:10251000333083420B42E07FD17F982E58B7D16F82
:10252000803040420330E06FF3540430002E002E20
:102530000189620EFA2F43421130FB6FC02E014217
:10254000B05FC14A00006D570000778E0000E0FFC9
:10255000FFFFD3FFFFFFE5FFFFFFEEE1FFFF7C136F
:10256000000046E6FFFF0000000000000000000041
:10257000000000000000000000000000000000005B
:10258000000000000000000000000000000000004B
:10259000000000000000000000000000000000003B
:1025A000802E00C1802E00C1802E00C1802E00C16F
:1025B000802E00C1802E00C1802E00C1802E00C15F
:1025C000802E00C1802E00C1802E00C1802E00C14F
:1025D000802E00C1802E00C1802E00C1802E00C13F
:1025E000802E00C1802E00C1802E00C1802E00C12F
:1025F000802E00C1802E00C1802E00C1802E00C11F
:10260000802E00C1802E00C1802E00C1802E00C10E
:10261000802E00C1802E00C1802E00C1802E00C1FE
:10262000802E00C1802E00C1802E00C1802E00C1EE
:10263000802E00C1802E00C1802E00C1802E00C1DE
:10264000802E00C1802E00C1802E00C1802E00C1CE
:10265000802E00C1802E00C1802E00C1802E00C1BE
:10266000802E00C1802E00C1802E00C1802E00C1AE
:10267000802E00C1802E00C1802E00C1802E00C19E
:10268000802E00C1802E00C1802E00C1574F4D20EA
:102690006E6F7420696D706C656D656E7465640035
:1026A000496E76616C6964207061796C6F61642039
:1026B0006C656E6774683A20257500736874705F86
:1026C00072656376206661696C2023256400736BF4
:1026D00069702063683D2575206C656E3D25752009
:1026E00069643D30782530325800736B6970204939
:1026F0004E5055542069643D307825303258206C56
:10270000656E3D257500475256202325643A207199
:102710003D5B252E336620252E336620252E33661D
:1027200020252E33665D206E6F726D3D252E33663B
:102730002064743D252E32666D7320646C3D2575D2
:102740000054696D656F75742077616974696E678F
:1027500020666F722053485450206368616E6E6526
:102760006C2025750025733A204661696C656420EC
:10277000746F20736574207265706F727420307886
:1027800025303258004E6F20666561747572652081
:10279000726573706F6E736520666F7220726570FC
:1027A0006F72742030782530325800424E4F3038E6
:1027B000782073687574646F776E004F445220758B
:1027C00070646174656420746F20252E3166204822
:1027D0007A00564343204750494F206E6F74206162
:1027E0007661696C61626C652C2063616E6E6F74DA
:1027F0002068617264776172652072657365740028
:10280000556E65787065637465642070726F647569
:10281000637420494420726573706F6E7365005055
:10282000726F647563742049443A203078253034DF
:102830005800424E4F30387820696E69743A2061F2
:102840006363656C20252E336620732C20677972B4
:102850006F20252E336620730025733A205245538E
:1028600045542073656E64206661696C65643A2026
:1028700025640052455345542073656E742C2077AF
:10288000616974696E6720666F72207265626F6F2E
:10289000742E2E2E0025733A204E6F20626F6F74B7
:1028A000206164766572746973656D656E7420610C
:1028B000667465722052455345540025733A205082
:1028C000726F647563742049442076657269666925
:1028D000636174696F6E206661696C65640025735D
:1028E0003A204661696C656420746F20656E616290
:1028F0006C65204752560054656D70657261747541
:102900007265207265706F727420656E61626C65AD
:10291000640054656D7065726174757265207265CE
:10292000706F7274206E6F7420617661696C616281
:102930006C65004E6F20696E697469616C20736507
:102940006E736F72207265706F727400424E4F30FA
:10295000387820696E697420737563636573733AA0
:10296000204F44523D252E316620487A00424E4F7A
:102970003038782070726F6265206174203078255D
:1029800030325800424E4F3038782061647665729C
:10299000746973656D656E742061742030782530BC
:1029A0003258202825752062797465732920706C4F
:1029B000645B305D3D3078253032580061642070B2
:1029C0006C645B302E2E34375D0050726F6475631B
:1029D00074204944203078253034582066726F6D59
:1029E000206164766572746973656D656E742061CB
:1029F000742030782530325800424E4F30387820DD
:102A0000616C6976652061742030782530325820F9
:102A10002863683D2575206C656E3D257520706CBA
:102A2000645B305D3D3078253032582900424E4F8E
:102A300030387820776F6B656E2061742030782590
:102A400030325820286C656E3D257529004A4B624E
:102A50006E6F3038785F7365745F7265706F727413
:102A600000626E6F3038785F696E697400424E4F55
:102A7000303858005061796C6F616420746F6F203A
:102A80006C617267653A20257500435243206D6979
:102A9000736D617463683A2063616C6320307825DC
:102AA00030325820726563762030782530325800F5
:102AB000424E4F3038782053504920736875746403
:102AC0006F776E00424E4F3038782053504920695E
:102AD0006E69743A20616363656C20252E3366202D
:102AE000732C206779726F20252E336620730025A2
:102AF000733A204E6F20626F6F7420616476657246
:102B0000746973656D656E7400424E4F303878207D
:102B100053504920696E69742073756363657373DC
:102B20003A204F44523D252E316620487A00626E8D
:102B30006F3038785F7370695F7365745F7265704A
:102B40006F727400626E6F3038785F7370695F699E
:102B50006E697400424E4F3038585F5350490045FB
:102B6000787465726E616C20434C4B494E206E6FD9
:102B70007420776F726B696E672C2066616C6C696C
:102B80006E67206261636B20746F20696E7465727A
:102B90006E616C20636C6F636B0045787465726E58
:102BA000616C20434C4B494E2076657269666965BD
:102BB000643A204649464F20636F756E743D256424
:102BC0000069636D34323638365F73657475705FD3
:102BD000574F4D0069636D34323638365F73657414
:102BE00075705F445244590069636D34323638362B
:102BF0005F74656D705F726561640069636D343226
:102C00003638365F6779726F5F7265616400696339
:102C10006D34323638365F616363656C5F7265614F
:102C2000640069636D34323638365F6669666F5F9B
:102C3000726561640069636D34323638365F757071
:102C4000646174655F6F64720069636D3432363835
:102C5000365F73687574646F776E0069636D3432C4
:102C60003638365F696E69740080008000800049E4
:102C7000434D3432363836000102030405060F078F
:102C800008090A0B69636D5F73657475705F574F50
:102C90004D0069636D5F73657475705F445244598C
:102CA0000069636D5F74656D705F72656164006972
:102CB000636D5F6779726F5F726561640069636DF0
:102CC0005F616363656C5F726561640069636D5F1A
:102CD0006669666F5F726561640069636D5F7570D8
:102CE000646174655F6F64720069636D5F736875BA
:102CF00074646F776E0069636D5F696E69740080DC
:102D0000008000800049434D3432363838000102DB
:102D1000030405060F0708090A0B5057525F4D4779
:102D20004D5430207772697465203D20307825300D
:102D3000325820284759524F5F4D4F44453D256436
:102D40002C20414343454C5F4D4F44453D2564296C
:102D5000005057525F4D474D543020726561646298
:102D600061636B203D203078253032580041434369
:102D7000454C5F434F4E4649473020777269746532
:102D8000203D2030782530325820284F44523D25B0
:102D900064292C204759524F5F434F4E46494730D4
:102DA000207772697465203D2030782530325820B4
:102DB000284F44523D25642900414343454C5F431D
:102DC0004F4E4649473020726561646261636B20F3
:102DD0003D203078253032582C204759524F5F43E0
:102DE0004F4E4649473020726561646261636B20D3
:102DF0003D2030782530325800496E76616C696428
:102E0000204649464F206865616465723A203078F3
:102E100025303258202865787065637465642030E9
:102E2000783738206F72203078374129004649467C
:102E30004F207061636B65745B25645D3A20686543
:102E4000616465723D3078253032582C2067797284
:102E50006F2062797465733A20253032582025300E
:102E60003258202530325820253032582025303233
:102E7000582025303258004779726F2064617461A0
:102E8000206D61726B656420617320696E76616C80
:102E90006964202830783830207061747465726EEF
:102EA000290025733A20556E737570706F727465C2
:102EB000642077726974655F726561643A20777225
:102EC0006974653D256420726561643D256400492F
:102ED00032434D20636F6E74696E756F7573207227
:102EE0006561642074696D656F75742C2066616C12
:102EF0006C696E67206261636B004932434D2063E9
:102F00006F6E74696E756F7573207265616420658C
:102F100072726F723A203078253032782C206661D8
:102F20006C6C696E67206261636B0025733A20499F
:102F300032434D20726561642074696D656F7574EC
:102F4000004932434D20627573206572726F7220A2
:102F50006F6E2072656164203078253032583A20D7
:102F60003078253032782C207265747279696E67FA
:102F70000025733A204932434D20627573206572F3
:102F8000726F723A203078253032780025733A20FB
:102F90004932434D2072656164206661696C6564E5
:102FA0003A2073746174757320307825303278005C
:102FB00025733A204932434D204E41434B206672DF
:102FC0006F6D206164647220307825303278207211
:102FD0006567203078253032780025733A20556EA9
:102FE000737570706F727465642077726974653A76
:102FF00020256420627974657320286D61782036FD
:10300000290025733A204932434D2077726974654F
:103010002074696D656F7574004932434D20627587
:1030200073206572726F72206F6E2077726974659B
:10303000203078253032583A203078253032782CBC
:10304000207265747279696E670025733A2049327F
:10305000434D207772697465206661696C65643AD6
:1030600020737461747573203078253032780025B0
:10307000733A204932434D204E41434B206F6E201E
:10308000777269746520746F20616464722030788F
:10309000253032780057484F5F414D5F49203D2031
:1030A00030782530325820286578706563746564FF
:1030B00020307845392F30784537290025733A205C
:1030C000496E76616C69642057484F5F414D5F4996
:1030D0002076616C7565005057525F4D474D5430F6
:1030E000207772697465203D203078253032582071
:1030F00028706F776572696E67206F6E2073656EDA
:10310000736F7273290057616974696E6720353077
:103110006D7320666F72206779726F73636F70656D
:1031200020737461727475702E2E2E00494E5431C6
:103130005F53544154555330206166746572207357
:10314000746172747570203D2030782530325800DB
:103150005352435F4354524C207072652D72656127
:1031600064206661696C656420286572723D25641F
:1031700029005352435F4354524C207365743A20E4
:103180004759524F203078253032582D3E3078251F
:10319000303258202873656C3D2575292C20414319
:1031A00043454C203078253032582D3E307825303C
:1031B0003258202873656C3D257529005352435FB2
:1031C0004354524C207772697465206661696C655E
:1031D0006420286572723D256429005352435F4381
:1031E00054524C20706F73742D726561643A20479D
:1031F00059524F3D307825303258202873656C3D48
:1032000025752920414343454C3D307825303258BF
:10321000202873656C3D257529005352435F435444
:10322000524C20706F73742D726561642066616901
:103230006C656420286572723D2564290055495FDC
:103240004C50464257207072652D7265616420664D
:1032500061696C656420286572723D25642900559A
:10326000495F4C50464257207365743A2047595283
:103270004F203078253032582D3E30782530325866
:10328000202873656C3D2575292C20414343454C0E
:10329000203078253032582D3E3078253032582075
:1032A0002873656C3D2575290055495F4C50464291
:1032B00057207772697465206661696C656420289F
:1032C0006572723D2564290055495F4C504642574E
:1032D00020706F73742D726561643A204759524FA4
:1032E0003D307825303258202873656C3D2575298E
:1032F00020414343454C3D307825303258202873D7
:10330000656C3D2575290055495F4C504642572054
:10331000706F73742D72656164206661696C656499
:1033200020286572723D2564290069636D34355F1C
:103330006578745F706173737468726F7567680025
:1033400069636D34355F6578745F7365747570009B
:1033500069636D34355F6578745F77726974655F32
:10336000726561640069636D34355F6578745F7799
:10337000726974650069636D34355F736574757067
:103380005F574F4D0069636D34355F7365747570B9
:103390005F445244590069636D34355F74656D70E4
:1033A0005F726561640069636D34355F6779726F60
:1033B0005F726561640069636D34355F6163636585
:1033C0006C5F726561640069636D34355F66696660
:1033D0006F5F726561640069636D34355F75706439
:1033E0006174655F6F64720069636D34355F736823
:1033F0007574646F776E0069636D34355F696E69EB
:10340000740080008000800049434D3435363836E2
:1034100000030405060708090A0B0C4649464F201D
:103420006E6F7420616C69676E6564006C736D36D5
:1034300064736D5F73657475705F574F4D006C7387
:103440006D3664736D5F73657475705F4452445973
:10345000006C736D3664736D5F6669666F5F72656D
:103460006164006C736D3664736D5F757064617454
:10347000655F6F6472006C736D3664736D5F696E47
:103480006974004C534D3644534D006C736D366473
:10349000736F5F6578745F706173737468726F7552
:1034A0006768006C736D3664736F5F7365747570F5
:1034B0005F574F4D006C736D3664736F5F6669665E
:1034C0006F5F72656164006C736D3664736F5F75F6
:1034D00070646174655F6F6472006C736D366473E1
:1034E0006F5F696E6974004C534D3644534F00430F
:1034F00054524C312077726974653D3078253032F2
:103500005820284F505F4D4F44455F584C3D25642F
:103510002C204F44525F584C3D2564292C204354A5
:10352000524C322077726974653D307825303258BC
:1035300020284F505F4D4F44455F473D25642C2068
:103540004F44525F473D256429004354524C31207B
:10355000726561646261636B3D3078253032582C4E
:10356000204354524C3220726561646261636B3D4A
:103570003078253032582C204649464F5F4354520C
:103580004C3320726561646261636B3D3078253035
:1035900032580025733A20556E737570706F7274CF
:1035A00065642077726974650025733A20457874E4
:1035B00020493243207772697465204E41434B2085
:1035C00066726F6D20616464726573732030782554
:1035D0003032580025733A20577269746520746937
:1035E0006D656F75740025733A20556E7375707034
:1035F0006F727465642077726974655F7265616467
:103600000025733A2045787420493243204E4143C7
:103610004B2066726F6D2061646472657373203035
:1036200078253032580025733A2045787420493285
:103630004320726561642074696D656F75742066DE
:103640006F72206164647265737320307825303244
:10365000580025733A2053656E736F722068756247
:1036600020636F6E74696E756F7573207265616427
:1036700020737461727465642028616464723D30E3
:1036800078253032582C207265673D3078253032ED
:10369000582C206C656E3D25752900526573796E36
:1036A00063696E67204649464F3A202573002573AB
:1036B0003A204649464F20726573796E63206661F1
:1036C000696C65640025733A20536B697070696E8C
:1036D00067204649464F207061636B6574207769A7
:1036E000746820746167203078253032582028753E
:1036F0006E6B6E6F776E5F636F756E743D257529A7
:1037000000636F6E736563757469766520756E6BA3
:103710006E6F776E204649464F20746167730025AF
:10372000733A204661696C656420746F207265612C
:1037300064204649464F207374617475730046498E
:10374000464F206F766572666C6F7720646574658E
:1037500063746564202D2064617461206D6179203B
:103760006265206C6F7374006F766572666C6F773C
:10377000206465746563746564004649464F206241
:103780007566666572206C696D697420657863651D
:10379000656465643A20636F756E743D2575206CB1
:1037A000696D69743D25752C20726573796E636946
:1037B0006E67204649464F00736F66747761726585
:1037C00020627566666572206C696D697420657823
:1037D0006365656465640025733A204661696C65BC
:1037E0006420746F2072656164204649464F2064EE
:1037F000617461004649464F2064617461207265BE
:103800006164206661696C656400496E6974696110
:103810006C697A696E67204C534D364453562E2E90
:103820002E0057484F5F414D5F49203D203078259D
:10383000303258202865787065637465642030786C
:1038400037302F307837312900506F776572696EC5
:1038500067206F6E2073656E736F727320696E20C0
:10386000686967682D706572666F726D616E6365F9
:10387000206D6F64652E2E2E004354524C312077FC
:10388000726974653D307825303258207265616404
:103890006261636B3D3078253032582C204354529E
:1038A0004C322077726974653D307825303258206B
:1038B000726561646261636B3D3078253032580017
:1038C00025733A20436F6D6D756E69636174696F1E
:1038D0006E206572726F7220647572696E672070F7
:1038E0006F7765722D6F6E0057616974696E67201E
:1038F000666F72206779726F73636F70652073747F
:103900006172747570202833306D73292E2E2E004D
:103910004354524C362077726974653D30782530B7
:1039200032582072623D3078253032582C20435472
:10393000524C372077726974653D3078303120728F
:10394000623D3078253032582C204354524C382078
:1039500077726974653D3078253032582072623D47
:103960003078253032582C204354524C392077720D
:103970006974653D307830382072623D307825308A
:1039800032580025733A20436F6D6D756E6963611F
:1039900074696F6E206572726F7220647572696EE1
:1039A0006720465320636F6E66696775726174693C
:1039B0006F6E00494E5445524E414C5F4652455140
:1039C0005F46494E45203D2025642C206672657176
:1039D0005F7363616C65203D20252E366600464985
:1039E000464F5F4354524C342077726974653D30C2
:1039F000782530325820726561646261636B3D30B6
:103A000078253032580025733A20436F6D6D756EFE
:103A100069636174696F6E206572726F722064757C
:103A200072696E6720696E697469616C697A617424
:103A3000696F6E004C534D3644535620696E69745D
:103A400069616C697A6174696F6E20636F6D706C07
:103A5000657465006C736D5F6578745F7374617213
:103A6000745F636F6E74696E756F7573006C736DE0
:103A70005F6578745F77726974655F726561640011
:103A80006C736D5F6578745F7772697465006C73D1
:103A90006D5F6578745F706173737468726F75675A
:103AA00068006C736D5F6578745F73657475700022
:103AB0006C736D5F73657475705F574F4D006C73F9
:103AC0006D5F73657475705F44524459006C736D1B
:103AD0005F74656D705F72656164006C736D5F67C4
:103AE00079726F5F72656164006C736D5F616363AF
:103AF000656C5F72656164006C736D5F6669666FAB
:103B00005F70726F63657373006C736D5F66696677
:103B10006F5F726573796E63006C736D5F66696663
:103B20006F5F72656164006C736D5F757064617462
:103B3000655F6F6472006C736D5F73687574646F3A
:103B4000776E006C736D5F696E6974000C0B0A0907
:103B500008070605040302014C534D364453560032
:103B600073656E736F725F696E74657266616365AB
:103B700000414B303939343000424D4D3135300041
:103B8000424D4D33353000495354383330360049B7
:103B9000535438333038004C4953334D444C004D66
:103BA0004D43353938334D4100514D43363330396B
:103BB0000056616C69642064657669636520666F90
:103BC000756E6420617420616464726573733A2059
:103BD00030782530325820287265676973746572B1
:103BE0003A203078253032582C2076616C75653A51
:103BF0002030782530325829004E6F206465766970
:103C0000636520666F756E64206174206164647200
:103C10006573733A203078253032580073656E73BF
:103C20006F725F7363616E0073656E736F725F7343
:103C300063616E5F6578740073656E736F725F7336
:103C400063616E5F737069004649464F2054485364
:103C50002F574D2F57544D3A20252E3266202D3E9A
:103C6000202564004465627567206D6F646520736C
:103C7000746F707065642E202575206F7574707573
:103C800074732067656E6572617465640053757343
:103C900070656E6465642073656E736F72207468FE
:103CA00072656164001B5B33383B353B3139363B11
:103CB000316D4E6F6E651B5B306D004E6F6E650033
:103CC0004D61676E65746F6D6574657220656E61B8
:103CD000626C656420627574206E6F2076616C6919
:103CE0006420616464726573732C2077696C6C2046
:103CF00073656172636800494D5520616464726543
:103D000073733A203078253032582C2072656769F9
:103D1000737465723A20307825303258004D6167EF
:103D20006E65746F6D65746572206164647265732D
:103D3000733A203078253032582C207265676973C9
:103D40007465723A203078253032580053656E73AE
:103D50006F7220636C6F636B20656E61626C65646B
:103D60003A20252E3266487A005363616E6E696E82
:103D700067204932432062757320666F7220494D77
:103D80005500466F756E6420756E6B6E6F776E2092
:103D900064657669636500466F756E6420257300FF
:103DA00025733A204E6F20494D5520646574656334
:103DB0007465640025733A20494D55206E6F742058
:103DC000737570706F72746564004D61676E6574B1
:103DD0006F6D65746572206E6F646520646F6573C6
:103DE000206E6F74206578697374004E6F206D616A
:103DF000676E65746F6D6574657220646574656364
:103E0000746564004D61676E65746F6D657465728D
:103E100020656E61626C656420696E2073657474E0
:103E2000696E677320627574206E6F2068617264BA
:103E300077617265206465746563746564004D61C3
:103E4000676E65746F6D657465723A2025732028FE
:103E5000617661696C61626C653A20257329005254
:103E600065747279696E672073656E736F72206412
:103E70006574656374696F6E00467573696F6E2053
:103E800064617461207265636F7665726564004673
:103E90007573696F6E2062696173207570646174F7
:103EA00065643A205B252E33662C20252E33662C44
:103EB00020252E33665D00456E61626C696E670079
:103EC00044697361626C696E67004D61676E657409
:103ED0006F6D6574657220616C726561647920250F
:103EE00073002573206D61676E65746F6D65746511
:103EF000722C207265626F6F74696E672E2E2E00B1
:103F0000466F72636564207363616E20616C6C6FD1
:103F10007765643A202564207265717565737473E2
:103F20002077697468696E20256C6C646D732077E6
:103F3000696E646F7700466F7263656420736361B6
:103F40006E20726571756573746564206275742086
:103F500073656E736F72206C6F6F70206973206869
:103F600065616C74687920286C6173742073656E68
:103F70006420256C6C646D732061676F292C20733D
:103F80006B697070696E670041626F72746564205E
:103F900073656E736F722074687265616400526538
:103FA000717565737465642073656E736F722073C9
:103FB00063616E00537461727465642073656E731F
:103FC0006F72206C6F6F700025733A204661696CC8
:103FD000656420746F2073687574646F776E2073E6
:103FE000656E736F72730025733A204661696C6564
:103FF0006420746F20636F6E66696775726520490F
:104000004D552077616B6520757000526573756D35
:1040100065642073656E736F722074687265616485
:10402000004465627567206D6F646520737461720A
:1040300074656420666F72202575207365636F6EEA
:1040400064732028616363656C204F44523A2025D5
:104050002E3166487A2C206F7574707574206576E1
:104060006572792025752073616D706C6573290008
:10407000454E00455800416363656C65726F6D6520
:104080007465722072616E67653A20252E3266670C
:10409000004779726F73636F70652072616E676538
:1040A0003A20252E326664707300416363656C6547
:1040B000726F6D6574657220696E697469616C20D8
:1040C000726174653A20252E3266487A004779720B
:1040D0006F6D6574657220696E697469616C2072B8
:1040E0006174653A20252E3266487A004D61676E0C
:1040F00065746F6D6574657220696E697469616C51
:1041000020726174653A20252E3266487A00496E25
:10411000697469616C697A65642073656E736F7226
:1041200073004170706C79696E67206779726F7384
:10413000636F7065206761696E004649464F205481
:1041400048532F574D2F57544D204750494F2070FB
:10415000696E3A2025752C20636F6E6669673A2078
:10416000257500574553545F544F504449522F7A98
:1041700065706879722F696E636C7564652F7A65F6
:10418000706879722F647269766572732F677069CF
:104190006F2E6800286366672D3E706F72745F70C3
:1041A000696E5F6D61736B202620286770696F5F91
:1041B000706F72745F70696E735F74292831554C2B
:1041C000203C3C202870696E29292920213D20307F
:1041D0005500415353455254494F4E204641494C96
:1041E000205B25735D20402025733A25640A000971
:1041F000556E737570706F727465642070696E0AA5
:104200000028666C61677320262028283155203CE1
:104210003C20323129207C20283155203C3C203262
:104220003229292920213D20305500094D7573740C
:104230002065697468657220656E61626C65206FC7
:10424000722064697361626C6520696E7465727254
:10425000757074730A005573696E67202573004981
:104260006E697469616C697A656420667573696FDB
:104270006E004461746120636F6C6C656374696F78
:104280006E206D6F64653A206D6574616461746160
:10429000202B2063616C6962726174696F6E207398
:1042A000656E7420286779726F20252E30666470E1
:1042B000732C20616363656C20252E3066672C208B
:1042C0006779726F204F445220252E3066487A2934
:1042D000004461746120636F6C6C656374696F6E18
:1042E000206163746976617465643A206D657461F8
:1042F00064617461202B2063616C6962726174690E
:104300006F6E2073656E7400537769746368696EAD
:10431000672073656E736F727320746F206C6F7794
:10432000206E6F69736500537769746368696E679F
:104330002073656E736F727320746F206C6F7720BB
:10434000706F77657200537769746368696E672070
:1043500073656E736F727320746F206C6F7720704B
:104360006F7765722032004779726F207261773AF9
:1043700020252E33662C20252E33662C20252E3327
:1043800066004D616720726566207265636F6D70AF
:10439000757465642066726F6D2025642073616D8D
:1043A000706C65733A206E6F726D3D252E346620F9
:1043B0006469703D252E316620646567004E6F206C
:1043C0007061636B6574732070726F63657373657E
:1043D00064004E6F207061636B65747320696E209A
:1043E0006275666665720025733A204E6F207061B3
:1043F000636B65747320696E2062756666657220F2
:10440000666F7220256C6C646D730025733A2050C2
:1044100061636B6574206572726F72207468726577
:1044200073686F6C64206578636565646564004ECD
:104430006F206D6F74696F6E2066726F6D2073658B
:104440006E736F727320696E2025646D73005377ED
:1044500069746368696E6720746F2061637469763C
:104460006974792074696D656F7574004E6F206D85
:104470006F74696F6E2066726F6D2073656E736FF7
:10448000727320696E2025646D005B252E32667381
:104490005D205241573A20415B252E33662C252E54
:1044A00033662C252E33665D20475B252E32662C25
:1044B000252E32662C252E32665D20543A252E326A
:1044C00066430A00202020202043414C3A20415BD3
:1044D000252E33662C252E33662C252E33665D2043
:1044E000475B252E32662C252E32662C252E326611
:1044F0005D0A0020202020204D41473A205241579C
:104500005B252E32662C252E32662C252E32665DDA
:104510002043414C5B252E32662C252E32662C25FD
:104520002E32665D0A0020202020205651463A2077
:10453000515B252E33662C252E33662C252E3366B3
:104540002C252E33665D204C696E415B252E32662C
:104550002C252E32662C252E32665D0A0020202066
:104560002020526573743A25632052657374446544
:10457000765B473A252E33662C413A252E33665D0D
:1045800020426961735B252E33662C252E33662C01
:10459000252E33665DE68EB32F73205369676D61F8
:1045A0003A252E3366E68EB32F732044656C746112
:1045B0003A252E3266E68EB30A00202020202052B3
:1045C000657374446961673A20656E7465723A2553
:1045D0007520657869743A257520746F74616C3A3A
:1045E000252E316673206C6173743A252E31667303
:1045F0002075703A252E30667320726573742525F8
:104600003A252E31660A002020202020426961735D
:10461000505B252E31662C252E31662C252E3166D9
:104620005D0A002020202020526573744C6F67289B
:104630002575206576656E7473293A0020257340D0
:10464000252E3066730020202020204D61673A20FF
:10465000446973416E673A252E3266E68EB3204375
:104660006F7272526174653A252E3266E68EB32FF0
:10467000730A0020202020204D6167446973743A3A
:104680002563204D61675265664E6F726D3A252E27
:104690003366204D61675265664469703A252E3253
:1046A00066E68EB3204D61674E6F726D3A252E33EC
:1046B00066204D61674469703A252E3266E68EB3F6
:1046C0000A0020202020204D6167543A20756E6436
:1046D0006973743A252E3266732072656A65637455
:1046E0003A252E3266732063616E64543A252E3269
:1046F00066732063616E644E6F726D3A252E336669
:104700002063616E644469703A252E3266E68EB38A
:104710000A004C6173742075706461746520737451
:1047200065707320746F6F6B20757020746F202517
:104730006C6C64206D73006D616720565146207566
:104740007064617465733A20257520696E206C6110
:1047500073742025646D732028252E3166487A2CC9
:104760002074617267657420252E3066487A2900AE
:104770004649464F205448532F574D2F57544D20EC
:1047800074726967676572656420647572696E67C3
:10479000206C6F6F700073656E736F725F736574FA
:1047A00075705F574F4D0073656E736F725F7368FE
:1047B0007574646F776E0073656E736F725F6C6F84
:1047C0006F700073656E736F725F7363616E0073F9
:1047D000656E736F725F696E69745F74687265612C
:1047E000645F69640073656E736F7200484D433592
:1047F0003838334C00514D43353838334C00514D27
:10480000433633313000414B3839363300414B3079
:104810003939313600495354383332300049535412
:104820003833323100494953324D44432F4C4953B8
:10483000324D444C004D4D433334313630504A00F4
:104840004D4D43333633304B4A004D4D43353630B2
:10485000334E4A2F4D4D43353633334E4A4C004D7F
:104860004D4335363136574100424D4931363000DF
:10487000424D49333233004D50552D363030302FB4
:104880004D50552D36303530004D50552D36353084
:1048900030004D50552D393235300049434D2D32C1
:1048A000303934380049434D2D34323638382D50A4
:1048B0002F49434D2D34323638382D560049434D5B
:1048C0002D34323638362D500049434D2D3435368F
:1048D00038360049434D2D34353638382D50004C8C
:1048E000534D3644534F313649532F49534D33338B
:1048F000304953004C534D36445333004C534D36DE
:1049000044533354522D432F4C534D3644534C2F64
:104910004C534D3644534D2F49534D333330444C53
:1049200043004C534D364453522F49534D3333308B
:1049300044484358004C534D36445354004C534D57
:10494000364453563136422F49534D333330425853
:1049500000424E4F30383600424E4F30383500421C
:104960004E4F3038362053504900424E4F30383584
:104970002053504900565146004571460004EAD183
:10498000244302E9E7066870714447DB0822696A3C
:104990006B6C6D707103007275010F026869026AB9
:1049A0006B73656E736F725F6E6F6E6500526573C9
:1049B0006574206261747465727920747261636BCE
:1049C00065723A2073746172743D252E3266252516
:1049D0002C2073617665643D252E326625252C20BA
:1049E000666972737420696E74657276616C206298
:1049F000656C6F7720252E326625252C2076616C1C
:104A000069642062656C6F7720252E32662525004B
:104A10004E6F7420656E6F756768206461746120E5
:104A2000746F2063616C63756C6174652064697375
:104A300063686172676520637572766500547261A0
:104A4000636B657220726573657420286368617298
:104A500067696E672900547261636B657220696EC5
:104A6000697469616C697A65643A20252E3266251D
:104A70002500556E6163636F756E746564206368AD
:104A8000616E676520746F2062617474657279204D
:104A9000534F433A20252E3266252520286D696E16
:104AA00029202D3E20252E326625250025733A200B
:104AB00041626E6F726D616C206368616E67652024
:104AC000746F206261747465727920534F433A2089
:104AD000252E3266252520286D696E29202D3E2041
:104AE000252E326625250025733A2041626E6F72AD
:104AF0006D616C206368616E676520746F20626110
:104B0000747465727920534F433A20252E326625FE
:104B10002520286D617829202D3E20252E326625FE
:104B20002500526170696420534F43206368616EB1
:104B300067653A20252E326625252F6D696E20285F
:104B4000252E32662525202D3E20252E3266252550
:104B500020696E20256C6C7520757329004E657771
:104B600020696E74657276616C3A20252E32662556
:104B7000250055706461746520696E746572766194
:104B80006C3A20252E3266252500757064617465A7
:104B90005F696E74657276616C3A20707074743DF2
:104BA000252E326625252C20696E74657276616C1F
:104BB0005F69643D25752C2072756E74696D653D65
:104BC000256C6C75207469636B732028256C6C757B
:104BD000207573290025733A20496E7465727661D9
:104BE0006C2025753A20256C6C75207573206973CF
:104BF00020746F6F2073686F727420286D696E2047
:104C000035206D696E206163746976652074696D05
:104C1000652900496E74657276616C202575207374
:104C2000617665643A202575206379636C65732C21
:104C300020256C6C7520757320746F74616C20284E
:104C400063757272656E743A20256C6C752075738D
:104C50002C206D696E3A20256C6C752075732C20A4
:104C60006D61783A20256C6C752075732900257369
:104C70003A20496E76616C696420637572766500CE
:104C8000526573657474696E6720626174746572CD
:104C90007920747261636B65722077696C6C206334
:104CA0006C65617220616C6C2062617474657279EC
:104CB0002063616C6962726174696F6E20646174F3
:104CC000612E2041726520796F7520737572653F82
:104CD0000A00526573657474696E6720626174744A
:104CE00065727920747261636B65720A0042617447
:104CF0007465727920747261636B6572207265737A
:104D000065740056414C4944004E4F5420494E4969
:104D10005449414C495A4544000A3D3D3D204261B9
:104D2000747465727920547261636B657220446596
:104D3000627567203D3D3D0A00547261636B657288
:104D40002073746174653A2025730A000A526574F1
:104D500061696E656420646174613A0A0020206DA7
:104D600061785F626174746572795F707074743AAF
:104D700020494E56414C494420282564290A0020E8
:104D8000206D61785F626174746572795F707074B0
:104D9000743A20252E326625250A0020206D696E82
:104DA0005F626174746572795F707074743A2049DF
:104DB0004E56414C494420282564290A0020206D84
:104DC000696E5F626174746572795F707074743A51
:104DD00020252E326625250A002020626174746524
:104DE00072795F707074745F73617665643A20499C
:104DF0004E56414C494420282564290A002020624F
:104E00006174746572795F707074745F73617665D4
:104E1000643A20252E326625250A0020206261741E
:104E2000746572795F72756E74696D655F73756DA7
:104E30003A20256C6C752075730A0020206261741D
:104E4000746572795F72756E74696D655F73617692
:104E500065643A20256C6C752075730A000A4375E9
:104E60007272656E742073657373696F6E3A0A00AF
:104E700020206C6173745F756E706C756767656414
:104E80005F707074743A20252E326625250A002042
:104E90002063757272656E745F696E746572766197
:104EA0006C5F72756E74696D653A20256C6C752047
:104EB000757320286E6565642035206D696E2061EC
:104EC00063746976652074696D65206D696E290A61
:104ED0000020206E6578745F696E74657276616C0F
:104EE0002074726967676572732061743A20252E99
:104EF00032662525202876616C6964206966203C2D
:104F00003D20252E32662525290A000A496E746542
:104F10007276616C20646174612066726F6D204EE0
:104F200056533A0A002020496E74657276616C20EF
:104F300025752028252E306625252D252E30662521
:104F400025293A202575206379636C65732C2061CF
:104F5000766720256C6C752075730A0020204E6FD3
:104F600020696E74657276616C2064617461207270
:104F700065636F72646564207965740A000A436131
:104F80006C6962726174696F6E2063757276653ADE
:104F90000A002020252E30662525202D3E20252E96
:104FA000326625250A0020204E6F2063616C6962FD
:104FB000726174696F6E20637572766520796574AD
:104FC00020286E65656420746F2063686172676570
:104FD00020616674657220646973636861726765D5
:104FE000290A003D3D3D3D3D3D3D3D3D3D3D3D3D75
:104FF0003D3D3D3D3D3D3D3D3D3D3D3D3D3D3D3DE1
:105000003D0A006170706C795F637572766500753A
:1050100070646174655F696E74657276616C00734B
:1050200079735F7570646174655F626174746572D1
:10503000795F747261636B6572006261747465722A
:10504000795F747261636B657200636C6F636B5F31
:105050007377697463683A207265717565737469F2
:105060006E6720736F757263653D256400636C6FB6
:10507000636B5F7377697463683A20616C72656112
:1050800064792072756E6E696E6720776974682026
:10509000736F757263653D256400636C6F636B5F4E
:1050A0007377697463683A202564202D3E20256457
:1050B00000636C6F636B5F7377697463683A204C4D
:1050C00046434C4B20737461727420776169746538
:1050D000642025752075730025733A20636C6F6317
:1050E0006B5F7377697463683A20736F7572636579
:1050F000206D69736D6174636821207265717565D7
:10510000737465643D25642C2061637475616C3D26
:10511000256400636C6F636B5F7377697463683ACF
:1051200020737769746368656420746F20736F758A
:105130007263653D2564207375636365737366757B
:105140006C6C7900636C6F636B5F73776974636811
:1051500000636C6F636B5F737769746368002573BA
:105160003A204F54413A20466C6173682065726161
:105170007365206661696C656420617420307825F0
:105180003035582028657272202564290025733A2D
:10519000204F54413A20466C6173682077726974DD
:1051A00065206661696C6564206174203078253003
:1051B0003558202865727220256429004F54413AE1
:1051C000204669726D7761726520696E666F207224
:1051D0006571756573746564007869616F5F626C91
:1051E000652F6E726635323834302F73656E736595
:1051F0000025733A204F544120424547494E3A20FA
:105200007061636B657420746F6F2073686F727464
:105210002028257A7529004F544120424547494EA0
:105220003A2073657373696F6E20616C7265616497
:105230007920616374697665202873746174653DB3
:105240002564292C2069676E6F72696E670025736B
:105250003A204F544120424547494E3A2043524359
:10526000206D69736D617463682028676F742030E6
:1052700078253032582C2065787065637465642019
:1052800030782530325829004F5441204245474953
:105290004E3A2073697A653D25752C20637263331D
:1052A000323D3078253038582C207061636B65743E
:1052B000733D25752C2070726F746F3D25752C2001
:1052C000626F6172643D25732C20626173653D30AD
:1052D0007825580025733A204F54412042454749CC
:1052E0004E3A20756E737570706F727465642070BD
:1052F000726F746F636F6C2076657273696F6E2066
:1053000025750025733A204F544120424547494EA8
:105310003A20696E76616C696420696D6167652009
:1053200073697A6520257520286D61782025752997
:105330000025733A204F544120424547494E3A20B8
:10534000626F617264206D69736D61746368202897
:10535000676F7420272573272C2065787065637428
:1053600065642027257327290025733A204F54416F
:1053700020424547494E3A20666C6173682062615D
:1053800073652030782558203E2072756E6E696EE8
:10539000672062617365203078255820E280942070
:1053A000746172676574206669726D7761726520D9
:1053B000726571756972657320536F6674446576A2
:1053C000696365206E6F742070726573656E74001A
:1053D00025733A204F544120424547494E3A2069AF
:1053E0006D6167652061742030782558202B202559
:1053F00075206578636565647320666C61736820E9
:10540000656E6420307825580025733A204F54414A
:1054100020424547494E3A20666C617368206465B6
:1054200076696365206E6F74207265616479004FE0
:1054300054413A2043726F73732D62617365207516
:1054400070646174653A2072756E6E696E67206172
:105450007420307825582C2074617267657420613F
:105460007420307825580025733A204F544120424B
:105470004547494E3A20696D61676520746F6F201A
:105480006C6172676520666F722073746167696E04
:1054900067202825752062797465732C20737461E8
:1054A00067696E672061742030782530355829008F
:1054B0004F54413A2053746167696E672061726589
:1054C00061206174203078253035582028696D615D
:1054D00067652025752062797465732C20257520F9
:1054E000706167657329004F54413A20537573709A
:1054F000656E64696E672073656E736F7220737575
:105500006273797374656D20666F72204F54412009
:10551000757064617465004F54413A20526561644E
:105520007920746F20726563656976652025752022
:10553000627974657320282575207061636B6574CA
:105540007329004F544120444154413A206E6F74F6
:1055500020696E20726563656976696E6720737471
:10556000617465202873746174653D256429002584
:10557000733A204F544120444154413A20706163B2
:105580006B657420746F6F2073686F7274202825A8
:105590007A7529004F54413A20416C6C2064617443
:1055A00061207265636569766564202825752062CF
:1055B000797465732C202575207061636B65747335
:1055C000290025733A204F544120564552494659E7
:1055D0003A206E6F7420616C6C206461746120727B
:1055E00065636569766564202825752F25752062B9
:1055F0007974657329004F54413A20566572696683
:1056000079696E672043524333322E2E2E00257364
:105610003A204F54413A20466C61736820726561AC
:1056200064206661696C656420617420307825307F
:1056300035582028657272202564290025733A2088
:105640004F5441205645524946593A20435243331C
:1056500032206D69736D61746368202863616C63C7
:10566000756C61746564203078253038582C20655D
:105670007870656374656420307825303858290067
:105680004F54413A20435243333220766572696663
:10569000696564204F4B2028307825303858290020
:1056A0003E3E3E207665726966793A2061626F758A
:1056B0007420746F2073656E6420737461747573E5
:1056C000003E3E3E207665726966793A20737461C9
:1056D0007475732073656E742C2072657475726EA8
:1056E000696E67003E3E3E204F544120414354497D
:1056F000564154452063616C6C6564202873746165
:1057000074653D2564206572726F725F636F6465B6
:105710003D307825303258290025733A204F5441C6
:105720002041435449564154453A206669726D7789
:10573000617265206E6F7420766572696669656452
:10574000004F54413A2041637469766174696E6711
:10575000206E6577206669726D776172652E2E2ED8
:10576000003E3E3E2061626F757420746F2075703C
:105770006461746520626F6F746C6F616465722020
:1057800073657474696E6773003E3E3E20435243F6
:10579000313620636F6D70757465643A20307825FA
:1057A000303458004F54413A204352432D31362073
:1057B000697320302C20626F6F746C6F6164657246
:1057C0002077696C6C20736B6970204352432063AF
:1057D0006865636B004F54413A20426F6F746C6F81
:1057E00061646572204352432D3136203D2030786C
:1057F00025303458004F54413A20426F6F746C6F1B
:10580000616465722073657474696E677320707269
:10581000657061726564202877696C6C2062652010
:105820007772697474656E2062792052414D2063ED
:105830006F7069657229003E3E3E20626F6F746C26
:105840006F616465722073657474696E677320702C
:10585000726570617265643A202564004F54413A64
:105860002041637469766174696F6E20636F6D7037
:105870006C6574652C207265626F6F74696E672049
:10588000696E203530306D732E2E2E004F54413A04
:105890002041626F757420746F2063616C6C206F9F
:1058A00074615F77726974655F66697273745F7043
:1058B0006167655F616E645F7265736574004F5404
:1058C000413A2073746167696E673D3078253035E1
:1058D000582066696E616C3D3078253035582073EC
:1058E000697A653D2575004F54413A20436F7079C0
:1058F000696E672025752062797465732066726F02
:105900006D2073746167696E672030782530355873
:1059100020746F2066696E616C20307825303558B0
:1059200020E280942049525173206F66662C2074C7
:1059300068656E207265736574004F54413A20416A
:10594000626F72746564202877617320696E2073BA
:10595000746174652025642C2025752F25752062BF
:1059600079746573207772697474656E29004F5479
:10597000413A205265626F6F74696E6720746F20C0
:1059800055463220626F6F746C6F61646572206679
:105990006F72207265636F766572792E2E2E0025E8
:1059A000733A204F54413A2054696D6564206F75F5
:1059B00074206166746572202564206D7320776998
:1059C0007468206E6F2064617461004F54413A2006
:1059D000556E6B6E6F776E207061636B65742074AB
:1059E00079706520307825303258006573625F6FBA
:1059F00074615F636865636B5F74696D656F75740F
:105A0000006F74615F636F6D707574655F6372635F
:105A100031365F6E6F72646963006573625F6F74C5
:105A2000615F68616E646C655F61637469766174FF
:105A300065006F74615F636F6D707574655F63722D
:105A4000633332006573625F6F74615F68616E64B7
:105A50006C655F766572696679006F74615F657207
:105A60006173655F70616765006F74615F7772690C
:105A700074655F70616765006573625F6F74615F15
:105A800068616E646C655F64617461006573625F18
:105A90006F74615F68616E646C655F626567696E93
:105AA000006573625F6F74610028666C61677320C4
:105AB0002620282831203C3C203429207C202831F5
:105AC000203C3C203529292920213D20282831202F
:105AD0003C3C203429207C202831203C3C203529A6
:105AE00029000950756C6C20557020616E6420503F
:105AF000756C6C20446F776E2073686F756C6420D2
:105B00006E6F7420626520656E61626C65642073DF
:105B1000696D756C74616E656F75736C790A0028B8
:105B2000666C6167732026202831203C3C20312997
:105B30002920213D2030207C7C2028666C61677301
:105B40002026202831203C3C20322929203D3D20A0
:105B500030006C65645F7468726561645F696400DD
:105B6000456E746572696E67206E657720706F7719
:105B70006572207374617465207768696C65207341
:105B8000656E736F72206572726F72206973207216
:105B9000616973656400456E746572696E67206E35
:105BA000657720706F7765722073746174652077F4
:105BB00068696C652073797374656D206572726FA6
:105BC00072206973207261697365640025733A20DD
:105BD00053797374656D20697320616C72656164BB
:105BE0007920656E746572696E672061206E6577D5
:105BF00020706F7765722073746174650044656C02
:105C00006179656420666F7220554152542062614B
:105C1000636B656E6400574553545F544F5044495D
:105C2000522F6D6F64756C65732F68616C2F6E6F8A
:105C3000726469632F6E7266782F68616C2F6E7262
:105C4000665F6770696F2E68006E72665F67706965
:105C50006F5F70696E5F70726573656E745F6368A5
:105C600065636B282A705F70696E29006C6F675FCF
:105C70006261636B656E645F7561727400494D5556
:105C80002077616B6520757020726571756573741E
:105C9000656400494D552077616B65207570206201
:105CA0006C6F636B6564206279204F544100494DED
:105CB000552077616B65207570206E6F742061765A
:105CC00061696C61626C652C2077616974696E67CB
:105CD000206F6E204553422F737461747573207268
:105CE00065616479004553422F7374617475732044
:105CF00072656164792074696D6564206F757400E4
:105D0000436F6E6669677572656420494D552077EB
:105D1000616B652075700057616B65207570204759
:105D200050494F2070696E3A2025752C20636F6EA4
:105D30006669673A20257500436F6E6669677572FC
:105D4000656420494D552077616B6520757020474B
:105D500050494F00506F776572696E67206F6666B5
:105D6000206E52460053797374656D206F6666200D
:105D70007265717565737465640053797374656DCC
:105D8000206F666620626C6F636B656420627920A9
:105D90004F54410057616B65207570204750494F43
:105DA0002070696E3A20257500446973636F6E6ECA
:105DB000656374656420494D552077616B65207576
:105DC00070204750494F00446973636F6E6E65637E
:105DD00074696E672073656E736F72204750494F08
:105DE0007300446973636F6E6E6563746564204904
:105DF00032432053434C2070696E2025750044695E
:105E000073636F6E6E65637465642049324320531B
:105E100044412070696E20257500416C6C207365CB
:105E20006E736F72204750494F2070696E73206403
:105E30006973636F6E6E6563746564005379737420
:105E4000656D207265626F6F742072657175657320
:105E5000746564005265626F6F74696E67206E527C
:105E600046004F54412052414D20656E67696E6572
:105E70002047505245475245543D307825303258DE
:105E800020286C6173742073746167652062656695
:105E90006F7265207265736574290025733A204618
:105EA00061696C656420746F207265616420626151
:105EB000747465727920766F6C746167653A202519
:105EC0006400426174746572792025752525202847
:105ED0002564206D56290042617474657279206EC4
:105EE0006F7420617661696C61626C65202825643D
:105EF000206D56290025733A2042617474657279C9
:105F000020766F6C746167652072656164696E6785
:105F10002069732061626E6F726D616C00446973F9
:105F20006368617267656420626174746572790088
:105F30004368616E676520746F2062617474657276
:105F40007920534F433A2025352E32662525202DC2
:105F50003E2025352E32662525000A2A2A2A205A77
:105F6000455048595220464154414C204552524FC9
:105F700052202A2A2A0A526561736F6E3A202575CB
:105F80000A0050433A202020203078253038580A23
:105F90004C523A202020203078253038580A0043CF
:105FA0004653523A20203078253038580A48465314
:105FB000523A20203078253038580A007379735FC0
:105FC000706F7765725F73746174655F7265717508
:105FD00065737400706F7765725F74687265616471
:105FE00000706F7765725F7468726561645F696481
:105FF0000064697361626C655F4446555F746872E2
:106000006561645F69640025733A2053656E736F40
:106010007220636F6D6D756E69636174696F6E2058
:106020006572726F7200436F6E6E656374696F6E36
:10603000206572726F720025733A2047656E657233
:10604000616C206572726F720055534220636F6EEF
:106050006E65637465640043686172676572207081
:106060006C75676765640043616C6962726174692D
:106070006F6E2072756E6E696E6700427574746F14
:106080006E207072657373656400436C6561726540
:1060900064207374617475733A20256400537461CD
:1060A0007475733A202564007365745F737461744A
:1060B0007573007374617475735F7468726561647D
:1060C0005F69640025733A204661696C65642074D9
:1060D0006F20676574207061676520696E666F0068
:1060E00025733A204661696C656420746F206D6F7A
:1060F000756E74204E56532C206572726F723A2062
:1061000025640025733A207379735F77726974652B
:106110003A204E565320696E6974206661696C6539
:10612000642C2063616E6E6F7420777269746520D1
:1061300049442025640025733A204661696C6564F2
:1061400020746F20777269746520746F204E5653E7
:106150002C206572726F723A2025640025733A20F4
:106160007379735F726561643A204E565320696E8D
:106170006974206661696C65642C2063616E6E6F62
:106180007420726561642049442025640025733AB7
:10619000204661696C656420746F207265616420BB
:1061A00066726F6D204E56532C206572726F723A74
:1061B0002025640052656164206461746120736508
:1061C0007420746F207A65726F0053686F72742048
:1061D0004E5653207265616420666F7220494420D8
:1061E00025643A20676F7420256420627974657392
:1061F0002C20657870656374656420257A75004984
:106200006E76616C6964617465642052414D00254D
:10621000733A204E565320696E6974206661696C2A
:10622000656420647572696E672072657461696E59
:10623000656420696E69742C2063616E6E6F7420D2
:10624000726573746F726520646174612066726F29
:106250006D20666C6173680056616C696461746579
:10626000642052414D00526573657474696E6720F5
:106270004E565320616E642072657461696E656468
:106280002077696C6C20636C65617220616C6C2096
:1062900070616972696E672C2073656E736F72200E
:1062A00063616C6962726174696F6E2064617461AC
:1062B0002C20616E64206261747465727920636160
:1062C0006C6962726174696F6E20646174612E2002
:1062D00041726520796F7520737572653F0A0052AF
:1062E0006573657474696E67204E565320616E64E1
:1062F0002072657461696E65640A004E56532061B0
:106300006E642072657461696E6564207265736580
:1063100074004E565320696E6974206661696C651D
:10632000640A0053746F72616765207061727469EA
:1063300074696F6E3A2025752062797465730A005E
:10634000416C6C6F6361746564204E56533A20252E
:1063500075202A202575203D2025752062797465D9
:10636000730A004E565320667265653A20256420F4
:1063700062797465732C206D6178206974656D3A5B
:106380002025642062797465730A00436C6F636B27
:10639000206F757470757420646576696365206E0E
:1063A0006F7420726561647900557365722073683B
:1063B0007574646F776E207265717565737465644A
:1063C00000436F6D6D616E642073687574646F77E0
:1063D0006E2072657175657374656400494D552052
:1063E00063616C6962726174696F6E207265717548
:1063F00065737465640050616972696E67207265C7
:1064000073657420726571756573746564004446C4
:106410005520726571756573746564004446552036
:106420004F544120726571756573746564007379AA
:10643000735F72656164007379735F777269746505
:10644000007379735F6E76735F696E697400737938
:10645000735F72657461696E65645F696E6974000B
:1064600073797374656D00454E41424C4544005448
:10647000657374206D6F6465202573007465737493
:106480005F6D6F6465003D3D3D205265736574200E
:10649000446961676E6F7374696373203D3D3D00AD
:1064A0005245534554524541533A203078253038AF
:1064B000580020205B50494E5D202020204861720A
:1064C00064776172652070696E207265736574000F
:1064D00020205B444F475D20202020576174636873
:1064E000646F672072657365740020205B535245AA
:1064F000515D202020536F6674776172652072654C
:10650000717565737465642072657365740020200D
:106510005B4C4F434B55505D20435055206C6F638F
:106520006B75702072657365740020205B4F464662
:106530005D2020202057616B652066726F6D20738F
:10654000797374656D204F4646206D6F6465002039
:10655000205B4449465D2020202044656275672009
:10656000696E746572666163652072657365740037
:1065700020205B4E46435D202020204E464320666F
:1065800069656C642072657365740020205B5642F7
:1065900055535D2020205642555320706F77657209
:1065A00020726573657400524553455452454153FA
:1065B0003A20302028506F7765722D6F6E207265FB
:1065C00073657429005265626F6F7420636F756E16
:1065D0007465723A202575202872657365745F6D45
:1065E0006F64653D256429003D3D3D3D3D3D3D3D9C
:1065F0003D3D3D3D3D3D3D3D3D3D3D3D3D3D3D3DCB
:106600003D0053797374656D2077617320726573F3
:106610006574206279207761746368646F67210014
:1066200057445420726573657420636F756E743AB5
:106630002025642028746F74616C3A202564290039
:106640004C617374206661696C6564206368616E77
:106650006E656C3A2025730057445420726573654B
:106660007420636F756E7420726561636865642061
:106670007468726573686F6C6420282564292C2007
:10668000656E746572696E6720444655206D6F644F
:106690006500574454207374617465206E6F7420D4
:1066A00076616C69642C20696E697469616C697AC1
:1066B000696E670057445420646576696365206E8F
:1066C0006F742072656164792C20776174636864EB
:1066D0006F672064697361626C65640025733A209A
:1066E0004661696C656420746F20696E69746961C4
:1066F0006C697A65207461736B205744543A202585
:1067000064005461736B207761746368646F672001
:10671000696E697469616C697A65640025733A20F1
:106720003D3D3D205741544348444F472054494D37
:10673000454F5554203D3D3D0025733A2046616943
:106740006C6564206368616E6E656C3A2025642018
:10675000282573290025733A2053797374656D20B9
:10676000757074696D653A202575206D7300257309
:106770003A2057616974696E6720666F722068619C
:106780007264776172652057445420746F2072657B
:106790007365742073797374656D2E2E2E005744C3
:1067A000543A205374696C6C2077616974696E6720
:1067B0002E2E2E202575206D730A0025733A205742
:1067C00061746368646F67206E6F7420696E6974AA
:1067D00069616C697A65642C20736B697070696E8D
:1067E000670025733A204661696C656420746F20E8
:1067F000616464207761746368646F6720636861B3
:106800006E6E656C2025643A2025640052656769C8
:1068100073746572656420257320746872656164A1
:106820002077697468202575206D732074696D6503
:106830006F757420286368616E6E656C202564290D
:10684000000A3D3D3D2052455345542044494147AF
:106850004E4F5354494353203D3D3D0A003D3D3D7D
:106860003D3D3D3D3D3D3D3D3D3D3D3D3D3D3D3D58
:106870003D3D3D3D3D3D3D3D0A0A000A3D3D3D203B
:1068800052455345543A20506F7765722D6F6E20F4
:10689000726573657420286E6F207072696F722044
:1068A000726573657420726561736F6E29203D3D5A
:1068B0003D0A0A00426F6F742073756363657373DA
:1068C000206D61726B65642C20574454207265738F
:1068D000657420636F756E7420636C6561726564A6
:1068E000007761746368646F675F74696D656F7565
:1068F000745F63616C6C6261636B00776174636881
:10690000646F675F72656769737465725F746872DC
:10691000656164007761746368646F675F696E695D
:10692000740065736200627574746F6E00776174D1
:106930006368646F67007573625F696E69745F7422
:1069400068726561645F6964007573620000070EB8
:10695000091C1B1215383F363124232A2D57455365
:10696000545F544F504449522F7A65706879722FA2
:106970006C69622F686561702F686561702E6300B5
:106980006368756E6B5F7573656428682C20632976
:106990000009756E6578706563746564206865616B
:1069A000702073746174652028646F75626C652D46
:1069B000667265653F2920666F72206D656D6F7226
:1069C000792061742025700A006C6566745F6368C5
:1069D000756E6B28682C2072696768745F636875D0
:1069E0006E6B28682C20632929203D3D2063000917
:1069F000636F72727570746564206865617020627F
:106A00006F756E64732028627566666572206F7696
:106A10006572666C6F773F2920666F72206D656DB9
:106A20006F72792061742025700A00627974657331
:106A3000203E20686561705F666F6F7465725F628B
:106A400079746573286279746573290009686561D2
:106A5000702073697A6520697320746F6F20736D7D
:106A6000616C6C0A00686561705F737A203E206318
:106A700068756E6B737A2873697A656F66287374AC
:106A800072756374207A5F68656170292900636894
:106A9000756E6B305F73697A65202B206D696E5F50
:106AA0006368756E6B5F73697A65286829203C3D61
:106AB00020686561705F737A00574553545F544F87
:106AC000504449522F7A65706879722F6C69622F31
:106AD0006F732F63627072696E74665F7061636B4F
:106AE000616765642E630009537472696E6720776D
:106AF00069746820746F6F206D616E7920617267B0
:106B0000756D656E74730A00097374725F707472C8
:106B10005F706F735B5D20746F6F20736D616C6C61
:106B20000A0009756E657870656374656420736921
:106B30007A652025750A0009746F6F206D616E7982
:106B400020666F726D617420617267730A00696EEE
:106B50005F7061636B6167656420213D2028287642
:106B60006F6964202A2930290028756E7369676E61
:106B70006564292063686172202A2075736564202A
:106B8000666F722025257020617267756D656E7461
:106B90002E2049742773207265636F6D6D656E6476
:106BA000656420746F206361737420697420746F4E
:106BB00020766F6964202A206265636175736520A1
:106BC0006974206D6179206361757365206D6973E7
:106BD0006265686176696F7220696E2063657274A0
:106BE00061696E20636F6E66696775726174696F43
:106BF0006E732E20537472696E673A2225732220B9
:106C0000617267756D656E743A256400736370799F
:106C10005F636E74203C2073697A656F66286370C9
:106C2000795F7374725F706F7329006B6565705F55
:106C3000636E74203C2073697A656F66286B6565A6
:106C4000705F7374725F706F732900636270726932
:106C50006E74665F7061636B61676500286E696C56
:106C60002900574553545F544F504449522F7A6579
:106C7000706879722F6C69622F6F732F6D707363F8
:106C80005F706275662E6300657272203D3D203034
:106C900000574553545F544F504449522F7A657002
:106CA0006879722F696E636C7564652F7A65706898
:106CB00079722F7370696E6C6F636B2E68007A5FE8
:106CC0007370696E5F6C6F636B5F76616C6964286B
:106CD0006C290009496E76616C6964207370696E75
:106CE0006C6F636B2025700A007A5F7370696E5F4A
:106CF000756E6C6F636B5F76616C6964286C2900DC
:106D0000094E6F74206D79207370696E6C6F636BC0
:106D10002025700A004661696C656420746F2072DA
:106D200065626F6F743A207370696E6E696E67206A
:106D3000656E646C6573736C792E2E2E0A00574550
:106D400053545F544F504449522F7A65706879729A
:106D50002F6C69622F7574696C732F6F6E6F666626
:106D60002E63007374617465203D3D203055002111
:106D70007379735F736C6973745F69735F656D704A
:106D8000747928266D67722D3E636C69656E747325
:106D900029007472616E73697420213D2028287661
:106DA0006F6964202A293029007374617465203D5D
:106DB0003D202831554C203C3C2028312929006DAC
:106DC00067722D3E72656673203D3D2030007374FE
:106DD000617465203D3D202831554C203C3C2028E5
:106DE000302929006D67722D3E72656673203E2042
:106DF0003000287374617465203D3D20282831558A
:106E00004C203C3C2028322929207C202831554C1C
:106E1000203C3C20283129292929207C7C202873EA
:106E200074617465203D3D20282831554C203C3C40
:106E30002028322929207C2030552929207C7C20BB
:106E4000287374617465203D3D20282831554C20FD
:106E50003C3C2028322929207C202831554C203CDC
:106E60003C2028302929292900574553545F544F85
:106E7000504449522F7A65706879722F6C69622F7D
:106E80007574696C732F6E6F746966792E63005721
:106E90004553545F544F504449522F7A6570687976
:106EA000722F6C69622F7574696C732F72696E67CB
:106EB0005F6275666665722E630025733A204E56D2
:106EC00053206E6F7420696E697469616C697A65AC
:106ED000640025733A20436F756C64206E6F7420D4
:106EE0006F627461696E20666C6173682070617294
:106EF000616D65746572730025733A20556E737504
:106F000070706F7274656420777269746520626C4A
:106F10006F636B2073697A650025733A20556E6143
:106F2000626C6520746F20676574207061676520EE
:106F3000696E666F0025733A20496E76616C6964EC
:106F400020736563746F722073697A650025733AE4
:106F500020436F6E66696775726174696F6E206534
:106F600072726F72202D20736563746F7220636F6D
:106F7000756E7400416C6C20736563746F7273205E
:106F8000636C6F7365642C2065726173696E672032
:106F9000616C6C20736563746F72732E2E2E006E9D
:106FA00076735F736563746F725F6D61785F646140
:106FB00074615F73697A65006E76735F63616C6399
:106FC0005F667265655F7370616365006E76735F9F
:106FD000726561645F68697374006E76735F77725F
:106FE000697465006E76735F6D6F756E74006E7692
:106FF000735F636C6561720066735F6E7673006CBD
:107000006F6767696E6700574553545F544F50442C
:1070100049522F7A65706879722F7375627379732C
:107020002F6C6F6767696E672F6C6F675F636F7236
:10703000652E63006C6F675F6261636B656E645F92
:10704000636F756E745F6765742829203C2028285B
:107050003332202F20335529202D202831202B207A
:10706000302929006261636B656E64203C3D205FBE
:107070006C6F675F6261636B656E645F6C6973748C
:107080005F656E640009756E65787065637465642C
:10709000206C69737420656E64206C6F6361746921
:1070A0006F6E0A006C6F675F6261636B656E645F31
:1070B000636F756E745F6765742829203E20300009
:1070C0006C6F6700574553545F544F504449522FDB
:1070D0007A65706879722F7375627379732F6C6F2C
:1070E0006767696E672F6C6F675F6D676D742E637E
:1070F000006C696E6B203C3D205F6C6F675F6C6954
:107100006E6B5F6C6973745F656E640057455354B2
:107110005F544F504449522F7A65706879722F69D5
:107120006E636C7564652F7A65706879722F6C6F09
:107130006767696E672F6C6F675F6261636B656E0F
:10714000642E68006261636B656E6420213D2028B7
:1071500028766F6964202A293029006C6F675F6D7B
:10716000676D74004D657373616765202822257310
:1071700022292064726F7070656420626563617596
:10718000736520697420657863656564732073692D
:107190007A65206C696D69746174696F6E20282549
:1071A000752900574553545F544F504449522F7A24
:1071B00065706879722F7375627379732F6C6F675E
:1071C00067696E672F6C6F675F6D73672E63007002
:1071D0006C656E203E3D2030004D657373616765C0
:1071E0002064726F70706564206265636175736599
:1071F00020697420657863656564732073697A65B6
:10720000206C696D69746174696F6E202825752919
:10721000000D0A00574553545F544F504449522FB4
:107220007A65706879722F7375627379732F6C6FDA
:107230006767696E672F6C6F675F6F7574707574C1
:107240002E63006F75745F6374782D3E636F6E7488
:10725000726F6C5F626C6F636B2D3E6F66667365F9
:1072600074203C3D206F75745F6374782D3E7369A4
:107270007A65006C6576656C203C3D203400257392
:1072800020005B2530386C755D20005B2530327541
:107290003A253032753A253032752E253033752C2B
:1072A000253033755D200025732F003C25733E206B
:1072B0000025733A2000657272203E3D2030002583
:1072C0003032782000202020007C00256300206DD3
:1072D000657373616765732064726F707065642095
:1072E0002D2D2D0D0A1B5B306D001B5B313B3331A7
:1072F0006D2D2D2D20001B5B313B33316D001B5B51
:10730000313B33336D006572720077726E00696EC7
:107310006600646267006C6F675F6261636B656ED5
:10732000645F72747400574553545F544F5044491E
:10733000522F7A65706879722F7375627379732F23
:107340006C6F6767696E672F6261636B656E6473EC
:107350002F6C6F675F6261636B656E645F756172EE
:10736000742E63006465766963655F69735F726537
:1073700061647928756172745F64657629006C6F49
:10738000675F756172740073757370656E646564B0
:1073900000706D5F6465766963650000010103013B
:1073A00000030125733A2068775F77647420696E63
:1073B0007374616C6C2074696D656F75742066619F
:1073C000696C65643A202564007461736B5F77644F
:1073D000745F696E6974007461736B5F77647400C5
:1073E000574553545F544F504449522F7A65706843
:1073F00079722F7375627379732F7573622F646559
:10740000766963652F7573625F6465766963652E5F
:1074100063006366675F64617461203C3D205F7553
:1074200073625F6366675F646174615F6C697374E4
:107430005F656E640025733A20456E64706F696EF7
:10744000742030782530327820697320696E766137
:107450006C69640025733A204661696C6564207428
:107460006F2064697361626C6520656E64706F691A
:107470006E74203078253032780025733A204661CA
:10748000696C656420746F20636F6E6669677572DE
:107490006520656E64706F696E74203078253032B7
:1074A000780025733A204661696C656420746F200A
:1074B000656E61626C6520656E64706F696E7420C4
:1074C0003078253032780025733A20526571756521
:1074D00073742062756666657220746F6F20736DB9
:1074E000616C6C0025733A204661696C6564207498
:1074F0006F20636F6E666967757265205553422011
:1075000064657669636520737461636B0025733A03
:10751000204572726F6E656F75732064657669635E
:10752000652064657363726970746F72206F722076
:10753000624D61785061636B657453697A653000A0
:107540007573625F68616E646C655F636F6E7472A1
:107550006F6C5F7472616E73666572007573625FE3
:10756000656E61626C65007365745F656E64706FF3
:10757000696E74006765745F65705F626D5F6672E7
:107580006F6D5F616464720064697361626C655FF2
:10759000656E64706F696E74007573625F646576A2
:1075A000696365003031323334353637383941421A
:1075B0004344454600574553545F544F5044495245
:1075C0002F7A65706879722F7375627379732F756E
:1075D00073622F6465766963652F7573625F646596
:1075E0007363726970746F722E6300726574203DEC
:1075F0003D203000094661696C656420746F206627
:10760000696E642076616C696420624D61785061B6
:10761000636B657453697A65300A0025733A2054A8
:1076200068657265206973206E6F207573625F6391
:1076300066675F6461746120666F72202570002543
:10764000733A20556E696E697469616C697A656414
:10765000207573625F6366675F6461746120706F39
:10766000696E7465722C20636F72727570746564D4
:1076700020646576696365206465736372697074FC
:107680006F723F0025733A204661696C656420740F
:107690006F2076616C696461746520656E64706FDB
:1076A000696E7473006275665B61736369695F69B3
:1076B00064785F6D61785D203E2030783146202609
:1076C00026206275665B61736369695F6964785FD0
:1076D0006D61785D203C203078374600094F6E6C34
:1076E00079207072696E7461626C65206173636980
:1076F000692D3720636861726163746572732061FC
:10770000726520616C6C6F77656420696E205553DB
:107710004220737472696E67206465736372697066
:10772000746F72730A0025733A20496E636F6D702F
:107730006C65746520646576696365206465736350
:10774000726970746F720025733A204661696C65C6
:107750006420746F206669787570205553422064E8
:10776000657363726970746F72007573625F6669C6
:10777000785F64657363726970746F7200757362A9
:107780005F6765745F6465766963655F646573638D
:10779000726970746F72007573625F64657363728F
:1077A0006970746F720025733A205472616E73664B
:1077B0006572206572726F722025642C20657020BE
:1077C0003078253032780025733A20525820646191
:1077D0007461206C6F73742C206E6F207472616EF4
:1077E000736665720025733A204E6F207472616E65
:1077F0007366657220736C6F7420617661696C6169
:10780000626C650025733A2041207472616E736664
:10781000657220697320616C7265616479206F6E96
:10782000676F696E672C206570203078253032785C
:10783000007573625F7472616E7366657200757352
:10784000625F7472616E736665725F776F726B00F0
:107850007573625F7472616E736665725F65705F87
:1078600063616C6C6261636B007573625F747261FB
:107870006E7366657200626F6172645F6364635FFA
:1078800061636D5F7561727400757362776F726B9F
:1078900071002A2A2A20426F6F74696E6720536C28
:1078A000696D6556522D547261636B65722D6E520F
:1078B000462076302E302E302D756E6B6E6F776EC3
:1078C000202D20756E6B6E6F776E20636F6D6D6906
:1078D00074202A2A2A0A002A2A2A205573696E67E8
:1078E000206E524620436F6E6E6563742053444B86
:1078F0002076332E312E312D623135353436333505
:1079000031633461202A2A2A0A002A2A2A20557340
:10791000696E67205A6570687972204F53207634FB
:107920002E312E39392D6666386630633537396524
:107930006562202A2A2A0A0025733A2072302F61B4
:10794000313A2020307825303878202072312F616C
:10795000323A2020307825303878202072322F615A
:10796000333A20203078253038780025733A207259
:10797000332F61343A202030782530387820723126
:10798000322F69703A2020307825303878207231D3
:10799000342F6C723A2020307825303878002573E7
:1079A0003A2020787073723A202030782530387869
:1079B0000025733A20735B2532645D3A20203078CD
:1079C000253038782020735B2532645D3A202030E2
:1079D00078253038782020735B2532645D3A20208A
:1079E0003078253038782020735B2532645D3A206A
:1079F000203078253038780025733A20667073631C
:107A0000723A20203078253038780025733A2046A5
:107A100061756C74696E6720696E737472756374D6
:107A2000696F6E20616464726573732028723135EA
:107A30002F7063293A203078253038780025733A42
:107A400020556E68616E646C6564204952516E3ACF
:107A5000202564006573665F64756D70007A5F61F0
:107A6000726D5F666174616C5F6572726F72002522
:107A7000733A202A2A2A2A2A204D50552046415559
:107A80004C54202A2A2A2A2A0025733A20202053DF
:107A90007461636B696E67206572726F7220286310
:107AA0006F6E746578742061726561206D696768B6
:107AB00074206265206E6F742076616C69642900A1
:107AC00025733A202020556E737461636B696E676D
:107AD000206572726F720025733A20202044617411
:107AE00061204163636573732056696F6C617469CB
:107AF0006F6E0025733A2020204D4D4641522041A3
:107B00006464726573733A20307825780025733A7F
:107B1000202020496E737472756374696F6E204102
:107B200063636573732056696F6C6174696F6E006F
:107B300025733A202020466C6F6174696E672D7042
:107B40006F696E74206C617A79207374617465203A
:107B5000707265736572766174696F6E206572729A
:107B60006F7200574553545F544F504449522F7A17
:107B700065706879722F617263682F61726D2F630F
:107B80006F72652F636F727465785F6D2F666175B4
:107B90006C742E6300212828285343425F54797067
:107BA00065202A292028283078453030304530306B
:107BB00030554C29202B20307830443030554C291A
:107BC00020292D3E434653522026202831554C2053
:107BD0003C3C20283055202B2034552929290009E8
:107BE000537461636B696E67206572726F72206E89
:107BF0006F74206120737461636B206661696C0A25
:107C00000A0025733A202A2A2A2A2A205553414756
:107C100045204641554C54202A2A2A2A2A002573F9
:107C20003A2020204469766973696F6E206279205A
:107C30007A65726F0025733A202020556E616C6959
:107C4000676E6564206D656D6F7279206163636531
:107C500073730025733A2020204E6F20636F70727B
:107C60006F636573736F7220696E7374727563747A
:107C7000696F6E730025733A202020496C6C65672C
:107C8000616C206C6F6164206F66204558435F52C1
:107C9000455455524E20696E746F20504300257331
:107CA0003A202020496C6C6567616C2075736520F3
:107CB0006F662074686520455053520025733A2042
:107CC0002020417474656D707420746F2065786530
:107CD0006375746520756E646566696E6564206998
:107CE0006E737472756374696F6E0025733A202A1F
:107CF0002A2A2A2A20425553204641554C54202AEC
:107D00002A2A2A2A0025733A202020537461636BA3
:107D1000696E67206572726F720025733A202020A9
:107D20005072656369736520646174612062757364
:107D3000206572726F720025733A202020424641FE
:107D40005220416464726573733A2030782578005C
:107D500025733A202020496D707265636973652030
:107D60006461746120627573206572726F720025A0
:107D7000733A202020496E737472756374696F6E54
:107D800020627573206572726F720052657365723E
:107D900076656420457863657074696F6E2028008D
:107DA00053707572696F757320696E746572727540
:107DB00070742028495251200025733A20535053A3
:107DC000454C20696E20746872656164206D6F6433
:107DD0006520646F6573206E6F7420696E646963DB
:107DE000617465205053500065736620213D202842
:107DF00028766F6964202A293029000945534620D6
:107E0000636F756C64206E6F742062652072657498
:107E100072696576656420737563636573736675EF
:107E20006C6C792E205368616C6C206E657665727F
:107E3000206F636375722E0A0025733A202A2A2A5E
:107E40002A2A2048415244204641554C54202A2A8F
:107E50002A2A2A0025733A20202042757320666161
:107E6000756C74206F6E20766563746F7220746118
:107E7000626C6520726561640025733A202020449D
:107E800065627567206576656E740025733A2020FB
:107E9000204661756C7420657363616C6174696FF1
:107EA0006E20287365652062656C6F7729002573E5
:107EB0003A20415243485F45584345505420776922
:107EC000746820726561736F6E2025780A00094618
:107ED00061756C7420657363616C6174696F6E2089
:107EE000776974686F75742046535220696E666FA7
:107EF0000A0009486172644661756C742077697480
:107F0000686F7574204846535220696E666F20531F
:107F100068616C6C206E65766572206F6363757244
:107F20000A0025733A202A2A2A2A2A2044656275E3
:107F300067206D6F6E69746F722065786365707409
:107F4000696F6E202A2A2A2A2A0025733A202A2AB3
:107F50002A2A2A20257320256429202A2A2A2A2A27
:107F60000072657365727665645F657863657074C9
:107F7000696F6E0064656275675F6D6F6E69746FBF
:107F8000720075736167655F6661756C7400627518
:107F9000735F6661756C74006D656D5F6D616E61B8
:107FA00067655F6661756C7400686172645F6661C5
:107FB000756C74006765745F65736600574553544C
:107FC0005F544F504449522F7A65706879722F611F
:107FD0007263682F61726D2F636F72652F636F72AA
:107FE0007465785F6D2F6972715F6D616E61676531
:107FF0002E63007072696F203C3D20282831554C5B
:10800000203C3C2028332929202D203129000969D2
:108010006E76616C6964207072696F726974792020
:10802000256420666F722025642069727121207694
:10803000616C756573206D757374206265206C6565
:108040007373207468616E20256C750A0A006D7068
:10805000750025733A204661696C656420746F2051
:10806000616C6C6F63617465206E6577204D50554F
:1080700020726567696F6E2025750A0025733A20A6
:10808000506172746974696F6E2025753A2073614E
:108090006E69747920636865636B206661696C65DD
:1080A000642E00574553545F544F504449522F7A21
:1080B00065706879722F617263682F61726D2F63CA
:1080C0006F72652F6D70752F61726D5F6D70752E9B
:1080D000630009436F6E6669677572696E67202574
:1080E0007520737461746963204D50552072656703
:1080F000696F6E73206661696C65640A0A000943E2
:108100006F6E6669677572696E6720257520647980
:108110006E616D6963204D505520726567696F6EA1
:1081200073206661696C65640A0A0009526571759D
:1081300065737420746F20636F6E6669677572650E
:108140003A20257520726567696F6E7320287375F4
:1081500070706F727465643A202575290A0A0021CF
:1081600028726567696F6E5B6964785D2E64745F01
:10817000617474722026202831554C203C3C202804
:1081800030292929000952414D5F4E4F4341434850
:108190004520776974682044545F4D454D5F4341E5
:1081A00043484541424C452061747472696275745C
:1081B000650A0A00094661696C656420746F206174
:1081C0006C6C6F63617465204D50552072656769F2
:1081D0006F6E732066726F6D2044540A0A0028285F
:1081E000284D50555F54797065202A292028283061
:1081F000784530303045303030554C29202B2030F8
:108200007830443930554C2920292D3E5459504559
:108210002026202830784646554C203C3C203855B6
:108220002929203E3E203855203D3D20380009496F
:108230006E76616C6964206E756D626572206F6622
:10824000204D505520726567696F6E730A0A00727F
:108250006567696F6E5F616C6C6F636174655F61A8
:108260006E645F696E6974006D70755F636F6E66D2
:1082700069677572655F726567696F6E7300464CFA
:108280004153485F30005352414D5F3000574553D2
:10829000545F544F504449522F7A65706879722F59
:1082A0006C69622F6C6962632F6E65776C69622FEF
:1082B0006C6962632D686F6F6B732E6300282828CA
:1082C0002873697A655F7429283235322929203C60
:1082D0003C20313029202D2028282875696E7470A3
:1082E00074725F74292028265F656E642929202D09
:1082F00020307832303030303030302929203E3D47
:10830000203230343800096D656D6F7279207370DA
:1083100061636520617661696C61626C6520666F7E
:1083200072206E65776C6962206865617020697380
:10833000206C657373207468616E20746865206DAD
:10834000696E696D756D20726571756972656420FD
:1083500073697A6520737065636966696564206214
:108360007920434F4E4649475F4E45574C49425F3F
:108370004C4942435F4D494E5F5245515549524524
:10838000445F484541505F53495A450A002A6C6F83
:10839000636B20213D202828766F6964202A2930CC
:1083A0002900096E6F6E2D7265637572736976654B
:1083B000206C6F636B20616C6C6F636174696F6EAE
:1083C000206661696C65640A000972656375727381
:1083D000697665206C6F636B20616C6C6F63617490
:1083E000696F6E206661696C65640A0061626F7214
:1083F0007428290A00000001000000736F63004424
:1084000065766963652064617461206E6F742066AF
:108410006F756E6420666F7220696E746572666136
:108420006365202575004465766963652064617421
:1084300061206E6F7420666F756E6420666F7220A7
:10844000656E64706F696E74202575004465766989
:1084500063652064617461206E6F7420666F756E51
:108460006420666F72206366672025700025733A6A
:10847000207756616C75652073686F756C64206237
:108480006520300025733A20556E68616E646C6516
:108490006420726571756573742030782530327888
:1084A0000025733A20556E737570706F7274656431
:1084B0002070726F746F636F6C3A20257500686965
:1084C000645F6F6E5F7365745F70726F746F636FFC
:1084D0006C006869645F6F6E5F6765745F70726F70
:1084E000746F636F6C006869645F636C6173735F62
:1084F00068616E646C655F726571007573625F6858
:1085000069640025733A2055534244206576656EB0
:1085100074206D656D6F727920636F7272757074FF
:10852000656400574553545F544F504449522F7A65
:1085300065706879722F647269766572732F7573CE
:10854000622F6465766963652F7573625F64635F2C
:108550006E7266782E6300757362645F776F726BFC
:10856000710065705F6374780025733A205553423B
:1085700044206576656E7420616C6C6F636174690C
:108580006F6E206661696C6564210025733A205521
:108590006E6B6E6F776E2055534220706F776572E9
:1085A000206576656E742025640025733A20556E2B
:1085B0006578706563746564206576656E742028DF
:1085C0006E7266785F75736264293A2025642C2088
:1085D0006570203078253032780025733A205F6549
:1085E000705F7374617475735F6765742066616929
:1085F0006C65642120436F64653A2025640025730F
:108600003A206E6F742061747461636865642C2015
:10861000455020307825303278206576656E74209C
:1086200064726F707065640065705F6374782D3E6E
:108630006366672E74797065203D3D205553425F17
:1086400044435F45505F434F4E54524F4C000949DD
:108650006E76616C6964206576656E74206F6E203D
:108660004354524C2045502E0A0025733A206E5236
:10867000462055534244207472616E7366657220C1
:108680006572726F7220284F5554293A2030782530
:108690003032780025733A204661696C6564207435
:1086A0006F20616C6C6F63206576740025733A20CF
:1086B00055534244206576656E7420717565756505
:1086C0002066756C6C210025733A20556E6B6E6FB9
:1086D000776E2055534244206576656E743A2025A6
:1086E00068640061646472203D3D202875696E7481
:1086F000385F742928284E52465F555342445F54D0
:108700007970652A29203078343030323730303073
:10871000554C292D3E55534241444452000955536E
:1087200042204164647265737320696E636F727274
:10873000656374210A0025733A20696E76616C695D
:108740006420656E64706F696E7420636F6E666915
:108750006775726174696F6E0025733A20696E7671
:10876000616C696420656E64706F696E7420696EF7
:108770006465782F616464726573730025733A20B1
:108780004550206D6178207061636B65742073695A
:108790007A65206D757374206265206120706F7733
:1087A0006572206F6620320025733A205354414C85
:1087B0004C20756E737570706F72746564206F6E87
:1087C0002049534F20656E64706F696E7400257385
:1087D0003A20456E64706F696E74203078253032AF
:1087E00078206973206E6F7420656E61626C6564B9
:1087F0000025733A206E524620555342442077722A
:10880000697465206572726F723A202564000100F8
:1088100002757362645F6576656E745F7472616E13
:10882000736665725F6461746100757362645F652D
:1088300076656E745F7472616E736665725F637481
:10884000726C00757362645F736F665F74726967E0
:108850006765725F69736F5F7265616400757362EB
:10886000645F776F726B5F70726F636573735F7253
:1088700065637672657100757362645F776F726BA2
:108880005F68616E646C657200037573625F646338
:108890005F65705F726561645F636F6E74696E754A
:1088A00065007573625F64635F65705F72656164C4
:1088B0005F77616974007573625F64635F65705FA1
:1088C0007772697465007573625F64635F65705F7A
:1088D0007365745F7374616C6C007573625F64635D
:1088E0005F65705F636F6E6669677572650075734B
:1088F000625F64635F65705F636865636B5F63613C
:108900007000757362645F6576745F616C6C6F6331
:10891000007573625F64635F706F7765725F657621
:10892000656E745F68616E646C6572007573625F1A
:108930006E72667800574553545F544F5044495205
:108940002F7A65706879722F647269766572732FF9
:108950007573622F636F6D6D6F6E2F6E72665F75CC
:108960007362645F636F6D6D6F6E2F6E72665F759D
:108970007362645F636F6D6D6F6E2E6300282828CD
:108980002865702026203078383029203D3D203061
:108990007838302920262620282865702026203087
:1089A000784629203C20392929207C7C2028282829
:1089B00065702026203078383029203D3D20302930
:1089C0002026262028286570202620307846292059
:1089D0003C2039292929006D5F6472765F737461C8
:1089E0007465203D3D204E5246585F4452565F53B9
:1089F000544154455F494E495449414C495A4544B4
:108A0000006B5F73656D5F636F756E745F67657430
:108A10002826646D615F617661696C61626C6529AD
:108A2000203D3D2031006D5F6472765F7374617428
:108A300065203D3D204E5246585F4452565F535488
:108A40004154455F504F57455245445F4F4E0028B3
:108A5000282873697A652026202873697A65202D75
:108A600020312929203D3D203029207C7C202828C8
:108A700065702026203078462920213D2030292984
:108A8000002873697A6520213D203029207C7C20D4
:108A9000282865702026203078462920213D203066
:108AA0002900282828657020262030784629203E75
:108AB0003D203829202626202873697A65203C3DF0
:108AC00020757362645F65705F69736F5F63617067
:108AD0006163697479286570292929207C7C2028A4
:108AE000212828657020262030784629203E3D2008
:108AF0003829202626202873697A65203C3D2036B7
:108B0000342929006576656E745F68616E646C65F2
:108B10007200705F7472616E7366657220213D2011
:108B20002828766F6964202A293029002828657052
:108B30002026203078383029203D3D2030783830CC
:108B400029207C7C2028705F7472616E7366657268
:108B50002D3E705F646174612E7278203D3D202847
:108B600028766F6964202A29302929207C7C2028D6
:108B70006E7266785F69735F696E5F72616D28708F
:108B80005F7472616E736665722D3E705F646174AE
:108B9000612E7278292900216E72665F7573626496
:108BA0005F636F6D6D6F6E5F73757370656E645F1D
:108BB000636865636B282900705F73746174652D49
:108BC0003E6D6F72655F7472616E73616374696F1D
:108BD0006E730074785F73697A65203C3D2036348B
:108BE0000065705F73697A65203E3D206461746141
:108BF0005F73697A650028705F7472616E73666571
:108C0000722D3E705F646174612E7278203D3D204C
:108C10002828766F6964202A29302929207C7C2025
:108C20006E7266785F69735F696E5F72616D2870DE
:108C30005F7472616E736665722D3E705F646174FD
:108C4000612E727829007472616E736665722E737C
:108C5000697A65203D3D2030007472616E736665EF
:108C6000722E73697A65203D3D2072785F73697A50
:108C70006500212828657020262030784629203E6E
:108C80003D2038290028286570202620307838308B
:108C900029203D3D203029006D5F6472765F73743A
:108CA00061746520213D204E5246585F4452565F04
:108CB00053544154455F554E494E495449414C49DE
:108CC0005A4544000001010101016E72665F75732F
:108CD00062645F636F6D6D6F6E00060105010401D4
:108CE000070203010502020103020504010101025A
:108CF0000103010401060108010C01100118012003
:108D000001400180574553545F544F504449522FFE
:108D10007A65706879722F647269766572732F61F3
:108D200064632F6164635F6E7266785F7361616410
:108D3000632E630028696E74657276616C5F75736B
:108D4000203C3D2031323855292026262028696EC6
:108D500074657276616C5F7573203E203029006106
:108D6000646340343030303730303000574553542E
:108D70005F544F504449522F7A65706879722F645E
:108D80007269766572732F636C6F636B5F636F6E6E
:108D900074726F6C2F636C6F636B5F636F6E747252
:108DA0006F6C5F6E72662E630074797065203C2074
:108DB000434C4F434B5F434F4E54524F4C5F4E52C8
:108DC000465F545950455F434F554E5400636C6F96
:108DD000636B403430303030303030006866636C64
:108DE0006B006C66636C6B00636C6F636B5F636FCF
:108DF0006E74726F6C001B5B73001B5B75001B5BFA
:108E0000257544001B5B2575430025733A20696E68
:108E100076616C696420616464726573733A2030B2
:108E2000782530386C783A257A750025733A2075A4
:108E30006E616C69676E65642061646472657373EA
:108E40003A2030782530386C783A257A75002573C9
:108E50003A206E6F7420776F72642D616C69676E53
:108E600065643A2030782530386C783A257A750078
:108E7000666C6173685F6E72665F726561640066DE
:108E80006C6173685F6E72665F77726974650066A5
:108E90006C6173685F6E72665F65726173650066B0
:108EA0006C6173682D636F6E74726F6C6C65724069
:108EB000343030316530303000666C6173685F6E1D
:108EC000726600574553545F544F504449522F7AAD
:108ED00065706879722F696E636C7564652F7A6549
:108EE000706879722F647269766572732F67706922
:108EF0006F2F6770696F5F7574696C732E6800639C
:108F0000616C6C6261636B00094E6F2063616C6C15
:108F10006261636B210A0063616C6C6261636B2D3B
:108F20003E68616E646C657200094E6F2063616C0F
:108F30006C6261636B2068616E646C6572210A000B
:108F4000574553545F544F504449522F7A657068C7
:108F500079722F647269766572732F6770696F2FEB
:108F60006770696F5F6E7266782E6300657272203B
:108F70003D3D204E5246585F5355434345535300A1
:108F80006770696F40353030303033303000677093
:108F9000696F403530303030303030006932630036
:108FA00025733A204E65656420746F2075736520C3
:108FB00074686520696E7465726E616C2064726994
:108FC00076657220627566666572206275742069C6
:108FD00074732073697A6520697320696E7375668E
:108FE00066696369656E7420282575202B202575B8
:108FF000203E202575292E2041646A7573742074E3
:109000006865207A65706879722C636F6E6361742D
:109010002D6275662D73697A65206F72207A65708E
:109020006879722C666C6173682D6275662D6D614E
:10903000782D73697A652070726F7065727479200B
:1090400028746865206F6E65207769746820677280
:1090500065617465722076616C75652920696E2082
:109060007468652022257322206E6F64652E006966
:1090700032635F6E7266785F7477696D5F74726178
:109080006E7366657200693263403430303033305D
:109090003030006932635F6E7266785F7477696D35
:1090A0000025733A20756E737570706F7274656405
:1090B0002073706565640025733A20547279696E77
:1090C0006720746F207472616E73666572206D6FB5
:1090D0007265207468616E20746865206D617869BE
:1090E0006D756D2073697A6520666F72207468698A
:1090F00073206465766963653A202564203E2025E7
:10910000640025733A204661696C656420746F20A1
:10911000696E697469616C697A65206465766963F2
:10912000653A2025730025733A2064657669636586
:1091300020616374697665006932635F6E72667878
:109140005F7477696D5F636F6D6D6F6E5F64656986
:109150006E6974006932635F6E7266785F747769F6
:109160006D5F636F6D6D6F6E5F696E6974006932FC
:10917000635F6E7266785F7477696D5F6D73675F4A
:109180007472616E73666572006932635F6E7266D7
:10919000785F7477696D5F636F6E66696775726516
:1091A000000001020304050607574553545F544F5E
:1091B000504449522F6D6F64756C65732F68616CF4
:1091C0002F6E6F726469632F6E7266782F68616CA0
:1091D0002F6E72665F70776D2E68006368616E6EC9
:1091E000656C203C20340025733A20496E76616C12
:1091F0006964206368616E6E656C3A2025752E0087
:1092000025733A20496E636F6D70617469626C6595
:1092100020706572696F642E0025733A2050726564
:109220007363616C657220666F7220706572696F1E
:10923000645F6379636C6573202575206E6F74209D
:10924000666F756E642E0070776D5F6E7266785F04
:10925000696E69740070776D5F706572696F645FC5
:10926000636865636B5F616E645F736574007077DC
:109270006D5F6E7266785F7365745F6379636C654A
:10928000730070776D4034303031633030300070AF
:10929000776D5F6E7266780025733A204750494FAC
:1092A00020706F72743A202573206E6F742072657F
:1092B00061647900726567756C61746F725F66696D
:1092C0007865645F696E6974006C736D36647333BE
:1092D00074722D632D656E006D736D32363164339B
:1092E000353236686963706D2D632D656E00726569
:1092F00067756C61746F725F66697865640067702A
:1093000072656772657432403430303030353230D7
:109310000067707265677265743140343030303088
:109320003531630072657461696E65645F6D656D8A
:109330005F6E72665F6770726567726574007265F2
:109340007461696E65646D656D0072657461696EE6
:1093500065645F6D656D5F7A65706879725F726173
:109360006D007761746368646F674034303031300A
:10937000303030007764745F6E7266780057455302
:10938000545F544F504449522F6E72662F7375626A
:109390007379732F6573622F6573622E630057456F
:1093A00053545F544F504449522F6D6F64756C6530
:1093B000732F68616C2F6E6F726469632F6E7266B3
:1093C000782F68616C2F6E72665F726164696F2EB0
:1093D0006800726164696F5F6672657175656E635E
:1093E00079203C3D20323530300025733A204661EB
:1093F000696C656420746F20696E697469616C6959
:109400007A65206E7266782074696D6572202865B1
:109410007272202564290025733A204661696C65C3
:109420006420746F20696E697469616C697A652063
:109430004553422073797374656D2074696D65724C
:109440000025733A204661696C656420746F206959
:109450006E697469616C697A65205050490006052F
:1094600000010100000000007379735F74696D658D
:10947000725F696E6974006573625F696E6974001A
:1094800025733A20677070695F67726F75705F61EE
:109490006C6C6F63206661696C65642077697468C1
:1094A0003A2025640A0025733A20677070695F636B
:1094B00068616E6E656C5F616C6C6F63206661697C
:1094C0006C656420776974683A2025640A00574502
:1094D00053545F544F504449522F6E72662F737528
:1094E000627379732F6573622F6573625F70706941
:1094F0002E6300094661696C656420746F20667292
:10950000656520505049207265736F75726365738D
:109510000A006573625F7070695F696E697400004C
:109520000000000001010000000000574553545F97
:10953000544F504449522F6D6F64756C65732F689A
:10954000616C2F6E6F726469632F6E7266782F681C
:10955000656C706572732F6E7266785F72616D5F95
:109560006374726C2E63006E7266785F69735F69F4
:109570006E5F72616D28705F6F626A656374290047
:109580006C656E6774680000100111021203130409
:10959000140515061607170808080808080808180B
:1095A000181818181818182828282828282828389B
:1095B000383838383838384848484848484848588B
:1095C00058585858585858574553545F544F50445A
:1095D00049522F6D6F64756C65732F68616C2F6EC7
:1095E0006F726469632F6E7266782F647269766534
:1095F00072732F7372632F6E7266785F636C6F6322
:109600006B2E6300574553545F544F504449522FBB
:109610006D6F64756C65732F68616C2F6E6F72640B
:1096200069632F6E7266782F68616C2F6E72665F49
:10963000636C6F636B2E68006D5F636C6F636B5F51
:1096400063622E6D6F64756C655F696E69746961C4
:109650006C697A656400574553545F544F504449D0
:10966000522F6D6F64756C65732F68616C2F6E6F10
:10967000726469632F6E7266782F68616C2F6E72E8
:10968000665F6770696F74652E6800696E646578DF
:10969000203C203800574553545F544F50444952A2
:1096A0002F6D6F64756C65732F68616C2F6E6F72B0
:1096B0006469632F6E7266782F647269766572735F
:1096C0002F7372632F6E7266785F6770696F74654F
:1096D0002E63006E7266795F6770696F5F70696E86
:1096E0005F70726573656E745F636865636B287025
:1096F000696E290070696E5F69735F696E70757459
:1097000028705F696E7374616E63652C2070696E7A
:10971000290070696E5F6861735F7472696767655D
:109720007228705F696E7374616E63652C20706956
:109730006E2900705F6368616E6E656C00696E749F
:109740005F656E61626C6500002030303030303013
:1097500030303030303030300001574553545F5492
:109760004F504449522F6D6F64756C65732F68615B
:109770006C2F6E6F726469632F6E7266782F6472DD
:1097800069766572732F7372632F6E7266785F6E7F
:10979000766D632E630062797465735F636F756EB7
:1097A00074203C3D202834202D20627974655F733D
:1097B00068696674290069735F76616C69645F61CA
:1097C00064647265737328616464722C20302900AC
:1097D00069735F76616C69645F61646472657373F9
:1097E00028616464722C203129006E7266785F698A
:1097F000735F776F72645F616C69676E6564282858
:10980000766F696420636F6E7374202A29616464C3
:10981000722900574553545F544F504449522F6D9D
:109820006F64756C65732F68616C2F6E6F726469FD
:10983000632F6E7266782F647269766572732F7308
:1098400072632F6E7266785F706F7765722E630039
:10985000705F636F6E66696700705F636F6E6669E5
:109860006720213D202828766F6964202A29302925
:10987000006D5F706F667761726E5F68616E646CB9
:10988000657220213D202828766F6964202A2930BE
:1098900029006D5F736C6565706576745F68616ED5
:1098A000646C657220213D202828766F6964202A27
:1098B000293029006D5F7573626576745F68616E2B
:1098C000646C657220213D202828766F6964202A07
:1098D00029302900000001000000705F73657120CD
:1098E000213D202828766F6964202A2930290070BC
:1098F0005F76616C75657320213D202828766F693D
:1099000064202A293029006C656E67746820213D27
:109910002030006C656E677468203C3D20283078EC
:1099200037464646554C203C3C202830554C29298A
:109930000072656672657368203C3D202830784669
:109940004646464646554C203C3C202830554C293E
:109950002900656E645F64656C6179203C3D202858
:109960003078464646464646554C203C3C202830FA
:10997000554C292900746F705F76616C7565203CC9
:109980003D2028307837464646554C203C3C202820
:1099900030554C292900574553545F544F50444982
:1099A000522F6D6F64756C65732F68616C2F6E6FCD
:1099B000726469632F6E7266782F6472697665725D
:1099C000732F7372632F6E7266785F70776D2E637C
:1099D00000705F63622D3E737461746520213D20C9
:1099E0004E5246585F4452565F53544154455F555A
:1099F0004E494E495449414C495A454400706C61A6
:109A0000796261636B5F636F756E74203E20300016
:109A10006E7266785F69735F696E5F72616D2870E0
:109A20005F73657175656E63652D3E76616C7565F6
:109A3000732E705F72617729006D5F63625B705F88
:109A4000696E7374616E63652D3E696E7374616EC9
:109A500063655F69645D2E737461746520213D20C8
:109A60004E5246585F4452565F53544154455F55D9
:109A70004E494E495449414C495A45440057455373
:109A8000545F544F504449522F6D6F64756C657329
:109A90002F68616C2F6E6F726469632F6E726678C7
:109AA0002F647269766572732F7372632F6E72669C
:109AB000785F73616164632E630063685F746F5FD6
:109AC00061637469766174655F6D61736B0063686F
:109AD0005F746F5F61637469766174655F6D6173F4
:109AE0006B203C202831203C3C20382900705F63EB
:109AF00068616E6E656C2D3E70696E5F7020213DF1
:109B0000204E52465F53414144435F494E505554A5
:109B10005F44495341424C4544006D5F63622E737C
:109B2000616164635F737461746520213D204E52EE
:109B3000465F53414144435F53544154455F554E42
:109B4000494E495449414C495A454400705F636845
:109B5000616E6E656C73006368616E6E656C5F63E9
:109B60006F756E74203C3D203800574553545F5448
:109B70004F504449522F6D6F64756C65732F686147
:109B80006C2F6E6F726469632F6E7266782F6861D6
:109B90006C2F6E72665F73616164632E6800286368
:109BA00063203E3D20283830554C29292026262088
:109BB000286363203C3D202832303437554C292916
:109BC000006D5F63622E73616164635F73746174BF
:109BD0006520213D204E52465F53414144435F532F
:109BE000544154455F49444C4500574553545F54D4
:109BF0004F504449522F6D6F64756C65732F6861C7
:109C00006C2F6E6F726469632F6E7266782F647248
:109C100069766572732F7372632F6E7266785F74E4
:109C2000696D65722E6300282828705F696E7374F1
:109C3000616E63652D3E705F726567203D3D202833
:109C4000284E52465F54494D45525F547970652AFB
:109C5000292030783430303038303030554C292994
:109C600020262620283332203D3D2038203F202842
:109C7000705F636F6E6669672D3E6269745F7769B6
:109C8000647468203D3D204E52465F54494D455214
:109C90005F4249545F57494454485F3829203A206D
:109CA000283332203D3D203136203F2028705F632D
:109CB0006F6E6669672D3E6269745F776964746868
:109CC000203D3D204E52465F54494D45525F42492A
:109CD000545F57494454485F3829207C7C202870C1
:109CE0005F636F6E6669672D3E6269745F77696452
:109CF0007468203D3D204E52465F54494D45525FA9
:109D00004249545F57494454485F313629203A202C
:109D1000283332203D3D203234203F2028705F63BD
:109D20006F6E6669672D3E6269745F7769647468F7
:109D3000203D3D204E52465F54494D45525F4249B9
:109D4000545F57494454485F3829207C7C20287050
:109D50005F636F6E6669672D3E6269745F776964E1
:109D60007468203D3D204E52465F54494D45525F38
:109D70004249545F57494454485F313629207C7C1E
:109D80002028705F636F6E6669672D3E6269745F3D
:109D90007769647468203D3D204E52465F54494DBA
:109DA00045525F4249545F57494454485F32342911
:109DB000203A20283332203D3D203332203F2028D6
:109DC000705F636F6E6669672D3E6269745F776965
:109DD000647468203D3D204E52465F54494D4552C3
:109DE0005F4249545F57494454485F3829207C7C7E
:109DF0002028705F636F6E6669672D3E6269745FCD
:109E00007769647468203D3D204E52465F54494D49
:109E100045525F4249545F57494454485F3136299F
:109E2000207C7C2028705F636F6E6669672D3E62C0
:109E300069745F7769647468203D3D204E52465FC7
:109E400054494D45525F4249545F57494454485F15
:109E5000323429207C7C2028705F636F6E666967CE
:109E60002D3E6269745F7769647468203D3D204EC1
:109E700052465F54494D45525F4249545F574944E9
:109E800054485F333229203A2030292929292920B2
:109E90007C7C202828705F696E7374616E63652D09
:109EA0003E705F726567203D3D2028284E52465F18
:109EB00054494D45525F547970652A2920307834D1
:109EC00030303039303030554C2929202626202892
:109ED0003332203D3D2038203F2028705F636F6E75
:109EE0006669672D3E6269745F7769647468203DB6
:109EF0003D204E52465F54494D45525F4249545FA2
:109F000057494454485F3829203A20283332203DAD
:109F10003D203136203F2028705F636F6E66696791
:109F20002D3E6269745F7769647468203D3D204E00
:109F300052465F54494D45525F4249545F57494428
:109F400054485F3829207C7C2028705F636F6E66E0
:109F500069672D3E6269745F7769647468203D3D6E
:109F6000204E52465F54494D45525F4249545F5717
:109F7000494454485F313629203A20283332203D65
:109F80003D203234203F2028705F636F6E66696722
:109F90002D3E6269745F7769647468203D3D204E90
:109FA00052465F54494D45525F4249545F574944B8
:109FB00054485F3829207C7C2028705F636F6E6670
:109FC00069672D3E6269745F7769647468203D3DFE
:109FD000204E52465F54494D45525F4249545F57A7
:109FE000494454485F313629207C7C2028705F63C7
:109FF0006F6E6669672D3E6269745F776964746825
:10A00000203D3D204E52465F54494D45525F4249E6
:10A01000545F57494454485F323429203A2028334A
:10A0200032203D3D203332203F2028705F636F6E29
:10A030006669672D3E6269745F7769647468203D64
:10A040003D204E52465F54494D45525F4249545F50
:10A0500057494454485F3829207C7C2028705F632E
:10A060006F6E6669672D3E6269745F7769647468B4
:10A07000203D3D204E52465F54494D45525F424976
:10A08000545F57494454485F313629207C7C20284E
:10A09000705F636F6E6669672D3E6269745F776992
:10A0A000647468203D3D204E52465F54494D4552F0
:10A0B0005F4249545F57494454485F323429207CF9
:10A0C0007C2028705F636F6E6669672D3E626974DD
:10A0D0005F7769647468203D3D204E52465F544965
:10A0E0004D45525F4249545F57494454485F3332AB
:10A0F00029203A20302929292929207C7C20282838
:10A10000705F696E7374616E63652D3E705F72651A
:10A1100067203D3D2028284E52465F54494D455208
:10A120005F547970652A29203078343030304130DE
:10A130003030554C292920262620283332203D3D19
:10A140002038203F2028705F636F6E6669672D3E60
:10A150006269745F7769647468203D3D204E5246A1
:10A160005F54494D45525F4249545F5749445448F2
:10A170005F3829203A20283332203D3D20313620D7
:10A180003F2028705F636F6E6669672D3E62697459
:10A190005F7769647468203D3D204E52465F5449A4
:10A1A0004D45525F4249545F57494454485F3829EE
:10A1B000207C7C2028705F636F6E6669672D3E622D
:10A1C00069745F7769647468203D3D204E52465F34
:10A1D00054494D45525F4249545F57494454485F82
:10A1E000313629203A20283332203D3D2032342098
:10A1F0003F2028705F636F6E6669672D3E626974E9
:10A200005F7769647468203D3D204E52465F544933
:10A210004D45525F4249545F57494454485F38297D
:10A22000207C7C2028705F636F6E6669672D3E62BC
:10A2300069745F7769647468203D3D204E52465FC3
:10A2400054494D45525F4249545F57494454485F11
:10A25000313629207C7C2028705F636F6E666967C9
:10A260002D3E6269745F7769647468203D3D204EBD
:10A2700052465F54494D45525F4249545F574944E5
:10A2800054485F323429203A20283332203D3D2083
:10A290003332203F2028705F636F6E6669672D3E02
:10A2A0006269745F7769647468203D3D204E524650
:10A2B0005F54494D45525F4249545F5749445448A1
:10A2C0005F3829207C7C2028705F636F6E66696729
:10A2D0002D3E6269745F7769647468203D3D204E4D
:10A2E00052465F54494D45525F4249545F57494475
:10A2F00054485F313629207C7C2028705F636F6E64
:10A300006669672D3E6269745F7769647468203D91
:10A310003D204E52465F54494D45525F4249545F7D
:10A3200057494454485F323429207C7C2028705F90
:10A33000636F6E6669672D3E6269745F77696474E6
:10A3400068203D3D204E52465F54494D45525F4284
:10A3500049545F57494454485F333229203A2030EA
:10A360002929292929207C7C202828705F696E737F
:10A3700074616E63652D3E705F726567203D3D20A0
:10A3800028284E52465F54494D45525F54797065B6
:10A390002A292030783430303141303030554C2942
:10A3A0002920262620283332203D3D2038203F20FA
:10A3B00028705F636F6E6669672D3E6269745F77B0
:10A3C00069647468203D3D204E52465F54494D45B6
:10A3D000525F4249545F57494454485F3829203AF4
:10A3E00020283332203D3D203136203F2028705F29
:10A3F000636F6E6669672D3E6269745F7769647426
:10A4000068203D3D204E52465F54494D45525F42C3
:10A4100049545F57494454485F3829207C7C2028A0
:10A42000705F636F6E6669672D3E6269745F7769FE
:10A43000647468203D3D204E52465F54494D45525C
:10A440005F4249545F57494454485F313629203AA6
:10A4500020283332203D3D203234203F2028705FB9
:10A46000636F6E6669672D3E6269745F77696474B5
:10A4700068203D3D204E52465F54494D45525F4253
:10A4800049545F57494454485F3829207C7C202830
:10A49000705F636F6E6669672D3E6269745F77698E
:10A4A000647468203D3D204E52465F54494D4552EC
:10A4B0005F4249545F57494454485F313629207CF4
:10A4C0007C2028705F636F6E6669672D3E626974D9
:10A4D0005F7769647468203D3D204E52465F544961
:10A4E0004D45525F4249545F57494454485F3234A6
:10A4F00029203A20283332203D3D203332203F208E
:10A5000028705F636F6E6669672D3E6269745F775E
:10A5100069647468203D3D204E52465F54494D4564
:10A52000525F4249545F57494454485F3829207C60
:10A530007C2028705F636F6E6669672D3E62697468
:10A540005F7769647468203D3D204E52465F5449F0
:10A550004D45525F4249545F57494454485F313634
:10A5600029207C7C2028705F636F6E6669672D3EB2
:10A570006269745F7769647468203D3D204E52467D
:10A580005F54494D45525F4249545F5749445448CE
:10A590005F323429207C7C2028705F636F6E66698F
:10A5A000672D3E6269745F7769647468203D3D2061
:10A5B0004E52465F54494D45525F4249545F574998
:10A5C0004454485F333229203A2030292929292947
:10A5D000207C7C202828705F696E7374616E6365CF
:10A5E0002D3E705F726567203D3D2028284E524603
:10A5F0005F54494D45525F547970652A292030785F
:10A600003430303142303030554C29292026262034
:10A61000283332203D3D2038203F2028705F636F73
:10A620006E6669672D3E6269745F7769647468203D
:10A630003D3D204E52465F54494D45525F4249547C
:10A640005F57494454485F3829203A202833322044
:10A650003D3D203136203F2028705F636F6E666974
:10A66000672D3E6269745F7769647468203D3D20A0
:10A670004E52465F54494D45525F4249545F5749D7
:10A680004454485F3829207C7C2028705F636F6EBB
:10A690006669672D3E6269745F7769647468203DFE
:10A6A0003D204E52465F54494D45525F4249545FEA
:10A6B00057494454485F313629203A202833322004
:10A6C0003D3D203234203F2028705F636F6E666905
:10A6D000672D3E6269745F7769647468203D3D2030
:10A6E0004E52465F54494D45525F4249545F574967
:10A6F0004454485F3829207C7C2028705F636F6E4B
:10A700006669672D3E6269745F7769647468203D8D
:10A710003D204E52465F54494D45525F4249545F79
:10A7200057494454485F313629207C7C2028705F8B
:10A73000636F6E6669672D3E6269745F77696474E2
:10A7400068203D3D204E52465F54494D45525F4280
:10A7500049545F57494454485F323429203A2028ED
:10A760003332203D3D203332203F2028705F636F1D
:10A770006E6669672D3E6269745F776964746820EC
:10A780003D3D204E52465F54494D45525F4249542B
:10A790005F57494454485F3829207C7C2028705FEB
:10A7A000636F6E6669672D3E6269745F7769647472
:10A7B00068203D3D204E52465F54494D45525F4210
:10A7C00049545F57494454485F313629207C7C20E6
:10A7D00028705F636F6E6669672D3E6269745F778C
:10A7E00069647468203D3D204E52465F54494D4592
:10A7F000525F4249545F57494454485F32342920DC
:10A800007C7C2028705F636F6E6669672D3E62698D
:10A81000745F7769647468203D3D204E52465F54F2
:10A82000494D45525F4249545F57494454485F334C
:10A830003229203A20302929292929207C7C2030DE
:10A84000207C7C2030207C7C2030207C7C203020B0
:10A850007C7C2030207C7C2030207C7C2030207C44
:10A860007C2030207C7C2030207C7C2030207C7C34
:10A870002030207C7C2030207C7C2030207C7C2080
:10A8800030207C7C2030207C7C2030207C7C203060
:10A89000207C7C2030207C7C2030207C7C20302957
:10A8A00000574553545F544F504449522F6D6F64C5
:10A8B000756C65732F68616C2F6E6F726469632F9E
:10A8C0006E7266782F647269766572732F73726325
:10A8D0002F6E7266785F7477696D2E6300705F63A8
:10A8E0006F6E6669672D3E73636C5F70696E2021C1
:10A8F0003D20705F636F6E6669672D3E7364615FB4
:10A9000070696E00705F63622D3E737461746520C0
:10A910003D3D204E5246585F4452565F5354415479
:10A92000455F494E495449414C495A4544002828FD
:10A930002828705F696E7374616E63652D3E647262
:10A94000765F696E73745F69647829203D3D204E9F
:10A950005246585F5457494D305F494E53545F49F2
:10A9600044582920262620282828705F786665729A
:10A970005F646573632D3E7072696D6172795F6C9F
:10A98000656E67746829203C20283155203C3C20A6
:10A9900031362929202626202828705F786665729E
:10A9A0005F646573632D3E7365636F6E6461727976
:10A9B0005F6C656E67746829203C20283155203C07
:10A9C0003C20313629292929207C7C2030207C7CA0
:10A9D0002030207C7C2030207C7C2030207C7C201F
:10A9E00030207C7C2030207C7C2030207C7C2030FF
:10A9F000207C7C2030207C7C2030207C7C203020FF
:10AA00007C7C2030207C7C2030207C7C2030207C92
:10AA10007C2030207C7C2030207C7C2030207C7C82
:10AA20002030207C7C2030207C7C2030207C7C20CE
:10AA300030207C7C2030207C7C2030207C7C2030AE
:10AA4000207C7C2030207C7C2030207C7C203020AE
:10AA50007C7C2030207C7C2030207C7C2030207C42
:10AA60007C2030207C7C2030207C7C2030207C7C32
:10AA70002030207C7C2030207C7C2030207C7C207E
:10AA800030207C7C2030207C7C2030207C7C20305E
:10AA9000207C7C2030207C7C2030207C7C2030205E
:10AAA0007C7C2030207C7C2030207C7C2030207CF2
:10AAB0007C2030207C7C2030207C7C2030207C7CE2
:10AAC0002030207C7C2030207C7C2030207C7C202E
:10AAD00030207C7C2030207C7C2030207C7C20300E
:10AAE000207C7C2030207C7C2030207C7C2030200E
:10AAF0007C7C2030207C7C2030207C7C2030207CA2
:10AB00007C2030207C7C2030207C7C2030207C7C91
:10AB10002030207C7C2030207C7C2030207C7C20DD
:10AB200030207C7C2030207C7C2030207C7C2030BD
:10AB3000207C7C2030207C7C2030207C7C203020BD
:10AB40007C7C2030207C7C2030207C7C2030207C51
:10AB50007C2030207C7C2030207C7C2030207C7C41
:10AB60002030207C7C2030207C7C2030207C7C208D
:10AB700030207C7C2030207C7C2030207C7C20306D
:10AB8000207C7C2030207C7C2030207C7C2030206D
:10AB90007C7C2030207C7C2030207C7C2030207C01
:10ABA0007C2030207C7C2030207C7C2030207C7CF1
:10ABB0002030207C7C2030207C7C2030207C7C203D
:10ABC00030207C7C2030207C7C2030207C7C20301D
:10ABD000207C7C2030207C7C2030207C7C2030201D
:10ABE0007C7C2030207C7C2030207C7C2030207CB1
:10ABF0007C2030207C7C2030207C7C2030207C7CA1
:10AC00002030207C7C2030207C7C2030207C7C20EC
:10AC100030207C7C2030207C7C2030207C7C2030CC
:10AC2000207C7C2030207C7C2030207C7C203020CC
:10AC30007C7C2030207C7C2030207C7C2030207C60
:10AC40007C2030207C7C2030207C7C2030207C7C50
:10AC50002030207C7C2030207C7C2030207C7C209C
:10AC600030207C7C2030207C7C2030207C7C20307C
:10AC7000207C7C2030207C7C2030207C7C2030207C
:10AC80007C7C2030207C7C2030207C7C2030207C10
:10AC90007C2030207C7C2030207C7C2030207C7C00
:10ACA0002030207C7C2030207C7C2030207C7C204C
:10ACB00030207C7C2030207C7C2030207C7C20302C
:10ACC000207C7C2030207C7C2030207C7C2030202C
:10ACD0007C7C2030207C7C2030207C7C2030207CC0
:10ACE0007C2030207C7C2030207C7C2030207C7CB0
:10ACF0002030207C7C2030207C7C2030207C7C20FC
:10AD000030207C7C2030207C7C2030207C7C2030DB
:10AD1000207C7C2030207C7C2030207C7C203020DB
:10AD20007C7C2030207C7C2030207C7C2030207C6F
:10AD30007C2030207C7C2030207C7C2030207C7C5F
:10AD40002030207C7C2030207C7C2030207C7C20AB
:10AD500030207C7C2030207C7C2030207C7C20308B
:10AD6000207C7C2030207C7C2030207C7C2030208B
:10AD70007C7C2030207C7C2030207C7C2030207C1F
:10AD80007C2030207C7C2030207C7C2030207C7C0F
:10AD90002030207C7C2030207C7C2030207C7C205B
:10ADA00030207C7C2030207C7C2030207C7C20303B
:10ADB000207C7C2030207C7C2030207C7C2030203B
:10ADC0007C7C2030207C7C2030207C7C2030207CCF
:10ADD0007C2030207C7C2030207C7C2030207C7CBF
:10ADE0002030207C7C2030207C7C2030207C7C200B
:10ADF00030207C7C2030207C7C2030207C7C2030EB
:10AE0000207C7C2030207C7C2030207C7C203020EA
:10AE10007C7C2030207C7C2030207C7C2030207C7E
:10AE20007C2030207C7C2030207C7C2030207C7C6E
:10AE30002030207C7C2030207C7C2030207C7C20BA
:10AE400030207C7C2030207C7C2030207C7C20309A
:10AE5000207C7C2030207C7C2030207C7C2030209A
:10AE60007C7C2030207C7C2030207C7C2030207C2E
:10AE70007C2030207C7C2030207C7C2030207C7C1E
:10AE80002030207C7C2030207C7C2030207C7C206A
:10AE900030207C7C2030207C7C2030207C7C20304A
:10AEA000207C7C2030207C7C2030207C7C2030204A
:10AEB0007C7C2030207C7C2030207C7C2030207CDE
:10AEC0007C2030207C7C2030207C7C2030207C7CCE
:10AED0002030207C7C2030207C7C2030207C7C201A
:10AEE00030207C7C2030207C7C2030207C7C2030FA
:10AEF000207C7C2030207C7C2030207C7C203020FA
:10AF00007C7C2030207C7C2030207C7C2030207C8D
:10AF10007C2030207C7C2030207C7C2030207C7C7D
:10AF20002030207C7C2030207C7C2030207C7C20C9
:10AF300030207C7C2030207C7C2030207C7C2030A9
:10AF4000207C7C2030207C7C2030207C7C203020A9
:10AF50007C7C2030207C7C2030207C7C2030207C3D
:10AF60007C2030207C7C2030207C7C2030207C7C2D
:10AF70002030207C7C2030207C7C2030207C7C2079
:10AF800030207C7C2030207C7C2030207C7C203059
:10AF9000207C7C2030207C7C2030207C7C20302059
:10AFA0007C7C2030207C7C2030207C7C2030207CED
:10AFB0007C2030207C7C2030207C7C2030207C7CDD
:10AFC0002030207C7C2030207C7C2030207C7C2029
:10AFD00030207C7C2030207C7C2030207C7C203009
:10AFE000207C7C2030207C7C2030207C7C20302009
:10AFF0007C7C2030207C7C2030207C7C2030207C9D
:10B000007C2030207C7C2030207C7C2030207C7C8C
:10B010002030207C7C2030207C7C2030207C7C20D8
:10B0200030207C7C2030207C7C2030207C7C2030B8
:10B03000207C7C2030207C7C2030207C7C203020B8
:10B040007C7C2030207C7C2030207C7C2030207C4C
:10B050007C2030207C7C2030207C7C2030207C7C3C
:10B060002030207C7C2030207C7C2030207C7C2088
:10B0700030207C7C2030207C7C2030207C7C203068
:10B08000207C7C2030207C7C2030207C7C20302068
:10B090007C7C2030207C7C2030207C7C2030207CFC
:10B0A0007C2030207C7C2030207C7C2030207C7CEC
:10B0B0002030207C7C2030207C7C2030207C7C2038
:10B0C00030207C7C2030207C7C2030207C7C203018
:10B0D000207C7C2030207C7C2030207C7C20302018
:10B0E0007C7C2030207C7C20302900705F63622DC6
:10B0F0003E7374617465203D3D204E5246585F4456
:10B1000052565F53544154455F504F574552454442
:10B110005F4F4E00212828705F63622D3E68616E8C
:10B12000646C6572203D3D202828766F6964202A72
:10B13000293029292026262028705F786665725FCD
:10B14000646573632D3E74797065203D3D204E52D9
:10B1500046585F5457494D5F584645525F545852C0
:10B1600058292900212828705F63622D3E68616E8E
:10B17000646C6572203D3D202828766F6964202A22
:10B18000293029292026262028705F786665725F7D
:10B19000646573632D3E74797065203D3D204E5289
:10B1A00046585F5457494D5F584645525F5458546E
:10B1B000582929002128666C6167732026202831D0
:10B1C000554C203C3C20342929002128666C6167BD
:10B1D000732026202831554C203C3C20332929005F
:10B1E0002128666C6167732026202831554C203C4D
:10B1F0003C2032292900705F63622D3E68616E64D5
:10B200006C657200010000000000574553545F5404
:10B210004F504449522F6D6F64756C65732F686190
:10B220006C2F6E6F726469632F6E7266782F647212
:10B2300069766572732F7372632F6E7266785F77AB
:10B2400064742E63007469636B73203C3D20283066
:10B25000786666666666666666554C2900705F634A
:10B26000622D3E616C6C6F635F696E64657820214E
:10B270003D203000705F6368616E6E656C5F69646D
:10B28000006D5F63625B705F696E7374616E6365AE
:10B290002D3E6472765F696E73745F6964785D2EAB
:10B2A0007374617465203D3D204E5246585F445290
:10B2B000565F53544154455F504F57455245445F84
:10B2C0004F4E005465726D696E616C0000000000A5
:10B2D00000005454522052454747455300574553A8
:10B2E000545F544F504449522F7A65706879722FD9
:10B2F0006B65726E656C2F6465766963652E63009D
:10B30000646576203C3D205F6465766963655F6CAB
:10B310006973745F656E6400556E6B6E6F776E2037
:10B320006572726F720025733A203E3E3E205A4588
:10B330005048595220464154414C204552524F5298
:10B340002025643A202573206F6E20435055202518
:10B35000640025733A204661756C742064757269C7
:10B360006E6720696E746572727570742068616EA4
:10B37000646C696E670A0025733A204375727265C2
:10B380006E74207468726561643A202570202825E7
:10B39000732900574553545F544F504449522F7AF4
:10B3A00065706879722F6B65726E656C2F6661745B
:10B3B000616C2E6300726561736F6E20213D204BBE
:10B3C0005F4552525F4B45524E454C5F50414E498E
:10B3D000430009417474656D7074656420746F2056
:10B3E0007265636F7665722066726F6D2061206B87
:10B3F00065726E656C2070616E696320636F6E6448
:10B400006974696F6E0A00556E68616E646C65647C
:10B4100020696E74657272757074004B65726E652A
:10B420006C2070616E6963007A5F666174616C5F45
:10B430006572726F7200574553545F544F504449C0
:10B44000522F7A65706879722F6B65726E656C2FFA
:10B45000696E69742E63007468726561645F64610B
:10B460007461203C3D205F5F7374617469635F7435
:10B4700068726561645F646174615F6C6973745F55
:10B48000656E640069646C65006F730057455354C2
:10B490005F544F504449522F7A65706879722F6B10
:10B4A00065726E656C2F6D656D5F736C61622E6386
:10B4B00000736C6162203C3D205F6B5F6D656D5F6A
:10B4C000736C61625F6C6973745F656E640028738E
:10B4D0006C61622D3E667265655F6C697374203DB8
:10B4E0003D202828766F6964202A293029202626C5
:10B4F00020736C61622D3E696E666F2E6E756D5F96
:10B5000075736564203D3D20736C61622D3E696EEC
:10B51000666F2E6E756D5F626C6F636B7329207C36
:10B520007C20736C61625F7074725F69735F676FB8
:10B530006F6428736C61622C20736C61622D3E66AF
:10B540007265655F6C697374290009736C616220B0
:10B55000636F7272757074696F6E20646574656371
:10B560007465640A0009496E76616C6964206D65D2
:10B570006D6F727920706F696E7465722070726F72
:10B5800076696465640A00574553545F544F5044CC
:10B5900049522F7A65706879722F6B65726E656C8F
:10B5A0002F696E636C7564652F6B73636865642EB9
:10B5B000680021617263685F6972715F756E6C6F9C
:10B5C000636B6564286B65792900090A00746872E9
:10B5D0006561642D3E626173652E70656E6465649D
:10B5E0005F6F6E00574553545F544F504449522F7C
:10B5F0007A65706879722F6B65726E656C2F6964FD
:10B600006C652E63005F6B65726E656C2E63707582
:10B61000735B305D2E63757272656E742D3E626170
:10B6200073652E7072696F203E3D20300057455380
:10B63000545F544F504449522F7A65706879722F85
:10B640006B65726E656C2F6D73675F712E63002181
:10B65000617263685F69735F696E5F6973722829DD
:10B66000207C7C20282874696D656F7574292E7480
:10B6700069636B73203D3D202828286B5F74696DDA
:10B68000656F75745F7429207B307D29292E74695C
:10B69000636B7329006D7367712D3E7772697465F2
:10B6A0005F707472203E3D206D7367712D3E627530
:10B6B000666665725F7374617274202626206D73EE
:10B6C00067712D3E77726974655F707472203C20DB
:10B6D0006D7367712D3E6275666665725F656E6437
:10B6E00000574553545F544F504449522F7A657068
:10B6F0006879722F6B65726E656C2F6D75746578E5
:10B700002E630021617263685F69735F696E5F69B0
:10B710007372282900096D757465786573206361FB
:10B720006E6E6F74206265207573656420696E7338
:10B7300069646520495352730A006D757465782DEC
:10B740003E6C6F636B5F636F756E74203E20305587
:10B7500000574553545F544F504449522F7A6570F7
:10B760006879722F6B65726E656C2F73656D2E63D1
:10B77000002828617263685F69735F696E5F69732F
:10B78000722829203D3D203029207C7C20282874E7
:10B79000696D656F7574292E7469636B73203D3D07
:10B7A000202828286B5F74696D656F75745F742934
:10B7B000207B307D29292E7469636B7329290057FA
:10B7C0004553545F544F504449522F7A65706879FD
:10B7D000722F6B65726E656C2F776F726B2E6300C4
:10B7E000776F726B2D3E717565756520213D202840
:10B7F00028766F6964202A29302900776F726B2DB3
:10B800003E68616E646C657220213D202828766F49
:10B810006964202A2930290021666C61675F74659C
:10B820007374282671756575652D3E666C61677346
:10B830002C204B5F574F524B5F51554555455F5339
:10B840005441525445445F4249542900717565750D
:10B85000650064776F726B20213D202828766F6920
:10B8600064202A29302900574553545F544F5044CF
:10B8700049522F7A65706879722F6B65726E656CAC
:10B880002F7468726561642E6300282828287072FE
:10B89000696F2929203D3D203135202626207A5FF9
:10B8A00069735F69646C655F7468726561645F6524
:10B8B0006E7472792828656E747279292929207C22
:10B8C0007C202828283135202D203129203E3D207C
:10B8D00028282D313629292920262620282870724B
:10B8E000696F2929203E3D2028282D31362929201D
:10B8F00026262028287072696F2929203C3D20289F
:10B900003135202D20312929290009696E76616C95
:10B910006964207072696F726974792028256429BE
:10B920003B20616C6C6F7765642072616E67653A6D
:10B9300020256420746F2025640A0009546872650C
:10B94000616473206D6179206E6F7420626520637D
:10B9500072656174656420696E20495352730A00F0
:10B96000574553545F544F504449522F7A6570687D
:10B9700079722F6B65726E656C2F73636865642EC8
:10B980006300217A5F69735F69646C655F746872D4
:10B990006561645F6F626A6563742874687265616B
:10B9A000642900574553545F544F504449522F7AED
:10B9B00065706879722F6B65726E656C2F696E6346
:10B9C0006C7564652F6B7468726561642E68005FC6
:10B9D0006B65726E656C2E637075735B305D2E6384
:10B9E000757272656E7420213D202828766F696417
:10B9F000202A2930290073697A656F66285F73638E
:10BA00006865645F7370696E6C6F636B29203D3D80
:10BA10002030207C7C206C6F636B20213D20265FD2
:10BA200073636865645F7370696E6C6F636B005FEE
:10BA30006B65726E656C2E637075735B305D2E6323
:10BA4000757272656E742D3E626173652E736368E4
:10BA500065645F6C6F636B656420213D2031550028
:10BA60005F6B65726E656C2E637075735B305D2EF7
:10BA700063757272656E742D3E626173652E7363B9
:10BA80006865645F6C6F636B656420213D20305591
:10BA900000217465726D696E617465000961626F81
:10BAA00072746564205F63757272656E7420626182
:10BAB000636B2066726F6D20646561640A002165A6
:10BAC0007373656E7469616C000961626F7274658D
:10BAD0006420657373656E7469616C207468726547
:10BAE00061642025700A000963616E6E6F74206ABC
:10BAF0006F696E20696E204953520A0057455354AE
:10BB00005F544F504449522F7A65706879722F6B99
:10BB100065726E656C2F74696D65736C6963696EAF
:10BB2000672E6300282874696D656F757429202657
:10BB30002620282875696E747074725F7429202815
:10BB4000736C6963655F74696D656F7574732929BA
:10BB5000203C3D20282875696E747074725F7429CA
:10BB6000202874696D656F75742929202626202880
:10BB70002875696E747074725F7429202874696DF9
:10BB8000656F75742929203C20282875696E7470AA
:10BB900074725F742920282628736C6963655F744A
:10BBA000696D656F757473295B282873697A655FA1
:10BBB000742920282828696E74292073697A656F92
:10BBC0006628636861725B31202D2032202A202193
:10BBD00028215F5F6275696C74696E5F7479706546
:10BBE000735F636F6D70617469626C655F70285F0D
:10BBF0005F747970656F665F5F28736C6963655FFA
:10BC000074696D656F757473292C205F5F7479702A
:10BC1000656F665F5F282628736C6963655F74696A
:10BC20006D656F757473295B305D2929295D292045
:10BC30002D203129202B202873697A656F6628739F
:10BC40006C6963655F74696D656F75747329202F06
:10BC50002073697A656F662828736C6963655F7401
:10BC6000696D656F757473295B305D292929295DBC
:10BC700029292026262028282875696E7470747258
:10BC80005F7429202874696D656F75742929202DCA
:10BC900020282875696E747074725F742920287367
:10BCA0006C6963655F74696D656F757473292929A3
:10BCB00020252073697A656F662828736C6963652F
:10BCC0005F74696D656F757473295B305D29203D04
:10BCD0003D20302900574553545F544F504449523A
:10BCE0002F7A65706879722F6B65726E656C2F7430
:10BCF000696D656F75742E6300217379735F646E6F
:10BD00006F64655F69735F6C696E6B656428267428
:10BD10006F2D3E6E6F64652900574553545F544F35
:10BD2000504449522F7A65706879722F6B65726E34
:10BD3000656C2F6D656D706F6F6C2E630028616C84
:10BD400069676E20262028616C69676E202D20317E
:10BD50002929203D3D20300009616C69676E206D06
:10BD6000757374206265206120706F776572206F33
:10BD70006620320A00616C69676E203D3D203020EC
:10BD80007C7C20282875696E747074725F74296DCC
:10BD9000656D20262028616C69676E202D20312971
:10BDA00029203D3D203000096D6973616C69676E23
:10BDB0006564206D656D6F72792061742025702037
:10BDC00028616C69676E203D20257A75290A005725
:10BDD0004553545F544F504449522F7A65706879E7
:10BDE000722F6B65726E656C2F6B686561702E6368
:10BDF0000068656170203C3D205F6B5F6865617025
:10BE00005F6C6973745F656E6400737973776F72CA
:10BE10006B710000202020202020202020282828AE
:10BE20002828202020202020202020202020202002
:10BE3000202020208810101010101010101010104A
:10BE4000101010100404040404040404040410106A
:10BE50001010101010414141414141010101010107
:10BE600001010101010101010101010101010110B3
:10BE700010101010104242424242420202020202DC
:10BE80000202020202020202020202020202021084
:10BE90001010102000000000000000000000000052
:10BEA0000000000000000000000000000000000092
:10BEB0000000000000000000000000000000000082
:10BEC0000000000000000000000000000000000072
:10BED0000000000000000000000000000000000062
:10BEE0000000000000000000000000000000000052
:10BEF0000000000000000000000000000000000042
:10BF00000000000000000000000000000000000031
:10BF100000000000696E697479005245454E542056
:10BF20006D616C6C6F6320737563636565646564D4
:10BF3000002F5F5F772F5F74656D702F776F726B67
:10BF400073706163652F6275696C642F2E62756909
:10BF50006C642F61726D2D7A65706879722D6561E0
:10BF600062692F7372632F6E65776C69622D6E61E3
:10BF70006E6F2F6E65776C69622F6C6962632F73C9
:10BF80007472696E672F737472746F6B2E63002CFA
:10BF90002066756E6374696F6E3A20006173736515
:10BFA0007274696F6E2022257322206661696C6548
:10BFB000643A2066696C6520222573222C206C6906
:10BFC0006E65202564257325730A0042616C6C6FD1
:10BFD0006320737563636565646564002F5F5F77D5
:10BFE0002F5F74656D702F776F726B73706163650F
:10BFF0002F6275696C642F2E6275696C642F617293
:10C000006D2D7A65706879722D656162692F737222
:10C01000632F6E65776C69622D6E616E6F2F6E6532
:10C02000776C69622F6C6962632F7374646C6962E8
:10C030002F6764746F612D6765746865782E63007F
:10C04000504F534958002F5F5F772F5F74656D70B5
:10C050002F776F726B73706163652F6275696C64A3
:10C060002F2E6275696C642F61726D2D7A65706810
:10C0700079722D656162692F7372632F6E65776CBB
:10C0800069622D6E616E6F2F6E65776C69622F6CC1
:10C090006962632F7374646C69622F6D707265637B
:10C0A0002E6300232D302B2000686C4C00656667E2
:10C0B00045464700303132333435363738396162DE
:10C0C00063646566000000008B6B0600B5690600BE
:10C0D00000000000C55F060000000000C55F06000C
:10C0E00091C10500B569060000000000C55F0600AB
:10C0F00000000000C55F0600B5A20500B569060096
:10C100002DB60500B569060000000000C55F0600F9
:10C1100000000000C55F060000000000C55F0600CB
:10C1200000000000C55F060000000000C55F0600BB
:10C1300000000000C55F060000000000C55F0600AB
:10C1400000000000C55F06006DC50500B56906006A
:10C1500000000000C174050000000000C55F06007B
:10C1600000000000C55F060000000000C55F06007B
:10C1700000000000C55F060000000000C55F06006B
:10C1800000000000C55F060000000000C55F06005B
:10C1900000000000C55F060000000000C55F06004B
:10C1A00000000000C55F060025AC0500B56906006B
:10C1B00000000000C55F060000000000C55F06002B
:10C1C00000000000C55F060000000000C55F06001B
:10C1D00000000000C55F060000000000C55F06000B
:10C1E00000000000C55F060000000000C55F0600FB
:10C1F00000000000C55F060000000000C55F0600EB
:10C20000AD480500B569060000000000C55F0600E6
:10C2100000000000C55F060000000000C55F0600CA
:10C2200000000000C55F060000000000C55F0600BA
:10C2300000000000C55F060000000000C55F0600AA
:08C2400000000000C55F0600CC
:10C2900004050020D3810200D9810200DB81020065
:10C2A00001820200DF8102000F820200E5810200AC
:10C2B0001B820200EB81020021820200F781020052
:10C2C000FB810200ED810200F38102000B8202007B
:10C2D000158202000000000018FCFFFFFFFFFFFFB7
:10C2E000000000000000000000000000000000004E
:10C2F000000000000000000000000000040000003A
:10C30000000000000000000000000000000000002D
:10C31000000000000000000000000000000000001D
:10C32000000000000000000000000000000000000D
:10C3300000000000000000000000000000000000FD
:10C3400000000000000000000000000000000000ED
:10C3500000000000000000000000000000000000DD
:10C3600000000000000000000000000000000000CD
:10C3700000000000000000000000000000000000BD
:10C3800000000000000000000000000000000000AD
:10C390000000000000090020EC08002000C201009D
:10C3A0000000080000000000000000000000000085
:10C3B0000000000000000000000000002C0600202B
:10C3C0002C06002000000000010000003C060020B8
:10C3D0003C060020000000000100000000000000FA
:10C3E000000000000000000000000000000000004D
:10C3F000000000000000000000000000000000003D
:10C40000000000000000000000000000000000002C
:10C41000000000000000000000000000000000001C
:10C42000000000000000000000000000000000000C
:10C4300000000000000000000000000000000000FC
:10C4400000000000000000000000000000000000EC
:10C450000000000000000000E50300000A000000EA
:10C4600000F003200000C07F0000C07F00007A3D84
:10C470000000003AA69B443A0000803FA69B443A45
:10C480000000803F0000C8410000803F0000803F66
:10C490000000803F295C8F3D0000003A686000206A
:10C4A0000200000078600020010000000000803FD2
:10C4B0000000000000000000000000000600000076
:10C4C0000000C8410000C84140890600608906009C
:10C4D000FFFFFFFFFFFFFFFF010000000000803FA4
:10C4E0000000000000000000000000000000803F8D
:10C4F0000000000000000000000000000000803F7D
:10C500000000000000000000000000000000803F6C
:10C51000000000000000000000000000FC7C06009D
:10C5200000000000EC470700F5470700A93B0700A3
:10C53000FE470700064807000D480700713B07004B
:10C54000793B0700803B0700873B07008F3B0700D4
:10C55000154807001D48070025480700973B0700BE
:10C5600035480700404807004A4807005F48070071
:10C570009F3B070060890600D4860600608906009C
:10C5800060890600608906006089060060890600EF
:10C59000A487060070870600D8870600D8870600A3
:10C5A0006089060018880600188806004C88060076
:10C5B0004C880600608906008C8806008C8806007E
:10C5C00008870600088706003C8706003C870600AF
:10C5D00069480700710607007048070077480700A0
:10C5E00089480700924807009B480700A5480700B4
:10C5F000BD480700C9480700D3480700DF480700C7
:10C60000F4480700FC48070022490700E734070008
:10C6100035490700583B07003D49070051490700CD
:10C62000584907005F4907006A490700BB3C0700FB
:10C630007549070079490700B47C06000000000036
:10C6400000000000000000000000000000000000EA
:10C65000000000000000000000000000FFFFFFFFDE
:10C66000FFFFFFFFFFFFFFFFFFFFFFFFD1500600AF
:10C67000A75A0600188B060000000000803D01202C
:10C68000000000000000000000000000001000009A
:10C69000804D0120000000000000000000000000AC
:10C6A0000010000015130500800000004D0F05006C
:10C6B000000000004D0F0500800000003360060000
:10C6C00037600600952D0500800000000000000086
:10C6D00000000000ED630600000000000000000004
:10C6E00000000000ED630600000000008001000073
:10C6F00000000000AB640600000000000000000025
:10C7000000000000196506000000000001000000A4
:10C710000000000000000000000000000000000019
:10C72000000000000000000000A000400000000029
:10C73000000000000C0000000000000000000000ED
:10C7400000A0004000000000810000000C0000007C
:10C75000000000000000000000A0004000000000F9
:10C760007C0000000C00000000000000E7E7E7E7A5
:10C77000C2C2C2C2E7C2C3C4C5C6C7C80805FF0259
:10C780000000000000A0004000040000FF000000C6
:10C790003F000000FFFF0700900200000C0A00208D
:10C7A0000C0A0020180A002000000000009A060071
:10C7B000E0990600C099060000000000000000009B
:10C7C0000000000000000000000000000000000069
:10C7D0000000000000000000000000000000000059
:10C7E0000000000000000000000000000000000049
:10C7F0000000000000000000000000000000000039
:10C8000000000000000000004300000000000000E5
:10C810000000000000000000000000000000000018
:10C8200000000000000000004300000000000000C5
:10C8300000000000000000000000000000000000F8
:10C8400000000000000000004300000000000000A5
:10C8500000000000000000000000000000000000D8
:10C860000000000000000000430000000000000085
:10C8700000000000000000000000000000000000B8
:10C880000000000000000000430000000000000065
:10C890000000000000000000000000000000000098
:10C8A0000000000000000000430000000000000045
:10C8B0000000000000000000000000000000000078
:10C8C0000000000000000000430000000000000025
:10C8D0000000000000000000000000000000000058
:10C8E0000000000000000000B57706008974060013
:10C8F0000000000013BE07002BEC0600CCB50700BB
:10C90000CCB50700CCB50700CCB50700CCB5070007
:10C91000CCB50700CCB50700CCB50700CCB50700F7
:10C92000FFFFFFFFFFFFFFFFFFFFFFFFFFFF000015
:10C93000010041534349490000000000000000008D
:10C9400000000000000000000000000000000000E7
:10C95000000041534349490000000000000000006E
:10C9600000000000000000000000000000000000C7
:10C9700000000000B400FFFFFFFFFFFFFFFFFFFF0D
:10C98000FFFFFFFFFFFFFFFFFFFFFFFFFFFFFFFFB7
:10C99000FFFFFFFFFFFFFFFFFFFFFFFFFFFFFFFFA7
:10C9A000FFFFFFFFFFFFFFFFFFFFFFFF0080FFFF15
:10C9B000010800000000000000000000000000006E
:10C9C0000000000000000000000000000000000067
:10C9D0000000000000000000000000000000000057
:10C9E0000000000000000000000000000000000047
:10C9F0000000000000000000000000000000010036
:10CA00000000000000000000000000000000000026
:10CA10000000000000000000000000000000000016
:10CA20000000000000000000000000000000000006
:10CA300000000000000000000000000000000000F6
:10CA400000000000000000000000001201FFFF03D2
:10CA5000FFFFFFFF01FFFF0C040C0401FFFFFFFFBE
:0DCA6000700403FFFF0101010101FFFF0051
:10CA6D0000000000000000000000000000000000B9
:10CA7D0000000000000000000000000000000000A9
:03CA8D00000000A6
:10CA90000000000000000000000000000000000096
:10CAA0000000000000000000000000000000000086
:10CAB0000000000000000000000000000000000076
:0CCAC0000000000000000000000000006A
:04CACC000000000066
:10CAD000400D0020400D002000000000003B012020
:10CAE0000000000020000000140000000000000012
:10CAF00000000000002901200010000000000000DC
:08CB000000000000000000002D
:10CB0800780D0020780D00200000000000000000D3
:10CB18000E0000008C0D00208C0D0020000000008D
:10CB2800000000000E000000A00D0020A00D002055
:10CB380000000000000000000E000000B40D0020FE
:10CB4800B40D002000000000000000000E000000EE
:10CB5800C80D0020C80D00200000000000000000E3
:10CB68000E000000DC0D0020DC0D0020000000009D
:10CB7800000000000E000000F00D0020F00D002065
:0CCB880000000000000000000E00000093
:10CB9400040E0020040E002000000000200000000D
:10CBA4001000000000390120003B01200039012061
:0CCBB4000039012000000000000000001B
:10CBC000300E0020300E00200100000001000000A7
:10CBD000400E0020400E0020000000000100000078
:10CBE0000000000000000000000000005C0E0020BB
:10CBF0005C0E0020000000000000000000000000AB
:10CC0000700E0020700E00200000000000000000E8
:0CCC100000000000840E0020840E0020B4
:10CC1C0012010002EF020140091292760104010296
:10CC2C00030109020000000100E032080B000202BF
:10CC3C00020000090400000102020000052400109B
:10CC4C000105240102010424020205240600010747
:10CC5C0005800310000A09040100020A0000000705
:10CC6C000580024000000705000240000009040096
:10CC7C00000103010000092111010001220000073D
:10CC8C00058003400000040309041A03536565651D
:10CC9C00642053747564696F00000000000000008C
:10CCAC00000000003803536C696D654E52462054E9
:10CCBC007261636B6572205849414F2053656E73E6
:10CCCC0065000000000000000000000000000000F3
:10CCDC0000000000000000000000000022033031C2
:10CCEC0032333435363738394142434445460000F7
:10CCFC000000000000000000000000000000000028
:10CD0C0000000000AF0E0020895D060051150500E3
:10CD1C00B11205000000000000000000030000003C
:10CD2C001409002000000000E90E002095600600A8
:10CD3C00CD2F0500052E050000000000A92C0500D4
:08CD4C00010000003409002081
:04CD540015E015E0F1
:040000035000217D0B
:00000001FF
